id,vote_event_id,option,value
d4360c44-c02d-4aba-b5b9-b886b1d949b3,ocd-vote/2ccf0771-2c02-4975-8d4e-5eb0d30cee55,other,24
a7f01974-8f67-4265-8999-0f22813024b9,ocd-vote/2ccf0771-2c02-4975-8d4e-5eb0d30cee55,no,176
8172a85c-446f-4667-befd-e576dbe75fe0,ocd-vote/2ccf0771-2c02-4975-8d4e-5eb0d30cee55,yes,196
9783ccb2-ed8c-4bd5-b1df-a388fa0399f3,ocd-vote/a038e355-21c4-4aa2-be3b-4a99d1815121,other,24
8a8c5de3-1936-4355-91cc-8a120eecf90d,ocd-vote/a038e355-21c4-4aa2-be3b-4a99d1815121,no,180
a346c27a-0ad0-44c9-b750-ddccbe4a7a67,ocd-vote/a038e355-21c4-4aa2-be3b-4a99d1815121,yes,192
eb33d0dc-cfb3-4fbd-941c-c0cce01aa0b8,ocd-vote/4b6f9f2c-d461-45b9-baef-f2dce15bbc41,other,52
f9dff3e8-801b-4433-b947-e6a01e6ea5b3,ocd-vote/4b6f9f2c-d461-45b9-baef-f2dce15bbc41,no,105
e68b3b1f-e426-4d1a-8455-5290616815c2,ocd-vote/4b6f9f2c-d461-45b9-baef-f2dce15bbc41,yes,238
dba9d491-ba1d-42d7-9c61-8233e742a1a1,ocd-vote/038603da-dd85-408f-874f-de409241afc6,other,1
ef5e1bb3-a743-487a-b196-67d791677414,ocd-vote/038603da-dd85-408f-874f-de409241afc6,no,0
3f5b7f9e-e61c-420c-933c-bd2a51b9dabd,ocd-vote/038603da-dd85-408f-874f-de409241afc6,yes,23
7007f564-5fbf-4c23-a2e7-8f3cefdee536,ocd-vote/cf6d96cf-1731-42ee-b89e-882eaec144ae,other,32
1c164e76-5720-4814-b67e-2118de0bb8ea,ocd-vote/cf6d96cf-1731-42ee-b89e-882eaec144ae,no,182
ae432c39-975f-451f-985e-ee3d65ac04c3,ocd-vote/cf6d96cf-1731-42ee-b89e-882eaec144ae,yes,182
c825cdeb-fb57-4268-bb2e-30888887e984,ocd-vote/7b9af4c3-2c11-4992-ae7d-db472fe41525,other,23
75363df7-a7ed-4fbd-b1e6-b524f92223ba,ocd-vote/7b9af4c3-2c11-4992-ae7d-db472fe41525,no,185
31720f66-ce66-4868-b1b7-e870afc2cdcf,ocd-vote/7b9af4c3-2c11-4992-ae7d-db472fe41525,yes,186
d8943612-dd80-4088-959f-e32ae92f532c,ocd-vote/1211d75b-e47b-46d5-874d-7519b9f6ebef,no,10
0a640aa4-c622-48b7-81c1-f93873b6b693,ocd-vote/1211d75b-e47b-46d5-874d-7519b9f6ebef,yes,14
507b30b8-5fe5-4c7c-9a20-8f54fee05087,ocd-vote/cdc616f1-6ba4-408c-9b03-77f3cb17cee6,no,1
215ded07-6d70-4ab5-9546-e40761644407,ocd-vote/cdc616f1-6ba4-408c-9b03-77f3cb17cee6,yes,23
2052faa4-e19a-4c30-9ca4-bd17de38ade5,ocd-vote/336fc554-08f0-4c0e-a04a-9942975d6f84,other,25
031ab345-2dde-4300-b4fd-c5edc0195ff5,ocd-vote/336fc554-08f0-4c0e-a04a-9942975d6f84,no,194
b9adca3f-eea7-4aea-a6f0-d9e2644a1d3d,ocd-vote/336fc554-08f0-4c0e-a04a-9942975d6f84,yes,175
08660c47-5b46-4ace-b904-95ddcafecd4e,ocd-vote/6cc2ca15-a168-42b8-bfc0-638d938e94a5,other,47
0dae5611-5ae2-4676-93e0-8dde4bf29f55,ocd-vote/6cc2ca15-a168-42b8-bfc0-638d938e94a5,no,183
06d7a468-5a36-48a3-98ee-379050e9595c,ocd-vote/6cc2ca15-a168-42b8-bfc0-638d938e94a5,yes,164
ff820bd2-4abc-405a-943e-a0a97d6fe9c0,ocd-vote/1ebdbccb-2f07-4505-b253-2529fcaec8a4,other,9
857c7b21-2e40-4bf9-8caa-e9eb34f075d1,ocd-vote/1ebdbccb-2f07-4505-b253-2529fcaec8a4,no,187
21f34841-0315-4b79-a7b1-779ef4db23fe,ocd-vote/1ebdbccb-2f07-4505-b253-2529fcaec8a4,yes,198
7300b7af-df66-4979-aaa0-e5d80ae3f6b7,ocd-vote/878b4e6a-9c73-4533-a934-83d65215a599,other,48
c9e1f848-14d8-47e6-8624-ff3e49803c85,ocd-vote/878b4e6a-9c73-4533-a934-83d65215a599,no,12
e7eafe5f-2259-4d5a-8d47-14e79d0e7260,ocd-vote/878b4e6a-9c73-4533-a934-83d65215a599,yes,333
aeaf5c8e-ae7e-4989-a028-d5532f1cfa81,ocd-vote/6cd11e39-b264-4fc5-ac76-088503db63ed,other,33
ef2bfd27-4fa2-4b05-ab49-e94d2d5a0b00,ocd-vote/6cd11e39-b264-4fc5-ac76-088503db63ed,no,193
2642a998-5f9e-40c0-af32-957ee2d0f7ef,ocd-vote/6cd11e39-b264-4fc5-ac76-088503db63ed,yes,168
f6dfec3a-9393-4602-8632-d38e37cc27cf,ocd-vote/e0ef77a2-647c-4678-8b80-cba076fb64d4,no,13
405127cb-ba24-4454-8ca4-9c5f20869db9,ocd-vote/e0ef77a2-647c-4678-8b80-cba076fb64d4,yes,11
eb59098e-259e-4ea8-ae57-5941c5375363,ocd-vote/4e7cf57f-d996-4d10-a7e7-cbce1a144947,other,15
3a0da86a-819a-41cb-b35b-cc6d4eceecaf,ocd-vote/4e7cf57f-d996-4d10-a7e7-cbce1a144947,no,123
d65005ef-aaa5-4e22-b161-b03e363ebc2b,ocd-vote/4e7cf57f-d996-4d10-a7e7-cbce1a144947,yes,257
0394e707-255f-4b40-842e-30d48b6738df,ocd-vote/c565610f-480a-4518-9b20-9ef5593daf4b,other,15
aedf0a6b-c533-4cc3-b09e-6bcd11080457,ocd-vote/c565610f-480a-4518-9b20-9ef5593daf4b,no,196
0cdb3d65-7927-4473-a00a-5956ae1cdb05,ocd-vote/c565610f-480a-4518-9b20-9ef5593daf4b,yes,184
fb44e90c-69ea-42da-b868-01dc68f59f1d,ocd-vote/a143ca25-3588-4553-a117-3e8f89c85a2b,other,45
dee707ae-abe1-4bd3-b811-c04d4542a59d,ocd-vote/a143ca25-3588-4553-a117-3e8f89c85a2b,no,84
c0d1ab56-a269-4278-be03-44fa792a1404,ocd-vote/a143ca25-3588-4553-a117-3e8f89c85a2b,yes,266
b1e69f5b-31ed-4dd2-a947-aa1184116232,ocd-vote/9fe041db-7384-4754-bca1-324c75f8e9a4,other,25
c87a2f95-7534-4086-b3df-d4eb5e25e85a,ocd-vote/9fe041db-7384-4754-bca1-324c75f8e9a4,no,183
5aee673b-c386-4b38-b788-5b96c36bcb41,ocd-vote/9fe041db-7384-4754-bca1-324c75f8e9a4,yes,187
3dbd474b-3680-4ea3-87d4-24011cd6e0f9,ocd-vote/762b7786-6dd4-47ba-a81e-e96d90f064e5,no,10
9c2b87cf-1f1f-490f-8065-ce230caca709,ocd-vote/762b7786-6dd4-47ba-a81e-e96d90f064e5,yes,14
2ce8e683-3c76-429f-9412-9029b3013b04,ocd-vote/cbb5a2c0-4ee4-4f4a-a83f-7ae720458df4,other,1
68dae08c-e35e-4c2b-900d-e68d8f8fdb45,ocd-vote/cbb5a2c0-4ee4-4f4a-a83f-7ae720458df4,no,0
355c1aad-c214-4a2d-b237-1b62cb79653b,ocd-vote/cbb5a2c0-4ee4-4f4a-a83f-7ae720458df4,yes,23
c306a3d6-c214-455b-89d3-74e98ab5c922,ocd-vote/6f52deab-b59b-48bd-83fc-5ce16fabbffb,other,27
af01ecb8-62c0-498f-af05-8afc929e6880,ocd-vote/6f52deab-b59b-48bd-83fc-5ce16fabbffb,no,182
3aede532-f80a-4d75-be4e-d33071ae4f8f,ocd-vote/6f52deab-b59b-48bd-83fc-5ce16fabbffb,yes,187
77b4b03f-5eb4-4fd1-b30b-e54a0956d085,ocd-vote/9a3fa7fb-ab20-479e-881e-c713a5bd144f,other,46
681e39f3-4ff9-4f3e-bcbd-ab23eb74eea3,ocd-vote/9a3fa7fb-ab20-479e-881e-c713a5bd144f,no,232
ae16b03e-dac4-499e-927e-589dbbf3ff9c,ocd-vote/9a3fa7fb-ab20-479e-881e-c713a5bd144f,yes,117
900360df-5221-45e6-a7d6-6ac3948fcddb,ocd-vote/7ea44ef4-f809-40ac-a499-c63f32f64aa3,other,35
7ecb28c2-826c-40b7-bacb-ea81693f8929,ocd-vote/7ea44ef4-f809-40ac-a499-c63f32f64aa3,no,4
28d8576c-54c7-47a3-a9a8-cc0f13b7b7a5,ocd-vote/7ea44ef4-f809-40ac-a499-c63f32f64aa3,yes,356
3df9366a-70ac-4eab-b3fa-f9e46d176fd0,ocd-vote/9b89b8c8-8a20-42a5-be79-9de5f08b7b1a,no,12
063aa608-1378-4cd8-93b5-dcf69f037793,ocd-vote/9b89b8c8-8a20-42a5-be79-9de5f08b7b1a,yes,12
8fde2794-6e7e-4fe0-93d5-8c4c0b5d15bc,ocd-vote/d3a840e3-f10a-4dfb-9ccd-b5f8c2ad81a4,no,24
e2e6cf06-2220-414f-a682-90d7c2f0deb6,ocd-vote/d3a840e3-f10a-4dfb-9ccd-b5f8c2ad81a4,yes,0
17162ee9-06bf-4124-96b6-5ebd8dd13f11,ocd-vote/ab069786-edb6-4285-80fb-d8a775460a99,other,1
638986bf-3806-4601-bb34-4a1584ddd6bf,ocd-vote/ab069786-edb6-4285-80fb-d8a775460a99,no,10
86b11cbb-3e14-4907-9823-1baaec88fe05,ocd-vote/ab069786-edb6-4285-80fb-d8a775460a99,yes,13
a52863ab-bba6-4cc6-941c-f4e6d3c8fa1c,ocd-vote/4209627e-ba32-4b40-8a5f-f9761fef310e,other,1
bcf26ccd-e70a-4edf-87c2-98b81cba443a,ocd-vote/4209627e-ba32-4b40-8a5f-f9761fef310e,no,10
7757becc-eb65-418e-b3d6-506cf4714fdb,ocd-vote/4209627e-ba32-4b40-8a5f-f9761fef310e,yes,13
78978c2f-fab8-4fb5-83d5-5b6e6f0f2777,ocd-vote/b49b6f9a-e392-417a-946f-97c4390d48dd,other,1
9bb9c374-c2cf-4461-8bf3-b58daa2eb203,ocd-vote/b49b6f9a-e392-417a-946f-97c4390d48dd,no,0
a8d57cea-b2f0-4644-9895-215985aa7d19,ocd-vote/b49b6f9a-e392-417a-946f-97c4390d48dd,yes,23
65318b1a-12cc-4042-af4d-38cb269fa7e1,ocd-vote/ad3f3df8-eee3-4fe0-8f0d-81eea2da5278,other,24
a31d5e05-86f7-46c2-aa3e-3e976bc55a19,ocd-vote/ad3f3df8-eee3-4fe0-8f0d-81eea2da5278,no,152
c3365831-9dc2-497a-a717-b5fdc37e6a4c,ocd-vote/ad3f3df8-eee3-4fe0-8f0d-81eea2da5278,yes,220
d061efd3-62f6-488b-aaf0-e1aca8f28568,ocd-vote/96a725d0-2e45-4088-b390-0442beb680dd,other,25
cabe60e4-f5e7-469a-b2d9-213879a01bcd,ocd-vote/96a725d0-2e45-4088-b390-0442beb680dd,no,193
a37609ac-4ed5-4d7d-b8db-7f303150716e,ocd-vote/96a725d0-2e45-4088-b390-0442beb680dd,yes,176
795c02cc-0940-4c1c-85be-4dd6013dba9c,ocd-vote/bfd7063e-f9d2-4746-907c-a2e668176866,other,28
32e2cfb6-cd9b-4e6b-9742-0bfd790fdfca,ocd-vote/bfd7063e-f9d2-4746-907c-a2e668176866,no,76
733965e0-267d-4240-9f02-b1f11e9e2868,ocd-vote/bfd7063e-f9d2-4746-907c-a2e668176866,yes,290
86cba638-9e43-4e9f-82df-a6789adaf7a4,ocd-vote/505df157-114d-428d-80fa-2ab41fe829bc,other,11
9347964b-53ce-4376-bafb-11b5f51b23f3,ocd-vote/505df157-114d-428d-80fa-2ab41fe829bc,no,195
ed7c3a8b-8502-4d4a-a25f-594339203954,ocd-vote/505df157-114d-428d-80fa-2ab41fe829bc,yes,189
846be6c7-bd3a-4946-9778-4f174f591aa0,ocd-vote/c55d1902-1567-426b-bca9-702036785e44,other,1
e6de0f3a-eb3b-42d8-8691-1e36727a17c2,ocd-vote/c55d1902-1567-426b-bca9-702036785e44,no,9
6265f5e5-a2fd-41a3-9cae-afb96f78d57f,ocd-vote/c55d1902-1567-426b-bca9-702036785e44,yes,14
f2741f40-9435-4e8c-a63b-2c222bcc701a,ocd-vote/e7efda07-835b-441e-89bf-491a2d76228b,other,33
45e1d00c-bd3c-450b-b0eb-95a724b36d21,ocd-vote/e7efda07-835b-441e-89bf-491a2d76228b,no,103
432c0bf1-541d-4766-9950-bd2cb9c2f0de,ocd-vote/e7efda07-835b-441e-89bf-491a2d76228b,yes,260
b16dc315-9c28-4afb-a18a-9a37e4ea66cf,ocd-vote/4dbc54f4-d563-4263-a08c-2c748bcfd081,no,10
7fff9536-b6c3-499d-a0bc-7cfa13d5980b,ocd-vote/4dbc54f4-d563-4263-a08c-2c748bcfd081,yes,14
6778eaf8-26c6-49b5-8482-c613132191b6,ocd-vote/105176b3-21bf-41cc-9425-6694ec1cfc1d,other,12
9b53bf88-968b-45aa-b9f4-b7a276c478ca,ocd-vote/105176b3-21bf-41cc-9425-6694ec1cfc1d,no,191
6ba416fc-b851-4fdc-860c-1e7613263ae8,ocd-vote/105176b3-21bf-41cc-9425-6694ec1cfc1d,yes,192
d90e9055-6f88-48cb-9b8e-8bd44462fc39,ocd-vote/c4d52bc1-ea18-4d2c-84f8-13f9f995dcb3,other,30
50b36daf-7ed6-4723-8208-6e4c9a130ca7,ocd-vote/c4d52bc1-ea18-4d2c-84f8-13f9f995dcb3,no,190
7ba80ae5-100a-4067-b8e8-014f7c6ddd43,ocd-vote/c4d52bc1-ea18-4d2c-84f8-13f9f995dcb3,yes,174
b110910d-ae55-4fa6-944f-da64e7b33591,ocd-vote/678072a2-b039-4358-9256-8992c1c8f854,other,17
1bcac891-c59f-4b45-9949-4c9034099eab,ocd-vote/678072a2-b039-4358-9256-8992c1c8f854,no,87
b5aabb16-f5dd-45ab-bb55-5a40e0b9aed8,ocd-vote/678072a2-b039-4358-9256-8992c1c8f854,yes,291
d42221dd-9a6b-4a0e-a1b9-90b21971d031,ocd-vote/4dd57efd-bdde-4104-9708-8f6f5a2b9de2,no,10
d128c049-549e-4e29-827d-466196f54c89,ocd-vote/4dd57efd-bdde-4104-9708-8f6f5a2b9de2,yes,14
906ec278-200b-43de-8eb6-90ea7c92296f,ocd-vote/ca081a27-2e3c-408f-a4ab-c46f661e6a0d,no,14
3b96a531-212f-4633-a115-b58cb8a58887,ocd-vote/ca081a27-2e3c-408f-a4ab-c46f661e6a0d,yes,10
808553eb-e7f3-411e-ac35-8d8f59528064,ocd-vote/e9a09703-1e16-47a3-a4f7-a19342b4a46b,no,10
f27cbcaf-0eb5-41c3-968e-5833d09a9902,ocd-vote/e9a09703-1e16-47a3-a4f7-a19342b4a46b,yes,14
c958ec51-ed2a-4d70-9185-b364893713d0,ocd-vote/689832cc-2dcd-4619-b082-7460f600bdc7,other,37
b3fc1e5e-5664-45e7-bcaf-aed2fb33eb4f,ocd-vote/689832cc-2dcd-4619-b082-7460f600bdc7,no,191
0598720f-140b-4772-b3b6-cddf208959bc,ocd-vote/689832cc-2dcd-4619-b082-7460f600bdc7,yes,166
7014aa26-4904-43ae-98e8-5e78225c4d15,ocd-vote/499ccfeb-6379-4e21-b871-9e254ee5929c,no,10
b899cc8e-9a10-438a-94e4-39bcb89f512f,ocd-vote/499ccfeb-6379-4e21-b871-9e254ee5929c,yes,14
804db0f3-e314-499a-aa7a-703b9bcb45da,ocd-vote/55fcfa43-8ec0-4471-8051-0236f7dd997f,other,25
757ad2f7-57af-4b1d-8778-a2426fa98e08,ocd-vote/55fcfa43-8ec0-4471-8051-0236f7dd997f,no,192
b9b5d75c-7e01-4fb2-bc95-1827b2704a5f,ocd-vote/55fcfa43-8ec0-4471-8051-0236f7dd997f,yes,179
183756a1-35fc-4068-82e9-0c7682af2919,ocd-vote/75d9a321-3341-4dd5-a699-f8e41f9136f3,other,15
0c4110c1-8e85-4868-b7b3-43c2c832ff1c,ocd-vote/75d9a321-3341-4dd5-a699-f8e41f9136f3,no,104
6b36a3ff-c587-41ab-b3c0-e6a639e6e7df,ocd-vote/75d9a321-3341-4dd5-a699-f8e41f9136f3,yes,276
cf6c1459-98bf-41f1-9d8e-97bdd1bebd5d,ocd-vote/80c3ff26-349f-44d5-9748-f1725b3a0672,no,14
5e5eb35e-88f7-4d63-a39e-d1e34fb3c78b,ocd-vote/80c3ff26-349f-44d5-9748-f1725b3a0672,yes,10
52e1983f-d75d-4337-91a0-a338a1e9ef89,ocd-vote/a47fe152-dbeb-4117-999d-ba970c9c65b7,other,26
4b6da151-1a13-464c-aca4-067fdfedca7c,ocd-vote/a47fe152-dbeb-4117-999d-ba970c9c65b7,no,186
4c4ea576-2055-4507-865e-8a4b3eb2c759,ocd-vote/a47fe152-dbeb-4117-999d-ba970c9c65b7,yes,184
55b817f2-c8d3-4872-82ae-ba4ed9f55ea8,ocd-vote/97054607-ef7e-4eaf-9720-5c26f2efd054,no,23
d497362d-cba8-4c87-94e6-49e43b99a621,ocd-vote/97054607-ef7e-4eaf-9720-5c26f2efd054,yes,1
ca494de5-b4dd-4b66-bac5-595dcebd6f1c,ocd-vote/d9ae81ea-3d0d-4d5b-a5bc-245367e61aa6,other,34
5b7a7cd4-cfe6-4798-893b-632b25792ae2,ocd-vote/d9ae81ea-3d0d-4d5b-a5bc-245367e61aa6,no,181
86ec892a-24d1-4dd0-beb4-707dc5f97205,ocd-vote/d9ae81ea-3d0d-4d5b-a5bc-245367e61aa6,yes,182
9ab9c57f-e01c-4e1b-a210-a72ae9d212b0,ocd-vote/69290c16-6611-4848-bf6c-c89fda3cfe98,no,10
0fc78b16-4aec-46dc-a096-2b1c5681a55c,ocd-vote/69290c16-6611-4848-bf6c-c89fda3cfe98,yes,14
a2e9de88-5bcf-4ceb-9220-a522de1666a3,ocd-vote/d0ffafc2-9935-42e9-9e92-eae24c5cf91c,other,1
ca42ffbc-b442-4ab7-9df7-92c1676169e8,ocd-vote/d0ffafc2-9935-42e9-9e92-eae24c5cf91c,no,10
66ae4bf0-c062-4b72-bfbf-d0b833635fce,ocd-vote/d0ffafc2-9935-42e9-9e92-eae24c5cf91c,yes,13
159849b5-cbd4-4296-ad27-e689f4b6f183,ocd-vote/138f1613-ea69-498a-978a-20aed2b8845f,other,43
ae0e9edf-4692-4364-91c1-049ea3cd82e0,ocd-vote/138f1613-ea69-498a-978a-20aed2b8845f,no,155
677eed72-bd5b-47e6-b48f-490667ed0e34,ocd-vote/138f1613-ea69-498a-978a-20aed2b8845f,yes,199
e51a2800-62ea-46a1-92a2-93ad5896187a,ocd-vote/a2e47aac-c595-4f47-b8b6-5627846909ef,other,34
e7fb3d22-2633-4936-884d-1b4a26350fbf,ocd-vote/a2e47aac-c595-4f47-b8b6-5627846909ef,no,241
06806147-6041-442f-9892-86e207323c78,ocd-vote/a2e47aac-c595-4f47-b8b6-5627846909ef,yes,118
9a2267bf-d704-4f82-96e2-c3aa46c5f502,ocd-vote/c2333f08-03fc-4d55-9d27-524b9ccae5b3,other,51
2484d19b-e138-4f48-a2e4-a051591c0b18,ocd-vote/c2333f08-03fc-4d55-9d27-524b9ccae5b3,no,61
6aa15031-6736-467e-b56b-2207f76c428c,ocd-vote/c2333f08-03fc-4d55-9d27-524b9ccae5b3,yes,283
e71f09d5-b0e8-4048-9f85-407c808ccdfc,ocd-vote/02adc0bf-2039-4c2c-80bd-48732f77d549,other,31
96ccfa57-3446-406d-a0f7-12d20ce8dfbb,ocd-vote/02adc0bf-2039-4c2c-80bd-48732f77d549,no,179
2d097c03-d8e7-40d4-ad8d-495fc5690d8d,ocd-vote/02adc0bf-2039-4c2c-80bd-48732f77d549,yes,186
b71a7f9a-99de-4eca-8194-7dcb6cbe5e05,ocd-vote/687752b0-4cb0-4320-91be-bbebdfbc1a57,other,32
b29aac9f-2056-4a36-b539-39d44b89b73e,ocd-vote/687752b0-4cb0-4320-91be-bbebdfbc1a57,no,184
29fdeb50-695c-4c3c-a536-2260730de50f,ocd-vote/687752b0-4cb0-4320-91be-bbebdfbc1a57,yes,180
f1549652-e89c-42c9-8919-7bf352f249bf,ocd-vote/0b02511a-b697-490d-8428-3c0056d31140,other,18
ce392d7b-b58b-48f7-9eb2-11ae6e7c1a88,ocd-vote/0b02511a-b697-490d-8428-3c0056d31140,no,0
204abb1a-a9b5-4435-ba42-efbddddbec87,ocd-vote/0b02511a-b697-490d-8428-3c0056d31140,yes,377
09658149-894f-471d-a87f-6ef3b750e3ce,ocd-vote/74b7669c-a38e-4468-af5e-533d98b34e02,other,41
45848a11-8d7c-4b3a-81ff-2bb0cadb33f6,ocd-vote/74b7669c-a38e-4468-af5e-533d98b34e02,no,169
96743845-627a-418d-84e8-32e7ab946352,ocd-vote/74b7669c-a38e-4468-af5e-533d98b34e02,yes,186
927f674a-9b72-4c46-a54a-c40e4fc7750c,ocd-vote/a5a9a5ff-7979-4978-9a6f-b6a9919a7c0c,other,24
a8fd313d-0eeb-4950-a8eb-c6c44c3e13ca,ocd-vote/a5a9a5ff-7979-4978-9a6f-b6a9919a7c0c,no,181
534621ae-48bb-4bf8-ad5c-c004c958588a,ocd-vote/a5a9a5ff-7979-4978-9a6f-b6a9919a7c0c,yes,191
0c158ebc-5746-45c1-b145-63c99f5ca760,ocd-vote/d9c46e69-8890-49c5-adcf-2a04571d396c,other,46
95850530-4563-49f6-a1a7-24f33f0f3442,ocd-vote/d9c46e69-8890-49c5-adcf-2a04571d396c,no,350
4e2ef8fc-f3ab-4dba-b211-5790e792e725,ocd-vote/d9c46e69-8890-49c5-adcf-2a04571d396c,yes,0
dd4442b9-9da8-45a4-b9c2-bbcb94779891,ocd-vote/09615cd8-49cd-4b7b-a26a-de5973ea081a,other,28
d1683b28-c907-40ce-8337-1bccd6d45a0b,ocd-vote/09615cd8-49cd-4b7b-a26a-de5973ea081a,no,185
27b5c834-6e1e-4987-9d2e-6259f5ae872b,ocd-vote/09615cd8-49cd-4b7b-a26a-de5973ea081a,yes,183
14a5da6c-67c5-40fa-9c38-5018592c3fa7,ocd-vote/aff077e8-8d6d-4095-ac92-2bdc4a4302c4,other,29
77a48867-ff16-4765-ac80-39cb6483a3c0,ocd-vote/aff077e8-8d6d-4095-ac92-2bdc4a4302c4,no,213
806d2b08-ad57-408e-925a-934c27204d46,ocd-vote/aff077e8-8d6d-4095-ac92-2bdc4a4302c4,yes,154
7c63ce48-8d9d-48d4-a453-398f3bb17831,ocd-vote/1e0ee2c3-7472-46a7-973e-a7acda1de193,other,9
0d3214bb-96de-49bf-9e80-5c629ac7beff,ocd-vote/1e0ee2c3-7472-46a7-973e-a7acda1de193,no,190
4acb1723-f442-45ba-8053-6cf794614c07,ocd-vote/1e0ee2c3-7472-46a7-973e-a7acda1de193,yes,195
88ba80a4-98a5-4048-b44d-30b1b9b891c1,ocd-vote/5c64ffc3-6716-40a1-8d8b-2dd04c49d8ea,other,51
a473ac00-9a5b-44ce-add3-8ef56e55b632,ocd-vote/5c64ffc3-6716-40a1-8d8b-2dd04c49d8ea,no,162
a7b76416-c913-45d1-8902-afb2252323d9,ocd-vote/5c64ffc3-6716-40a1-8d8b-2dd04c49d8ea,yes,181
63bd5de9-82cd-46d5-9c1e-33f1d2c7e422,ocd-vote/6c87c825-76cc-440d-94d1-fdffea7e27de,other,1
248992e4-8309-4168-80a5-3f6a1744d6e1,ocd-vote/6c87c825-76cc-440d-94d1-fdffea7e27de,no,10
a77ed812-212a-4440-bf19-00e84abef50e,ocd-vote/6c87c825-76cc-440d-94d1-fdffea7e27de,yes,13
2b22fd85-daec-4495-b1e0-f394d715d0a9,ocd-vote/a821b877-3dad-476a-8637-dbbc0ed59bc2,other,23
7d48e3ff-9891-4d2f-9ce4-dc503f9406c7,ocd-vote/a821b877-3dad-476a-8637-dbbc0ed59bc2,no,180
ed32bb5f-cc0f-48ba-8f7b-25cc38df590b,ocd-vote/a821b877-3dad-476a-8637-dbbc0ed59bc2,yes,193
bbacd846-26b6-4b1b-b7ab-e6987f2af6b1,ocd-vote/daf2b5f2-9478-4b95-837c-28fb6fafda70,other,17
438f7491-7c7e-4c41-bba9-33c715c80f46,ocd-vote/daf2b5f2-9478-4b95-837c-28fb6fafda70,no,53
5cdfe9f5-9c85-4a0f-a4bb-859266fc13d0,ocd-vote/daf2b5f2-9478-4b95-837c-28fb6fafda70,yes,326
c324cf49-14ed-4bc7-96a3-094d6b673559,ocd-vote/dc4a7251-7b21-4d34-8689-7c9ae8f182ea,no,8
ad261acc-eb7e-4bbe-99f2-99be6fb2a028,ocd-vote/dc4a7251-7b21-4d34-8689-7c9ae8f182ea,yes,16
d09f3cf6-aa4e-4e49-b099-24bf65795aa5,ocd-vote/8e34b2b7-39a3-4391-a076-5935b1769594,other,14
93d679b7-f033-4627-b598-b8406b4e3fe1,ocd-vote/8e34b2b7-39a3-4391-a076-5935b1769594,no,109
6578b828-2e13-4f75-aa15-7ebf2630dbe3,ocd-vote/8e34b2b7-39a3-4391-a076-5935b1769594,yes,272
e89c29c3-9d4c-4f86-b8e8-dd13925f734a,ocd-vote/0551eaf5-2ef6-4272-82b1-10f259eb11e3,other,28
b0edc007-076c-47b1-9f5f-b0fe10187b5f,ocd-vote/0551eaf5-2ef6-4272-82b1-10f259eb11e3,no,186
54ac75dd-2295-467a-b481-d773b7a949b2,ocd-vote/0551eaf5-2ef6-4272-82b1-10f259eb11e3,yes,181
43102234-cdac-41c7-9061-d2b3d64fd131,ocd-vote/860d0999-d4ea-4a68-a974-a5626964dd82,other,33
54a55081-1cf3-47e6-8eae-b832ea85d22f,ocd-vote/860d0999-d4ea-4a68-a974-a5626964dd82,no,179
b1033d82-2bc0-4b07-bc97-0f0011175196,ocd-vote/860d0999-d4ea-4a68-a974-a5626964dd82,yes,184
ce704e85-9e80-4fa2-900b-1f7a46c188c6,ocd-vote/60fcd7e6-b625-43be-b196-6cd1f8f5141c,other,1
399aa34a-651f-4d7b-80d1-482553ba0f4f,ocd-vote/60fcd7e6-b625-43be-b196-6cd1f8f5141c,no,12
fb895777-ef96-4019-bf67-cc421e764786,ocd-vote/60fcd7e6-b625-43be-b196-6cd1f8f5141c,yes,11
8e342fc3-5907-4159-a162-b174cf1fbf89,ocd-vote/5abdcfa7-c2b4-4a48-ab41-bf4110f71763,other,16
3de0cd42-d020-440d-bde1-4b55582fd43d,ocd-vote/5abdcfa7-c2b4-4a48-ab41-bf4110f71763,no,191
d2391e88-cc7e-401f-87f2-655915564b8f,ocd-vote/5abdcfa7-c2b4-4a48-ab41-bf4110f71763,yes,188
9fbf3c6a-f64a-4ce6-9828-e6f268814546,ocd-vote/5cc5e63d-f2d9-4494-bfe9-86e090bedc5b,no,14
2c27aadf-c82b-4029-bdba-2c517a17476e,ocd-vote/5cc5e63d-f2d9-4494-bfe9-86e090bedc5b,yes,10
635a3845-532c-4356-9a74-37fbbecd073c,ocd-vote/14e76bb0-8c88-482d-adf9-ccac78f70d8e,other,23
1906851f-ee28-44a7-917c-9ed0f81afdc9,ocd-vote/14e76bb0-8c88-482d-adf9-ccac78f70d8e,no,207
fbc89e12-48e8-42ae-b803-483f7cf53ea7,ocd-vote/14e76bb0-8c88-482d-adf9-ccac78f70d8e,yes,166
d80d0251-e0f4-48d6-9046-9147edd5a18e,ocd-vote/e4fd10fd-700a-4089-8530-b5ed1b4601a1,no,9
7d26168a-35d6-4406-9392-15ed19f20142,ocd-vote/e4fd10fd-700a-4089-8530-b5ed1b4601a1,yes,15
def223f2-555f-4926-8ab6-5754b29143e7,ocd-vote/dabadc2b-ed4c-4688-a961-9903a3813e74,other,28
48573525-076f-424f-a8d6-ab1e26cb4e3d,ocd-vote/dabadc2b-ed4c-4688-a961-9903a3813e74,no,157
198ffea0-76f7-4784-acc9-fccc3a184f67,ocd-vote/dabadc2b-ed4c-4688-a961-9903a3813e74,yes,211
98faacdf-5610-46a9-b891-d1a9d7be4508,ocd-vote/4a17898d-ac4c-4deb-b112-7711207aae97,other,23
1967650d-8f26-4827-bfd5-f3c852206d44,ocd-vote/4a17898d-ac4c-4deb-b112-7711207aae97,no,173
ffc296ba-b58d-44b2-9a59-bf28891824d4,ocd-vote/4a17898d-ac4c-4deb-b112-7711207aae97,yes,200
e6a3e57c-fdcd-4448-9136-a3d9e1c77a7b,ocd-vote/dce08f7d-ca4b-4aa4-9bd5-5c56d021c7db,no,2
2989badc-bf9a-41ce-b4fe-9cf34eea5e6c,ocd-vote/dce08f7d-ca4b-4aa4-9bd5-5c56d021c7db,yes,22
94f6cae5-09bc-4374-a534-fc793419bbe3,ocd-vote/0d57b25e-e48d-4005-ac9c-c5ded900c85e,other,12
f82dd2c1-d7e5-4419-b204-d9697ad3d693,ocd-vote/0d57b25e-e48d-4005-ac9c-c5ded900c85e,no,178
e8aa8e6a-2e0c-4f25-a186-88d0a1dcfb95,ocd-vote/0d57b25e-e48d-4005-ac9c-c5ded900c85e,yes,205
1b17ebf8-e851-4d8d-ac90-2f146af89d06,ocd-vote/ea6b1393-4b0a-467c-a4bc-daae0817547d,other,27
6b165872-87b1-40c5-8c27-81b0de128e35,ocd-vote/ea6b1393-4b0a-467c-a4bc-daae0817547d,no,193
986f7f5d-0fc8-4213-be14-c7f2292cfdd3,ocd-vote/ea6b1393-4b0a-467c-a4bc-daae0817547d,yes,176
a01eb1c3-aa40-4c93-96ce-b3bd49ea3c9e,ocd-vote/5b45479c-59b7-4c96-a3ec-ad673c73144f,other,24
616fa36d-e591-4d46-a227-9e32ce1a5622,ocd-vote/5b45479c-59b7-4c96-a3ec-ad673c73144f,no,189
42a36fb9-a9e8-49db-bb41-b8b2497e31c6,ocd-vote/5b45479c-59b7-4c96-a3ec-ad673c73144f,yes,182
cc2c14d4-b8a6-43bf-9abc-b669f8854397,ocd-vote/91c5c5d7-9454-460a-a73e-5074c7ec8826,other,39
f427d9e2-d9b7-4964-a509-d19dbcfe4619,ocd-vote/91c5c5d7-9454-460a-a73e-5074c7ec8826,no,70
960d9af7-f35c-428a-9a4a-f785628756e4,ocd-vote/91c5c5d7-9454-460a-a73e-5074c7ec8826,yes,286
e386462f-97c4-49da-b8d1-552dd98ace54,ocd-vote/c23d9b44-b96d-4f1a-aea8-9ec445dce969,other,1
0a03f5b5-ab98-491c-8fd4-8d5fcd0f3415,ocd-vote/c23d9b44-b96d-4f1a-aea8-9ec445dce969,no,14
8dda31be-8537-460b-ae18-32398966ef38,ocd-vote/c23d9b44-b96d-4f1a-aea8-9ec445dce969,yes,9
d68f81cf-a039-45bf-906c-8d80d661dd53,ocd-vote/7a5a0f19-e699-4e14-a7a4-df9b754a2018,other,34
f8343fc1-16d1-4563-832f-8ffccda660a3,ocd-vote/7a5a0f19-e699-4e14-a7a4-df9b754a2018,no,80
7af444ff-f0d2-49a9-be83-73000608febe,ocd-vote/7a5a0f19-e699-4e14-a7a4-df9b754a2018,yes,282
6a87deaf-99b9-493d-83ac-0cdfb269963f,ocd-vote/43da3f1a-2b65-4137-8dc4-ab938e6aa98a,other,24
06b3125d-03b4-45d0-89ec-35ba5b346b8c,ocd-vote/43da3f1a-2b65-4137-8dc4-ab938e6aa98a,no,188
e48bf2db-131a-4a42-9003-4d1558199341,ocd-vote/43da3f1a-2b65-4137-8dc4-ab938e6aa98a,yes,183
5bb3def8-7be0-4d7c-8a55-f61eeea50f8f,ocd-vote/bb908d36-537d-47a7-9751-82d167d4fdc6,no,0
357bcfde-1785-4907-ae2b-d5f75a8102fe,ocd-vote/bb908d36-537d-47a7-9751-82d167d4fdc6,yes,24
ed877776-aeca-4f05-998b-9c6c7f65c40e,ocd-vote/3e803d4e-7e6c-4e11-8ff8-5ee308c418b7,other,43
2e9f1dc0-502e-4efb-9cfd-5950a332db06,ocd-vote/3e803d4e-7e6c-4e11-8ff8-5ee308c418b7,no,159
ff03e5c8-3824-4369-b5b5-8c718bbb12f4,ocd-vote/3e803d4e-7e6c-4e11-8ff8-5ee308c418b7,yes,194
2803ba11-7b33-43d1-b183-cd5aa3644cd5,ocd-vote/30272d82-92d0-406f-9bdc-b0e945bd9f71,other,22
3ec55951-2a09-468f-8af6-08d17e93bfe2,ocd-vote/30272d82-92d0-406f-9bdc-b0e945bd9f71,no,179
cbabc31c-64ed-4042-8ebc-b23fde85346c,ocd-vote/30272d82-92d0-406f-9bdc-b0e945bd9f71,yes,194
be6d65e2-d284-45d0-a0b5-863d5133cc2a,ocd-vote/ff19c35e-6126-4c8b-a3da-8dde142b6d83,no,12
7e0e132c-1ca5-43c9-88b6-991c14c92311,ocd-vote/ff19c35e-6126-4c8b-a3da-8dde142b6d83,yes,12
1b7f96d1-0789-40f0-8659-a1ead5cdb970,ocd-vote/fe199794-8ab1-4f5a-8715-8700324e037c,other,41
0b1710bd-6350-4b1b-9cc5-d3b552eff98f,ocd-vote/fe199794-8ab1-4f5a-8715-8700324e037c,no,171
31a3dce0-da3d-441e-8a76-a37312255f36,ocd-vote/fe199794-8ab1-4f5a-8715-8700324e037c,yes,184
c10f9dbd-a51d-4cf0-8eec-61969b78619c,ocd-vote/ef5e59a6-4584-4f8e-98e5-0e3a14790f19,no,15
380a9fd6-ae2b-413d-8f26-6e044e1c5a37,ocd-vote/ef5e59a6-4584-4f8e-98e5-0e3a14790f19,yes,9
7c7969da-4411-4588-9219-17c405e4cd59,ocd-vote/9c72eb18-8010-4fc1-ba94-1c184ea4c003,no,10
ac395a20-7552-405e-819d-771f9e8a3117,ocd-vote/9c72eb18-8010-4fc1-ba94-1c184ea4c003,yes,14
97727954-b3a8-44cd-ae2a-4e4ae027dee1,ocd-vote/f59265d5-665f-4b69-be6f-9ec33ae74efd,other,34
206ecdec-6590-4ed1-ab46-801d4d786298,ocd-vote/f59265d5-665f-4b69-be6f-9ec33ae74efd,no,194
ba26b802-d0e7-4892-881e-52009c8392bf,ocd-vote/f59265d5-665f-4b69-be6f-9ec33ae74efd,yes,166
ccbf9d1c-5c6b-49da-b464-83d103bb0461,ocd-vote/0ad6b162-6c87-460f-b5f1-88250dd849e7,other,18
e5e7d8ba-aabe-48a6-9e8f-cb679b6e9547,ocd-vote/0ad6b162-6c87-460f-b5f1-88250dd849e7,no,188
931bc4f5-f407-4254-b3e3-88ebff7a6afb,ocd-vote/0ad6b162-6c87-460f-b5f1-88250dd849e7,yes,190
6cb34747-0411-44b0-9c0e-9ddfd59486e3,ocd-vote/08c91066-7733-475b-ba3b-bd031ba2f90a,other,24
f0e05623-cb8e-42e9-8126-0366ef86e9b9,ocd-vote/08c91066-7733-475b-ba3b-bd031ba2f90a,no,187
dcd7a73d-ca8f-4445-adde-f57d022f68bb,ocd-vote/08c91066-7733-475b-ba3b-bd031ba2f90a,yes,183
11178f9d-a246-4655-98ca-64315674ea4a,ocd-vote/a9450f0a-16f0-4c1b-8169-d5205ae805c7,other,55
5a2aa8e3-bb75-408d-90c2-9845848570e7,ocd-vote/a9450f0a-16f0-4c1b-8169-d5205ae805c7,no,162
17dc2b95-8686-426f-9ac2-af09d63ca2c7,ocd-vote/a9450f0a-16f0-4c1b-8169-d5205ae805c7,yes,177
8678fb45-7194-4d5e-aae5-d46b1bc2cf61,ocd-vote/577cb9bf-f77d-45b5-b793-1b63ac9c2551,other,22
97dbc760-77fc-4634-bb83-3bd02b9f902d,ocd-vote/577cb9bf-f77d-45b5-b793-1b63ac9c2551,no,255
c6cfc28e-44a1-46db-8709-1a9a5c9561d9,ocd-vote/577cb9bf-f77d-45b5-b793-1b63ac9c2551,yes,118
435a248e-e818-4f24-a2f3-755f18da5d6b,ocd-vote/47d82dc3-bd43-4d4f-a680-eee38391d430,other,48
b994f296-4d0d-4c96-9f08-3ae1d1bb7a50,ocd-vote/47d82dc3-bd43-4d4f-a680-eee38391d430,no,158
261a8e18-f374-4545-9ef3-3e93d13aacb2,ocd-vote/47d82dc3-bd43-4d4f-a680-eee38391d430,yes,189
b3ea90cc-2633-4cf5-bfe6-bcf3883205c3,ocd-vote/26d0946a-8446-4e8a-a3ea-c5290eeb4e31,no,14
62abc617-8fcf-4a78-bf72-796f63b89552,ocd-vote/26d0946a-8446-4e8a-a3ea-c5290eeb4e31,yes,10
d47d9014-9da9-4419-84b3-b7b4c0963ebd,ocd-vote/67421508-4864-4787-ae7e-613f9969115f,other,23
efdf49f1-0a94-4728-9a2c-a23048804b0b,ocd-vote/67421508-4864-4787-ae7e-613f9969115f,no,256
ad9d6eb3-3d1d-45ca-a73c-535c296a36c3,ocd-vote/67421508-4864-4787-ae7e-613f9969115f,yes,117
f76db06b-8aa7-4a3a-bc00-e8d20d193eba,ocd-vote/ff6ce174-148e-4922-ae2d-d2d308b346ec,no,10
d33b79cb-1e28-4cf0-b305-76609f0c7c7b,ocd-vote/ff6ce174-148e-4922-ae2d-d2d308b346ec,yes,14
7c2e2e46-7165-44d6-8583-3b59e6737a4e,ocd-vote/1d629e73-5f63-4411-9b15-dcd916e596e9,other,48
8226d5e8-d6f2-42e7-a9c8-d850a8c64ada,ocd-vote/1d629e73-5f63-4411-9b15-dcd916e596e9,no,90
89e8d18e-0e7a-45a9-aeaf-8b8e922a682f,ocd-vote/1d629e73-5f63-4411-9b15-dcd916e596e9,yes,257
3c6bdab4-02ba-41be-bbf0-537e6a715768,ocd-vote/9d57cdbc-b2e1-4cf3-a165-fb37090922f6,other,9
45db77e2-808f-485b-8306-57980fd4b4d4,ocd-vote/9d57cdbc-b2e1-4cf3-a165-fb37090922f6,no,184
5a2c44a4-8439-43e9-8e44-85df6db1bb4d,ocd-vote/9d57cdbc-b2e1-4cf3-a165-fb37090922f6,yes,201
5412d0b9-38f1-4719-b917-a4e1c4392cef,ocd-vote/d6d4e9e3-e8a6-4fdd-891a-820b13c44f3c,other,31
94a889ce-660f-4e07-812e-1e36bc7931fb,ocd-vote/d6d4e9e3-e8a6-4fdd-891a-820b13c44f3c,no,170
57c60767-b82b-4e2d-a38b-af9c9da9ea1d,ocd-vote/d6d4e9e3-e8a6-4fdd-891a-820b13c44f3c,yes,194
093a8eb9-38a2-4a88-bc6f-243873eca866,ocd-vote/a1826723-0102-4201-a4f7-13be505ef6c1,other,1
ff109925-76df-4344-bcef-fe51529f8851,ocd-vote/a1826723-0102-4201-a4f7-13be505ef6c1,no,8
b3d92012-9353-4615-8433-6dda091ff24e,ocd-vote/a1826723-0102-4201-a4f7-13be505ef6c1,yes,15
c956d2f3-2b40-47f7-a2bc-9cee61b26ea6,ocd-vote/cb5bcf44-cb63-479b-b210-2fc3d5a34ec1,other,33
436a5f74-da92-437d-83f9-916ee9329105,ocd-vote/cb5bcf44-cb63-479b-b210-2fc3d5a34ec1,no,200
8bdbb9cd-1d78-4778-8e50-dd14dee6dc6b,ocd-vote/cb5bcf44-cb63-479b-b210-2fc3d5a34ec1,yes,163
cd481eda-4391-4a9c-a5c0-7ba6000a620d,ocd-vote/87260713-4bfa-417b-b345-d0ec22c96050,other,1
f5ed32fd-da66-4014-acb7-ffdc6f3db054,ocd-vote/87260713-4bfa-417b-b345-d0ec22c96050,no,10
812eccb8-6755-4d46-849b-eef7ac80cddf,ocd-vote/87260713-4bfa-417b-b345-d0ec22c96050,yes,13
d7b8a3d2-f413-4984-85f8-8fc5c4fc138a,ocd-vote/58782aca-26d6-4583-8caf-3a7b6848b697,no,10
9ac3fffc-210b-474d-a4df-19da20780b6a,ocd-vote/58782aca-26d6-4583-8caf-3a7b6848b697,yes,14
213a67e9-3597-48ab-96a5-749301d28647,ocd-vote/1b845d3d-2795-4fb5-932b-438e474f6b10,no,10
99cba0b9-fc9c-4660-9471-c645a10d4817,ocd-vote/1b845d3d-2795-4fb5-932b-438e474f6b10,yes,14
d642675e-0ea0-45d3-a54b-22b9c277d7df,ocd-vote/6e7e41a6-f911-4a9d-b753-34c9e8a38ae2,other,9
8a5ead0f-183a-4216-8dc6-52513313133f,ocd-vote/6e7e41a6-f911-4a9d-b753-34c9e8a38ae2,no,199
ac1e4ef6-b7ff-4ce0-8d4d-f78311d02807,ocd-vote/6e7e41a6-f911-4a9d-b753-34c9e8a38ae2,yes,186
be62a6f1-81b5-48f7-ac0c-5e05b1b2d066,ocd-vote/c2cc8f4f-5e02-4329-89d8-f0440007cc69,other,37
46bcabec-bfb2-40e8-881c-fcd3327734b0,ocd-vote/c2cc8f4f-5e02-4329-89d8-f0440007cc69,no,190
90fd05e0-0682-49e5-a077-ff92a57efaf3,ocd-vote/c2cc8f4f-5e02-4329-89d8-f0440007cc69,yes,166
0e72a630-c4e7-40e7-ac96-7ba783ffc713,ocd-vote/9caecf2b-a873-4963-a318-c9fd06de9318,other,1
01db1d41-ce29-4c91-b73a-ac00b31cab12,ocd-vote/9caecf2b-a873-4963-a318-c9fd06de9318,no,11
ed13e083-4ab7-4075-a742-4bdcd7171efa,ocd-vote/9caecf2b-a873-4963-a318-c9fd06de9318,yes,12
1ad9b331-9e9a-4c49-b6a3-dc2c950c0c4e,ocd-vote/051362ad-5f4b-484b-87f0-3bf9179d4dc6,other,14
f004a48a-f3f4-49f6-be73-665d2ed0987a,ocd-vote/051362ad-5f4b-484b-87f0-3bf9179d4dc6,no,53
ed9ce03a-4fde-494b-add8-9688dec141b3,ocd-vote/051362ad-5f4b-484b-87f0-3bf9179d4dc6,yes,328
1304fdaf-4047-49ad-b36c-a5595929707c,ocd-vote/3a11beeb-4003-4a82-a61a-d8c737db5674,other,1
fd50d694-b6e6-4b09-bb6e-08312123817c,ocd-vote/3a11beeb-4003-4a82-a61a-d8c737db5674,no,23
f23126fd-f200-448c-be4d-4ba3db875ef5,ocd-vote/3a11beeb-4003-4a82-a61a-d8c737db5674,yes,0
787ccec9-a91f-4420-be92-d9e66cb84744,ocd-vote/17ca66cb-8461-4318-9ba9-bff6423e4591,other,18
bf81ea8e-6698-4a15-ab7d-83d542b5a322,ocd-vote/17ca66cb-8461-4318-9ba9-bff6423e4591,no,187
0f837f42-ad58-4e55-9180-d60584436054,ocd-vote/17ca66cb-8461-4318-9ba9-bff6423e4591,yes,191
59f8733c-1bdb-48b4-8bef-bdff6dde3b59,ocd-vote/558cc1bc-5cba-4076-88c8-4e89a8af73d0,other,34
0dcb6000-0ecd-469a-a804-8503a9670038,ocd-vote/558cc1bc-5cba-4076-88c8-4e89a8af73d0,no,166
30e4f21a-c0a7-4e6e-8c0f-87164d75218c,ocd-vote/558cc1bc-5cba-4076-88c8-4e89a8af73d0,yes,193
abbd3560-c631-42b7-937b-db65e945cee5,ocd-vote/e78c802c-8ba8-454d-9536-5ee64eace1e2,other,10
62bfb0ed-d641-4e8e-87b1-80189a972f36,ocd-vote/e78c802c-8ba8-454d-9536-5ee64eace1e2,no,177
11125c3b-99f4-42ed-8858-6511cd1ec637,ocd-vote/e78c802c-8ba8-454d-9536-5ee64eace1e2,yes,207
b678c4d9-a826-43b4-8963-63260fe18fb6,ocd-vote/d4c4ce7f-91ac-47f0-b33d-709c41b05f75,other,41
5243a24d-de48-4142-8112-56c54bc65c91,ocd-vote/d4c4ce7f-91ac-47f0-b33d-709c41b05f75,no,104
090446c9-ed02-4c54-9c2d-28b9ed9f7240,ocd-vote/d4c4ce7f-91ac-47f0-b33d-709c41b05f75,yes,251
097608a5-a4c4-422d-857d-50cd90fc44b5,ocd-vote/b2287d35-75bd-4ca6-8613-23d3fcdfa5f2,no,10
8ff479d2-d074-4b48-a07e-2efb8b7f5ff4,ocd-vote/b2287d35-75bd-4ca6-8613-23d3fcdfa5f2,yes,14
777d87ab-6477-42dd-b10e-516478581b48,ocd-vote/741dfa06-7d6b-4f8e-8b3d-145bbd4200bf,other,16
04f8b1c2-df32-40cf-bc9d-8be448f37e5c,ocd-vote/741dfa06-7d6b-4f8e-8b3d-145bbd4200bf,no,83
71997095-4cb7-4cad-9b20-4a7304f80e4b,ocd-vote/741dfa06-7d6b-4f8e-8b3d-145bbd4200bf,yes,296
53716486-30c3-45da-a781-442e82f7fb02,ocd-vote/33425f13-56d8-454e-b506-0ae8c3aed696,other,1
456bc526-53c1-4cee-bd81-6f2b72228a0f,ocd-vote/33425f13-56d8-454e-b506-0ae8c3aed696,no,13
8fc546ae-e0b8-41a4-b748-70266efbc623,ocd-vote/33425f13-56d8-454e-b506-0ae8c3aed696,yes,10
a9c3c4ae-18aa-4972-95da-6bea5cd9333d,ocd-vote/b33abb5f-2d64-48ac-a8b6-a9e2c349417e,other,44
5b213c02-ca81-4e0b-a256-f52682566e2e,ocd-vote/b33abb5f-2d64-48ac-a8b6-a9e2c349417e,no,168
b271695a-372e-48b5-a253-0a67cf6cab42,ocd-vote/b33abb5f-2d64-48ac-a8b6-a9e2c349417e,yes,184
a4d29054-e20a-4c41-98c3-043b57dc7ba5,ocd-vote/cb035b23-79b2-4949-8cb0-55810d08bef1,other,25
bb549326-6495-4445-8869-3720c2e5c31c,ocd-vote/cb035b23-79b2-4949-8cb0-55810d08bef1,no,167
5a199e71-fb79-4557-917b-fa1a69315cb9,ocd-vote/cb035b23-79b2-4949-8cb0-55810d08bef1,yes,202
96bd0859-47e2-4d74-822b-c077ceb2292a,ocd-vote/c5a00b98-d412-457c-9263-fa997f884b7b,other,48
69a1e53f-57ee-4505-a5e4-d19526aa9904,ocd-vote/c5a00b98-d412-457c-9263-fa997f884b7b,no,169
f697ee9d-7a4d-49bd-9645-7c37e92b4f7e,ocd-vote/c5a00b98-d412-457c-9263-fa997f884b7b,yes,178
796b49db-2307-474f-8c9c-b6ab01ceec6e,ocd-vote/1baf91fb-d69d-4593-b702-30f1987b7d4f,other,15
d2150ee3-8d07-41fd-8e47-b760c721ff01,ocd-vote/1baf91fb-d69d-4593-b702-30f1987b7d4f,no,193
b8e73f8d-9a7d-4945-846f-fa8cab76df26,ocd-vote/1baf91fb-d69d-4593-b702-30f1987b7d4f,yes,186
b5a6bb70-160d-446a-a213-d8e4a8b0560b,ocd-vote/550a8405-6779-435b-ad41-4478c4d3bf2e,other,1
8ac93f8c-d805-4fdd-ada8-e8aad6f9cd3a,ocd-vote/550a8405-6779-435b-ad41-4478c4d3bf2e,no,0
dab0aee1-91be-4c66-98ab-acaa686df736,ocd-vote/550a8405-6779-435b-ad41-4478c4d3bf2e,yes,23
d48fed0b-411d-4847-a36f-5a2ff86d7dad,ocd-vote/1bc6ab3e-568d-4b5a-9e20-0a6ea4707b62,other,24
0a19d01d-53cb-4d7e-82be-0c3c224ac1e5,ocd-vote/1bc6ab3e-568d-4b5a-9e20-0a6ea4707b62,no,175
c57119a7-93fc-42f0-851a-8ece16b884d9,ocd-vote/1bc6ab3e-568d-4b5a-9e20-0a6ea4707b62,yes,197
2cbd5698-3080-4f3e-b70f-3c861f645d24,ocd-vote/50aec16d-8505-451d-9cfc-b6f0ba22d537,other,9
c0ff8459-9be3-4812-a494-59fea2deed31,ocd-vote/50aec16d-8505-451d-9cfc-b6f0ba22d537,no,181
bb5eb187-62e7-4a50-b6c4-ce553a0b4a21,ocd-vote/50aec16d-8505-451d-9cfc-b6f0ba22d537,yes,205
9de485fc-ea71-4f91-aa81-573c752ff964,ocd-vote/c2910e42-70dd-4ff5-8032-0127d7747d2e,other,25
4ca2b1ef-9581-4667-bb9f-0bdae8f39671,ocd-vote/c2910e42-70dd-4ff5-8032-0127d7747d2e,no,168
43873840-bc79-4eba-ac8a-fbc25c9f7cfe,ocd-vote/c2910e42-70dd-4ff5-8032-0127d7747d2e,yes,203
ee8eb0ee-a925-455f-b2f7-aef5eed49d0b,ocd-vote/5a1e0f21-4f39-45f4-bd52-056d007eed5a,no,11
0015a97a-2516-4232-a6b8-99ee718bff75,ocd-vote/5a1e0f21-4f39-45f4-bd52-056d007eed5a,yes,13
79f522c5-1509-4a71-98ea-ea6d1f23b20a,ocd-vote/64bbc602-8cbe-4a89-83cd-7ca5f4d554e9,other,15
11bd566b-2f92-458a-a038-56065793f75a,ocd-vote/64bbc602-8cbe-4a89-83cd-7ca5f4d554e9,no,195
748658d6-955d-4c40-b886-8ea10b914c34,ocd-vote/64bbc602-8cbe-4a89-83cd-7ca5f4d554e9,yes,184
281c00ff-e01a-46cd-b401-ee0c7d324fe7,ocd-vote/7997386a-3ec2-47e0-a2a9-b71210741993,other,25
1e76bca2-24af-49be-85d4-952c60f2523f,ocd-vote/7997386a-3ec2-47e0-a2a9-b71210741993,no,172
62a8b294-f893-4159-aa4f-23b3f8db6277,ocd-vote/7997386a-3ec2-47e0-a2a9-b71210741993,yes,198
34d113c5-e099-4b97-9281-0541a0086935,ocd-vote/87b33b9e-f376-4c1a-9a64-a07651af5467,other,51
5523fbad-c993-4a29-81f8-d353c3ed40cd,ocd-vote/87b33b9e-f376-4c1a-9a64-a07651af5467,no,176
bb26a67d-b310-4ece-b7ec-a3b3cd006830,ocd-vote/87b33b9e-f376-4c1a-9a64-a07651af5467,yes,168
cf6ea3c4-f9de-4eb0-8352-698f5272f220,ocd-vote/be32cb60-9787-4016-a9b3-d6c814b51539,other,50
57a99f18-e315-4d8a-9feb-8fcb90217c1d,ocd-vote/be32cb60-9787-4016-a9b3-d6c814b51539,no,60
c0d445fc-b36b-4f34-a5d3-b4e710e168f5,ocd-vote/be32cb60-9787-4016-a9b3-d6c814b51539,yes,283
b4017329-aee9-490c-8b49-730ae61e3e02,ocd-vote/70fa6dd5-d263-458a-a17e-f9a16584e194,other,32
1f001e28-187c-4240-ba8b-65df3706354c,ocd-vote/70fa6dd5-d263-458a-a17e-f9a16584e194,no,6
f417211d-4a04-465b-a64c-22c5ae9163e2,ocd-vote/70fa6dd5-d263-458a-a17e-f9a16584e194,yes,356
9feeacfc-60ae-46e4-837f-ae9eb2d68303,ocd-vote/1186063d-7414-4c2b-b0c6-f82c0ebc8fca,no,10
42a50e23-ac01-4acd-8c53-42c2dfd6cd79,ocd-vote/1186063d-7414-4c2b-b0c6-f82c0ebc8fca,yes,14
6327b9d3-b770-4c9e-ad30-93798535daad,ocd-vote/2e0ed3bd-d4dd-4d41-af27-008d9ef167a1,no,10
a3e4a659-6ef2-408b-923a-4715a17583b6,ocd-vote/2e0ed3bd-d4dd-4d41-af27-008d9ef167a1,yes,14
44a91387-6b73-44e7-a3bb-85f58f74fbcb,ocd-vote/2802452c-e2a9-4431-89ab-3465c7d00b03,other,16
228ce77d-2848-4055-894b-46a981cae367,ocd-vote/2802452c-e2a9-4431-89ab-3465c7d00b03,no,189
72d34d5e-34d3-464d-a058-c1d660916600,ocd-vote/2802452c-e2a9-4431-89ab-3465c7d00b03,yes,190
99ca3d4a-63bd-4ca2-a5ab-5e0d6383bb3c,ocd-vote/a5774c87-636b-4227-bfef-cc507c2e608e,other,20
d875be7d-da6f-4d16-9675-d2d7f89248ac,ocd-vote/a5774c87-636b-4227-bfef-cc507c2e608e,no,184
c3e97500-c111-43ed-991e-a73c1c7b8320,ocd-vote/a5774c87-636b-4227-bfef-cc507c2e608e,yes,192
555cf6cc-cdf1-457c-9bd5-f3e729f6966b,ocd-vote/c7ce8d92-9d0d-4abd-a01f-87f029ffc5d1,other,31
6b791227-d440-4e99-be3b-8e8576b5aab7,ocd-vote/c7ce8d92-9d0d-4abd-a01f-87f029ffc5d1,no,63
eb5eafe0-d72a-4c46-8999-e2c467fcdfa2,ocd-vote/c7ce8d92-9d0d-4abd-a01f-87f029ffc5d1,yes,301
4707a832-3bfa-402c-9fd5-5e61b70031a6,ocd-vote/3bc77be4-c3d1-423a-ab26-d722b2322874,other,1
a872ced1-ee53-4911-8fa2-9912269c96e5,ocd-vote/3bc77be4-c3d1-423a-ab26-d722b2322874,no,13
747e1164-6209-4003-8a7f-4656de5011c0,ocd-vote/3bc77be4-c3d1-423a-ab26-d722b2322874,yes,10
62bcab6b-4a80-485d-a6b3-4436f580e5e1,ocd-vote/6a2d5de6-e127-4230-a422-d30185d290b6,no,10
f20aa14c-d17d-45a3-b3df-0aaac82c59b9,ocd-vote/6a2d5de6-e127-4230-a422-d30185d290b6,yes,14
61440cec-9002-4704-b9c0-43374e9d20ad,ocd-vote/95478fd6-091b-4359-945d-e1e22c8b521c,no,10
4351c151-96a9-44de-9450-924f0158da53,ocd-vote/95478fd6-091b-4359-945d-e1e22c8b521c,yes,14
ff89aac7-c9e4-4d7a-8f08-8a5fcd13fb90,ocd-vote/0bf970eb-ab63-4bdb-9e34-9bfd41858353,other,1
b3dbe2b3-2ea5-46bd-b709-4d04606e71cb,ocd-vote/0bf970eb-ab63-4bdb-9e34-9bfd41858353,no,9
e16bddd2-18e2-4585-9059-2898df185f53,ocd-vote/0bf970eb-ab63-4bdb-9e34-9bfd41858353,yes,14
dc3fd591-b22e-429c-a422-ea0207bda42e,ocd-vote/eeb2010c-77a1-469e-a922-01ec3ef2e62a,no,11
145912c2-7ede-44fa-8dee-fe65738fdda0,ocd-vote/eeb2010c-77a1-469e-a922-01ec3ef2e62a,yes,13
7eaacd8f-33b1-4859-a453-d0692c2a7c3c,ocd-vote/42484d27-840b-438a-8e6e-b2bbcea7dd04,other,26
c8e19f27-052d-4dc3-9393-3cbbc6623bba,ocd-vote/42484d27-840b-438a-8e6e-b2bbcea7dd04,no,185
af2df89c-2796-4aaf-a6c4-9e99b43eb08e,ocd-vote/42484d27-840b-438a-8e6e-b2bbcea7dd04,yes,185
2277ee66-9c05-43a9-ae7a-e9241a20c5ef,ocd-vote/fbeebe24-2b03-4c63-8b4f-3923917cb621,no,10
4b126e1b-0f91-46a3-84c2-fbd20e885bb3,ocd-vote/fbeebe24-2b03-4c63-8b4f-3923917cb621,yes,14
cf45fafb-43d5-433f-b81e-5e1f1437174e,ocd-vote/a3db59d9-6e06-44dd-ae8a-981831d1eed7,other,9
4db57bee-3b00-43d3-85ae-dfdf342164d1,ocd-vote/a3db59d9-6e06-44dd-ae8a-981831d1eed7,no,187
c77035c7-e86a-46ec-9c85-fc219d11073c,ocd-vote/a3db59d9-6e06-44dd-ae8a-981831d1eed7,yes,198
849d9b4a-94dd-4a6b-830d-9d5341eea011,ocd-vote/fc6f63f5-a866-4adf-8c96-08da9a2b66a5,other,1
e76ac095-d8f6-4878-8825-eb56d0d1ed22,ocd-vote/fc6f63f5-a866-4adf-8c96-08da9a2b66a5,no,10
ad2e5722-eea0-4898-af36-d34f24f62dbf,ocd-vote/fc6f63f5-a866-4adf-8c96-08da9a2b66a5,yes,13
f497f7ab-cded-4722-bebe-cb7a6174bac7,ocd-vote/c8c059a6-7db3-448a-acab-1cacbeaab8c3,other,15
af94ddba-218b-4fc4-9ebc-e15a7681ce37,ocd-vote/c8c059a6-7db3-448a-acab-1cacbeaab8c3,no,103
8c8a864b-7be4-44e2-9c6d-5f9c1bd3fe11,ocd-vote/c8c059a6-7db3-448a-acab-1cacbeaab8c3,yes,277
f45f7de6-dfa8-4381-b5df-bd47526f2509,ocd-vote/49c5479d-3160-415a-ab25-4969e37d24fc,other,35
ba9d74d4-8e28-4955-abfb-fcfe4b9bec87,ocd-vote/49c5479d-3160-415a-ab25-4969e37d24fc,no,190
ad76717c-0f9b-4fd4-aebb-c7464173475b,ocd-vote/49c5479d-3160-415a-ab25-4969e37d24fc,yes,169
6969c6a3-837b-463e-b457-2cf281bf1359,ocd-vote/e37c8379-b2a2-4bcd-821b-b4f034e4302d,other,35
e86d7a69-53f9-44ae-b603-a2831f4a9e58,ocd-vote/e37c8379-b2a2-4bcd-821b-b4f034e4302d,no,171
0bd49cf8-e0c9-42e6-9aca-f7560889fb3e,ocd-vote/e37c8379-b2a2-4bcd-821b-b4f034e4302d,yes,190
716cb5e9-3f99-4f78-a5ff-85b5fe63ba99,ocd-vote/d8c3dda1-d616-478b-955a-8d967fde6e04,other,12
dd127f64-e96b-4b5f-b9fa-f1fa7a43ea1c,ocd-vote/d8c3dda1-d616-478b-955a-8d967fde6e04,no,84
abfe7311-019b-4c09-8439-91526baf8c6e,ocd-vote/d8c3dda1-d616-478b-955a-8d967fde6e04,yes,299
8878015b-b2db-4528-8ebc-2bcd93af565d,ocd-vote/84cf3154-7de9-4adc-854b-1f230cdff602,other,1
469826b2-e24f-4a2e-8faf-628c11afd95f,ocd-vote/84cf3154-7de9-4adc-854b-1f230cdff602,no,0
2b541b74-5a42-4e93-9d6a-4881531ec2d4,ocd-vote/84cf3154-7de9-4adc-854b-1f230cdff602,yes,23
3a0b17d9-0082-4af5-84f5-1e2e69accbc6,ocd-vote/5ae55ca3-8ec5-40d4-9580-4a00d39c2cae,other,14
f27d0666-cbc0-4a64-8473-47790b24fd61,ocd-vote/5ae55ca3-8ec5-40d4-9580-4a00d39c2cae,no,199
e6e5f5b5-9df7-4b99-a7e0-fd240ef1638d,ocd-vote/5ae55ca3-8ec5-40d4-9580-4a00d39c2cae,yes,181
ecc7f9a4-fbd9-4e03-88a7-c20a963fce9f,ocd-vote/143a8ad4-2b4a-463a-ada7-31619d01a422,other,20
cdc09114-9caa-4495-8276-595da40d0f46,ocd-vote/143a8ad4-2b4a-463a-ada7-31619d01a422,no,199
cdbcdb3a-5e87-4359-9a21-532590f56dde,ocd-vote/143a8ad4-2b4a-463a-ada7-31619d01a422,yes,175
9bb95c88-7a14-4957-9e35-c101d16c4a85,ocd-vote/fedc050a-0c8c-4b31-b89c-9c088c702561,no,0
9cdb2150-5206-4491-ba66-86cd32c9bf9e,ocd-vote/fedc050a-0c8c-4b31-b89c-9c088c702561,yes,24
a4c9a521-1b9c-411f-ba7c-6be10d3c93a1,ocd-vote/426fbf26-714f-465a-af52-a70300a140cf,other,22
df72016d-a89b-4a0c-9c33-bac434a983fa,ocd-vote/426fbf26-714f-465a-af52-a70300a140cf,no,123
bfc05d79-243a-4fd5-8332-cf58d2cae9dc,ocd-vote/426fbf26-714f-465a-af52-a70300a140cf,yes,250
c8639c3f-ccf3-476b-b606-f3c0822dff37,ocd-vote/876c47a3-0d5b-4b49-bba7-519967b9639a,no,10
af124113-32eb-423a-ad23-b191e925cec6,ocd-vote/876c47a3-0d5b-4b49-bba7-519967b9639a,yes,14
bcf5956a-c360-4b7b-bd9d-49196515e138,ocd-vote/18f07d67-bfe1-4f4a-8e4e-05dbbda81c69,other,17
4d210e25-86b0-4d37-9535-31fb3b2bfcbf,ocd-vote/18f07d67-bfe1-4f4a-8e4e-05dbbda81c69,no,186
994aedc5-40a1-4063-afa7-0a4d694ae998,ocd-vote/18f07d67-bfe1-4f4a-8e4e-05dbbda81c69,yes,192
dbd3a994-4385-43b5-be38-65135ca4ba63,ocd-vote/93d1b697-9b4e-47b8-8a34-675986f19cbd,other,26
6bd7f09a-73b3-4087-bf9d-33474d5ec70e,ocd-vote/93d1b697-9b4e-47b8-8a34-675986f19cbd,no,191
5fa7bad1-26e8-42e7-8ad5-4465757d28e2,ocd-vote/93d1b697-9b4e-47b8-8a34-675986f19cbd,yes,179
c08e3e77-1428-427e-921b-cb8ba743755a,ocd-vote/f87e69a1-fa2e-4d61-b5f9-a2c07e5df4b7,no,10
d179356a-3076-49c8-a1bc-425aab38b167,ocd-vote/f87e69a1-fa2e-4d61-b5f9-a2c07e5df4b7,yes,14
c0a706e7-b70d-4422-b245-3efd9a2356b2,ocd-vote/d9c56fbb-f5bf-4209-b307-d056ddf8e2f8,other,46
47eb5ec3-76d6-4fae-b3d8-2f9b6afaedaa,ocd-vote/d9c56fbb-f5bf-4209-b307-d056ddf8e2f8,no,187
3bafacac-7c0e-40ae-a2e9-8c4bc32a2732,ocd-vote/d9c56fbb-f5bf-4209-b307-d056ddf8e2f8,yes,160
7e49aa54-015a-473b-8fb9-93e3b90c56df,ocd-vote/1145737b-49d5-413d-83ea-111d9d2aac7c,other,6
168b31c0-7bb6-4028-a870-8083dcb7c45c,ocd-vote/1145737b-49d5-413d-83ea-111d9d2aac7c,no,63
a5c60520-5e6b-4054-8ebd-2a96640da590,ocd-vote/1145737b-49d5-413d-83ea-111d9d2aac7c,yes,326
d379215a-7fcf-4ea9-8a35-00483ecc0911,ocd-vote/bfdfe8a0-11d0-4929-852e-815b0e923066,other,49
815bc60d-eee2-4032-9e8b-a3ff1998848f,ocd-vote/bfdfe8a0-11d0-4929-852e-815b0e923066,no,176
fb230f53-f354-408d-bdaf-4201473a2ede,ocd-vote/bfdfe8a0-11d0-4929-852e-815b0e923066,yes,170
55ce4063-f0f7-4fa9-a2d6-7090865514a3,ocd-vote/80d78983-a0c1-4cd4-8651-633cbc950cce,other,25
0e97fb94-5c9a-4f3d-bc97-07931ce13f59,ocd-vote/80d78983-a0c1-4cd4-8651-633cbc950cce,no,195
32ef308a-cc0e-4861-9f9f-c2b39ff5770f,ocd-vote/80d78983-a0c1-4cd4-8651-633cbc950cce,yes,175
36aa9b8b-ce66-47f4-bab9-bc9fbcbc0a01,ocd-vote/08ab2c83-549f-4543-8d11-70fd5d1dbc93,other,1
0d9a26f5-9868-4888-b4bc-1cada128b168,ocd-vote/08ab2c83-549f-4543-8d11-70fd5d1dbc93,no,5
0f6c4771-305b-4781-be57-ba87ed021c18,ocd-vote/08ab2c83-549f-4543-8d11-70fd5d1dbc93,yes,18
7fc79f4d-1c51-4f5a-a583-d9a784306cd0,ocd-vote/e71d6ad9-fd81-4faf-a65e-464eb90bea9e,other,25
9a4426ff-6950-4dfd-89e3-7eae80b5b9f9,ocd-vote/e71d6ad9-fd81-4faf-a65e-464eb90bea9e,no,184
d18d0bb6-98f6-4810-b006-da5e0d77d733,ocd-vote/e71d6ad9-fd81-4faf-a65e-464eb90bea9e,yes,187
25705657-376c-4b11-b94b-d86b697723dc,ocd-vote/54798e1f-7577-4110-a1b5-3a80b442840d,no,14
cf689bce-11a5-44ca-bad9-f7ca42a0bcbc,ocd-vote/54798e1f-7577-4110-a1b5-3a80b442840d,yes,10
9879e269-c7d4-4aad-a51a-d1704c365a93,ocd-vote/045fd52d-740f-4de6-a192-f20852887945,other,33
d1739c63-a571-4412-8a95-4f258cae1ba4,ocd-vote/045fd52d-740f-4de6-a192-f20852887945,no,193
c4700b05-08a1-4a4a-8d49-bf812d62c0f6,ocd-vote/045fd52d-740f-4de6-a192-f20852887945,yes,168
4ff4d8da-0730-41c0-9cd4-ea36ad246730,ocd-vote/c333e09a-adba-4887-9a1f-3e76a5a2041b,no,3
bb9af9dc-cdcc-4d0e-83d4-9091a8056a24,ocd-vote/c333e09a-adba-4887-9a1f-3e76a5a2041b,yes,21
2ccfbcf1-0766-467a-8efc-45586e32dc60,ocd-vote/0c196750-8f2f-4024-a705-c9bbd92a06f2,other,18
fa7acd67-d80c-402c-8fb2-a874c4b617f5,ocd-vote/0c196750-8f2f-4024-a705-c9bbd92a06f2,no,192
d4fa6d85-b811-46a4-b1ef-cdf17d24fb74,ocd-vote/0c196750-8f2f-4024-a705-c9bbd92a06f2,yes,184
7cf3171d-8c33-4c62-84be-bd48c4db2764,ocd-vote/be941bb1-dbe2-4ef4-9f1c-372cee1e5613,other,20
f25d2c51-a537-4226-a47e-6d5f7b21fdaa,ocd-vote/be941bb1-dbe2-4ef4-9f1c-372cee1e5613,no,175
de9bf8a8-67ec-49b7-91fa-36882bb7a68b,ocd-vote/be941bb1-dbe2-4ef4-9f1c-372cee1e5613,yes,201
68547043-792b-4426-a228-e43b2d3f38dd,ocd-vote/9ee473f2-e63a-4edc-bc06-47aa21dee597,no,0
48624ac6-933e-477f-869d-844f3354ea9f,ocd-vote/9ee473f2-e63a-4edc-bc06-47aa21dee597,yes,24
1f5cc1cb-20fd-42d3-b2d0-27727f3a33c4,ocd-vote/95c67624-e5a7-4d95-ab2f-6c97e150bcd5,other,43
add6ec67-7b05-4388-bdab-caa52ed0cadd,ocd-vote/95c67624-e5a7-4d95-ab2f-6c97e150bcd5,no,173
0faf0402-3e0a-4889-9676-6e50c6a005ca,ocd-vote/95c67624-e5a7-4d95-ab2f-6c97e150bcd5,yes,178
f6c9a161-8a31-403e-8491-5ad376fe144d,ocd-vote/5c36e014-c832-45eb-ad2d-6ccb7164d403,other,51
6ef45606-3661-43ff-82e2-11064cc0405b,ocd-vote/5c36e014-c832-45eb-ad2d-6ccb7164d403,no,167
8b83b4ef-8be0-4464-8b27-bc7c29769a78,ocd-vote/5c36e014-c832-45eb-ad2d-6ccb7164d403,yes,177
96c6c848-6981-4641-b063-2b7e31217915,ocd-vote/c379828f-55c8-44c6-8180-6cec08e0d317,other,40
004c487d-0064-4e57-8fde-c90c0bba59e0,ocd-vote/c379828f-55c8-44c6-8180-6cec08e0d317,no,43
ab648206-31c0-464b-8b65-a4b0105acc0c,ocd-vote/c379828f-55c8-44c6-8180-6cec08e0d317,yes,312
96b388d5-f06b-4db5-adad-6abfbf53ec2f,ocd-vote/f2f49075-dcae-4b5c-9e81-31fe4862a0f6,other,7
28a074f0-dd47-4b1c-b27c-59e2e5cd2007,ocd-vote/f2f49075-dcae-4b5c-9e81-31fe4862a0f6,no,197
6d60dd86-16ed-4193-ba92-35342e0661da,ocd-vote/f2f49075-dcae-4b5c-9e81-31fe4862a0f6,yes,191
c2714a64-b6c5-409d-a7ef-046427b3b1f9,ocd-vote/3b313415-d5b4-43b9-afcf-b004e1c5815a,other,35
52756525-d577-451b-8dcb-2d0b56804079,ocd-vote/3b313415-d5b4-43b9-afcf-b004e1c5815a,no,183
7a24a8e7-a1b1-4406-8c1c-08d0f41e0540,ocd-vote/3b313415-d5b4-43b9-afcf-b004e1c5815a,yes,178
38433db5-87ab-4e9e-80d8-78b63158adf0,ocd-vote/370d3756-368d-4870-aa26-8dfd788ae93e,other,44
f93fde6c-0574-434c-bedc-78fb16ab917d,ocd-vote/370d3756-368d-4870-aa26-8dfd788ae93e,no,78
c7e2f513-eb6a-44ee-b281-ad924927993c,ocd-vote/370d3756-368d-4870-aa26-8dfd788ae93e,yes,273
67f181af-adcf-4447-903e-96ff0ae75eba,ocd-vote/82f3ef74-a2a8-43b4-aa46-2ff657d2ceae,no,10
9cad00d3-30e2-41e3-932a-cdcb46d46ace,ocd-vote/82f3ef74-a2a8-43b4-aa46-2ff657d2ceae,yes,14
11ba89b0-07f4-4dc0-88b1-bc3415beeb7d,ocd-vote/fdbd7621-a1f4-47af-98ad-4ee39c40ec9b,other,1
cef47150-885a-4849-b750-645b2fc50536,ocd-vote/fdbd7621-a1f4-47af-98ad-4ee39c40ec9b,no,9
62557a0e-80cb-41de-af4e-d0fdec0cb9fa,ocd-vote/fdbd7621-a1f4-47af-98ad-4ee39c40ec9b,yes,14
b68ffb1b-8e24-4c00-8ce0-018bd146c939,ocd-vote/42dfaf18-5957-48de-8be5-0eedf393f4f2,no,10
e0ab0126-f0e1-4a12-87c0-ff5ba35441c7,ocd-vote/42dfaf18-5957-48de-8be5-0eedf393f4f2,yes,14
92789c33-f8e0-4082-b0ad-1a9b9eea6ced,ocd-vote/41aec6e7-82a3-4d2f-b2a7-c208ba93c738,no,13
9e53ee1e-cd3e-4686-93b1-2679033ef223,ocd-vote/41aec6e7-82a3-4d2f-b2a7-c208ba93c738,yes,11
bf05a9a5-d5a3-44f3-85a3-52f32fecc38a,ocd-vote/11c9e65a-6472-4ad7-915b-71a93a865356,other,10
7ef4d976-154d-42b0-bb00-592f026550d1,ocd-vote/11c9e65a-6472-4ad7-915b-71a93a865356,no,203
fb0b62aa-a3d2-47b6-8c3e-0c11177f1d77,ocd-vote/11c9e65a-6472-4ad7-915b-71a93a865356,yes,182
51079d98-86d3-4d62-8e65-475a261b223a,ocd-vote/651c559e-7bf7-482e-a3c3-86cd028736b7,no,0
0d21d448-d9b3-448b-a0ac-80992d0ee11c,ocd-vote/651c559e-7bf7-482e-a3c3-86cd028736b7,yes,24
38c17b30-5fc9-4e18-a5a3-5d339ed7a562,ocd-vote/78c75dee-92ed-49fd-b2bb-933ddb30d987,other,40
0897d760-4078-4802-9162-a20fcaf3896e,ocd-vote/78c75dee-92ed-49fd-b2bb-933ddb30d987,no,191
6ad00238-3be3-4bd7-aa1e-07095094f1a8,ocd-vote/78c75dee-92ed-49fd-b2bb-933ddb30d987,yes,163
fc86a38f-cb6b-43a8-9c28-178f0a27fa22,ocd-vote/983ee49d-048c-49cd-b9db-d62d4a3b9cf6,other,25
e0f19f4c-1c81-43b8-96aa-cd2eb7ec6c14,ocd-vote/983ee49d-048c-49cd-b9db-d62d4a3b9cf6,no,194
bc5e8dda-ff4e-43a2-ad2b-1a36fd6017ac,ocd-vote/983ee49d-048c-49cd-b9db-d62d4a3b9cf6,yes,175
8b842ef1-d7b9-4504-bf2c-1b35b7f2c371,ocd-vote/994ca521-567b-41b3-9a03-14c6528fd5da,other,11
442a758e-4076-4ea5-8fe6-313a7cb4e0da,ocd-vote/994ca521-567b-41b3-9a03-14c6528fd5da,no,145
491bdfd9-d315-4120-862d-c0e764159f0a,ocd-vote/994ca521-567b-41b3-9a03-14c6528fd5da,yes,239
c256ba15-c742-4279-9bf5-7df0e600ec5a,ocd-vote/4eb300c2-52bb-4f68-9cfc-de325cafa9fb,other,19
47685da4-998b-4a8a-834c-76886986afb7,ocd-vote/4eb300c2-52bb-4f68-9cfc-de325cafa9fb,no,245
194d7482-4a90-4662-989b-9bf92692ab30,ocd-vote/4eb300c2-52bb-4f68-9cfc-de325cafa9fb,yes,131
6d91cc41-5376-4c7f-ba87-c83b76d956d7,ocd-vote/95fc6543-bb6f-448b-ab35-b98e8f5b292d,other,1
ee1a43bf-1df8-4f38-8add-bd5abad21e86,ocd-vote/95fc6543-bb6f-448b-ab35-b98e8f5b292d,no,10
65c99962-97bc-45b8-a04a-a0dded43fd63,ocd-vote/95fc6543-bb6f-448b-ab35-b98e8f5b292d,yes,13
c16d82bf-44bb-48e4-9972-75f471cc9175,ocd-vote/37cb8321-38d5-4c5c-a249-b44b1510cc2e,no,7
13afb3aa-e437-427f-9191-ef80cf48aba4,ocd-vote/37cb8321-38d5-4c5c-a249-b44b1510cc2e,yes,17
616c57c2-94ab-40ec-9d42-3d684467fb2e,ocd-vote/5509fe7e-9d66-4496-ade2-b7201e80e6b5,other,16
1f59b72b-fcbc-47b4-844e-fff22e988b0e,ocd-vote/5509fe7e-9d66-4496-ade2-b7201e80e6b5,no,73
49739d20-91a6-40bd-bd93-af1845d799ce,ocd-vote/5509fe7e-9d66-4496-ade2-b7201e80e6b5,yes,306
294df53a-70d0-4c0b-9255-f6db6a7bbb4a,ocd-vote/63e2c675-89fd-4dac-9770-329907c5ad23,other,25
f0ed945a-87ff-4e2e-a7c2-e7f0d07daabd,ocd-vote/63e2c675-89fd-4dac-9770-329907c5ad23,no,194
c8950eb2-0580-4b7a-b2cd-2d021d6114fd,ocd-vote/63e2c675-89fd-4dac-9770-329907c5ad23,yes,176
58f612b6-7250-4dd2-801e-7052633674d6,ocd-vote/020f1a71-782b-4d0f-bd8d-eaa72e533edc,other,25
e83cc3d8-d676-4748-b8c8-67daea9716a4,ocd-vote/020f1a71-782b-4d0f-bd8d-eaa72e533edc,no,331
aedf19c3-f081-4061-8cb4-37425d7127a7,ocd-vote/020f1a71-782b-4d0f-bd8d-eaa72e533edc,yes,40
9f228cb5-c54b-4033-9f2f-4b0e185370e1,ocd-vote/b065fff5-1e5f-4bd1-ab4b-b5ee384b0bdc,other,41
a26e4856-5f6b-4f4c-b90a-2a3ddf2fdd6f,ocd-vote/b065fff5-1e5f-4bd1-ab4b-b5ee384b0bdc,no,191
d892c739-591e-461a-ac8c-0587d1316226,ocd-vote/b065fff5-1e5f-4bd1-ab4b-b5ee384b0bdc,yes,162
2676d400-3ad5-421d-ac1c-6f282a0dfdd1,ocd-vote/ee78884e-aa32-4f03-a572-0729163d2595,other,33
c2211656-f152-433c-913f-1230e888e67e,ocd-vote/ee78884e-aa32-4f03-a572-0729163d2595,no,192
74812f0c-ce15-4af3-b36b-6f3e687d1940,ocd-vote/ee78884e-aa32-4f03-a572-0729163d2595,yes,169
a93de038-902d-4699-8bc9-332d842f693f,ocd-vote/751620b8-47ac-4350-8e47-e1cd9014df80,no,10
9eb66857-4eb7-475a-bd8c-5a68d8dfd423,ocd-vote/751620b8-47ac-4350-8e47-e1cd9014df80,yes,14
9e4b57d2-965f-4a8d-affe-a63c3062003b,ocd-vote/1e24097a-0cc0-4ebe-9143-1fd30cf8a9ab,other,1
802ea00b-21d9-440b-9cb0-f0927474758c,ocd-vote/1e24097a-0cc0-4ebe-9143-1fd30cf8a9ab,no,10
d0d73295-09be-42fa-9d21-dc3d4b5dfbc5,ocd-vote/1e24097a-0cc0-4ebe-9143-1fd30cf8a9ab,yes,13
75c405fc-6d6d-4a60-b9a5-7e2fe3ebb5a8,ocd-vote/fe24129d-0677-4e63-a302-55596a59c8f1,no,10
ba7ae8ad-2956-4199-bfe8-86fcd3093d4e,ocd-vote/fe24129d-0677-4e63-a302-55596a59c8f1,yes,14
e3fc33bc-673a-4d9e-a0a0-ae240a5f15e2,ocd-vote/05ad44fe-ef72-420b-a5b4-5a992ef69d3f,other,11
3d3a9e56-a16c-4bf2-be0b-13e5f630041f,ocd-vote/05ad44fe-ef72-420b-a5b4-5a992ef69d3f,no,192
8552dbd3-638d-4827-87f2-7874bd084673,ocd-vote/05ad44fe-ef72-420b-a5b4-5a992ef69d3f,yes,192
c49970d6-dca4-4369-9132-2ab5e894bcc7,ocd-vote/2e61132b-f326-419b-8e13-75ddf3aef2e8,other,29
b380dcc7-72b1-4b1c-922a-f62983dde125,ocd-vote/2e61132b-f326-419b-8e13-75ddf3aef2e8,no,186
4562176b-92ee-43fe-8928-bd3ca7fb5d69,ocd-vote/2e61132b-f326-419b-8e13-75ddf3aef2e8,yes,180
ec20f4b8-fa95-46e9-a68f-5b88cefc6d84,ocd-vote/148c2f3e-44e5-471e-b4b0-9e11ac263a99,other,23
60560a0a-fc5c-4bca-a242-58e908d25b9d,ocd-vote/148c2f3e-44e5-471e-b4b0-9e11ac263a99,no,186
09b2a59c-2c0a-472d-927d-9eb31edf7d77,ocd-vote/148c2f3e-44e5-471e-b4b0-9e11ac263a99,yes,186
f329bac5-0e0b-4176-8188-50d36c0f775d,ocd-vote/fcff7cce-689d-4577-8cb4-b82f9f384353,other,6
31d234fe-936c-4566-9a65-eeacdd7b29d5,ocd-vote/fcff7cce-689d-4577-8cb4-b82f9f384353,no,222
0672b0ba-e8c0-48b3-9a59-bbcaa949bada,ocd-vote/fcff7cce-689d-4577-8cb4-b82f9f384353,yes,167
d8cf5a80-bd4d-47f2-8d75-77c628f909d3,ocd-vote/7436fb41-c9ee-486f-ab7b-fbf06473cabe,other,22
f5654039-7389-457a-9fd2-ece9fee1d3ac,ocd-vote/7436fb41-c9ee-486f-ab7b-fbf06473cabe,no,199
77a22cac-220c-4163-aff7-dce71bd6817f,ocd-vote/7436fb41-c9ee-486f-ab7b-fbf06473cabe,yes,175
e485b0e8-d465-420f-ae8d-9fbe832f1a1c,ocd-vote/58696399-c64b-470b-8a7a-a98a5f0433e2,other,47
b674736e-3d61-4483-8e64-aebd5cf19473,ocd-vote/58696399-c64b-470b-8a7a-a98a5f0433e2,no,27
8029fd82-24d1-43fb-9ca6-b84bdf767ce2,ocd-vote/58696399-c64b-470b-8a7a-a98a5f0433e2,yes,321
73fc40ca-f0b8-4d1b-9ad4-6df6dbdd6acd,ocd-vote/121e784d-56f7-4bd9-a382-f5b0a52c7725,other,1
a939f68d-823f-488b-aa10-dfeb7b5ec8d2,ocd-vote/121e784d-56f7-4bd9-a382-f5b0a52c7725,no,14
1d422b17-8f97-41a6-80fb-f24569aa9326,ocd-vote/121e784d-56f7-4bd9-a382-f5b0a52c7725,yes,9
24d560d1-b8a6-4a1c-9e9f-60706820b6f3,ocd-vote/cef649f0-b121-405a-9d59-b48157c8e27e,other,12
7c5fea15-1492-40b1-b162-2bf4748de728,ocd-vote/cef649f0-b121-405a-9d59-b48157c8e27e,no,9
b76bb099-43d7-4f6b-8beb-196183b1b6a5,ocd-vote/cef649f0-b121-405a-9d59-b48157c8e27e,yes,374
eeeadf65-12c7-413d-bc32-8b59fcb5324f,ocd-vote/795c1290-476a-4ca9-95c4-4d824f0bfbf5,no,10
4bc97809-553f-43c7-b30e-3d3a18f39d3e,ocd-vote/795c1290-476a-4ca9-95c4-4d824f0bfbf5,yes,14
ad0fc5e7-5aa2-4e5b-a667-908f4c4508f9,ocd-vote/91fdb915-c6ca-46c8-8a8e-00186c2ad8ce,no,0
acf6aa6f-219e-47ee-b62f-e0a80f3beae5,ocd-vote/91fdb915-c6ca-46c8-8a8e-00186c2ad8ce,yes,24
60ecafd1-5bff-4044-9f19-e2ef303897b2,ocd-vote/a09b76d6-7ae6-4b19-bf48-d1dff10a690c,other,1
cde13e1a-560d-425d-a9ac-233a37a28626,ocd-vote/a09b76d6-7ae6-4b19-bf48-d1dff10a690c,no,10
8b0bc7fe-a1ac-457f-917f-dedc99c4af9e,ocd-vote/a09b76d6-7ae6-4b19-bf48-d1dff10a690c,yes,13
59065ea4-acb2-447f-9303-a45babc796d4,ocd-vote/e301c1b9-981b-4d84-b241-adc3408cbf11,other,18
64c10f3b-8051-45ed-937b-7b2947e08563,ocd-vote/e301c1b9-981b-4d84-b241-adc3408cbf11,no,226
82dff45c-16d3-4de3-92dc-7275980f6ea8,ocd-vote/e301c1b9-981b-4d84-b241-adc3408cbf11,yes,152
bffc1d13-63d0-4d0a-9f63-581ecc717280,ocd-vote/1437adaf-408d-4aff-991d-e1234f399b4b,other,35
c2e3d087-e9b9-4c69-8f4d-e5472cb1220a,ocd-vote/1437adaf-408d-4aff-991d-e1234f399b4b,no,174
ef1615d7-4eb6-42b1-87ec-0a4ff10870a9,ocd-vote/1437adaf-408d-4aff-991d-e1234f399b4b,yes,187
4ed41c80-5dff-420a-bd64-28d90d5744b8,ocd-vote/048d1d68-405c-474c-9796-4e09d89fdfac,no,4
4b3aa582-68c6-4b99-a73e-848c3b8f431a,ocd-vote/048d1d68-405c-474c-9796-4e09d89fdfac,yes,20
c1946aa5-0e2b-4227-aa01-53dabd215154,ocd-vote/89650974-a3d4-44f2-95a6-fb4cbeca5756,other,9
58f34fb7-bd23-4744-b454-e491441a805a,ocd-vote/89650974-a3d4-44f2-95a6-fb4cbeca5756,no,189
67886c73-60a8-4a01-b49c-f087cb3b9064,ocd-vote/89650974-a3d4-44f2-95a6-fb4cbeca5756,yes,196
78481446-a771-4c14-94de-87c5c4c5eb7e,ocd-vote/a81718ff-8e51-46ee-a5e5-068f72534669,no,10
ddffd738-25c8-4fad-a8df-e8b7f9eacb65,ocd-vote/a81718ff-8e51-46ee-a5e5-068f72534669,yes,14
74e5d4b1-369e-4bad-b828-d5a640d701b8,ocd-vote/906f3948-f385-4a6f-81c9-8afb2e543841,other,1
cbdbe766-6dbe-4800-b8db-8ce71a87ecbc,ocd-vote/906f3948-f385-4a6f-81c9-8afb2e543841,no,13
0ec1c26d-f366-4e14-9227-4e6492271c8d,ocd-vote/906f3948-f385-4a6f-81c9-8afb2e543841,yes,10
cb8414da-65d4-4d16-82a3-df4b7f709a07,ocd-vote/63fe42fa-6560-4a2d-a6be-2ff0af0e0969,other,18
e124dba3-dea9-4955-93f6-2580fe0ed41c,ocd-vote/63fe42fa-6560-4a2d-a6be-2ff0af0e0969,no,193
b3e7cc07-855f-444b-a121-4d5d4488ebfe,ocd-vote/63fe42fa-6560-4a2d-a6be-2ff0af0e0969,yes,184
2cc64869-b2ae-43d9-8fde-420aa7aa772f,ocd-vote/7a739304-2ae9-4e37-8282-7f718b989cb7,other,9
1e834cf5-b46e-4218-a470-9f5535e7f59b,ocd-vote/7a739304-2ae9-4e37-8282-7f718b989cb7,no,187
a413469f-e8ad-4015-b50c-2aaa4167f49a,ocd-vote/7a739304-2ae9-4e37-8282-7f718b989cb7,yes,199
9b8e607c-babe-494a-8247-f2cc95aa6b82,ocd-vote/a6891334-e0e7-4860-84da-9753d4d08b84,other,38
a6bb1ac1-2a86-450b-bd3f-1a7386a3dc69,ocd-vote/a6891334-e0e7-4860-84da-9753d4d08b84,no,121
11486a30-1e6b-4355-a81f-8ba9e4cbbe06,ocd-vote/a6891334-e0e7-4860-84da-9753d4d08b84,yes,237
a4bda2b6-31ef-4c3e-b56e-f74da279b7f1,ocd-vote/e509c457-181f-45ef-9f78-d10bb2bd7e3a,other,20
72a551fd-1e0c-42a9-b937-288d3ff47cd2,ocd-vote/e509c457-181f-45ef-9f78-d10bb2bd7e3a,no,185
71f4e93b-cc53-4633-986f-5bced535644f,ocd-vote/e509c457-181f-45ef-9f78-d10bb2bd7e3a,yes,191
c243a2c6-c7d3-4aa4-b3c3-1bff139792d3,ocd-vote/c02fe4b5-2b01-4e19-9da9-1ccb3e59a939,no,8
0bd3787e-0de0-41a8-849c-6699778ac87c,ocd-vote/c02fe4b5-2b01-4e19-9da9-1ccb3e59a939,yes,16
1b5542fb-7680-4ad9-9227-be5543802dde,ocd-vote/f8779653-7568-4d38-b23b-d4a3a32fcb4d,other,8
e2fd7240-f4ca-4abc-9317-ec6cecbb6040,ocd-vote/f8779653-7568-4d38-b23b-d4a3a32fcb4d,no,0
1488c389-a8b7-4f49-9dac-1b8a938abad8,ocd-vote/f8779653-7568-4d38-b23b-d4a3a32fcb4d,yes,387
fd2d793a-a7c6-4aea-b42f-49c65a72f350,ocd-vote/1459a5ba-bd5b-4972-b1bf-fd506d2148fe,no,10
528cc9af-e096-47b3-87d2-580c7f75c3a9,ocd-vote/1459a5ba-bd5b-4972-b1bf-fd506d2148fe,yes,14
af943730-f948-4685-ad24-8e622d2b05b7,ocd-vote/d5e05f2f-54d4-410e-a190-65c8bbd587ee,other,48
7bd461ee-d331-491d-b1a2-b42d61aeb687,ocd-vote/d5e05f2f-54d4-410e-a190-65c8bbd587ee,no,177
1fc77abd-cc1b-44ed-8f7b-0d14ed56c051,ocd-vote/d5e05f2f-54d4-410e-a190-65c8bbd587ee,yes,170
b7a2743e-e4ef-4af8-be23-94c9c11c271f,ocd-vote/a09e0df0-c4e1-431e-8b42-9f289971fcfd,no,10
86074779-99cb-4389-a9b1-23a619070af2,ocd-vote/a09e0df0-c4e1-431e-8b42-9f289971fcfd,yes,14
cc2bb2d8-cf86-4d60-9b05-b33d7b4c8eda,ocd-vote/3b5480fe-09ad-404f-abb8-16b46dbea413,other,1
2a51f191-6dfd-444b-adcb-2a65e72a0272,ocd-vote/3b5480fe-09ad-404f-abb8-16b46dbea413,no,12
5672b5ad-7584-4317-a865-646c28778d2e,ocd-vote/3b5480fe-09ad-404f-abb8-16b46dbea413,yes,11
463ccf09-4d3c-461f-87ed-58d6f34a44df,ocd-vote/8025f301-6b09-4052-a234-a408588a6645,other,8
fb6d28e9-8d07-4c23-b401-d1819a8dccbe,ocd-vote/8025f301-6b09-4052-a234-a408588a6645,no,196
6047894f-c01e-43e0-b93b-ac1054d80402,ocd-vote/8025f301-6b09-4052-a234-a408588a6645,yes,191
c3541415-b3ab-49e0-afbc-2789b0055bc3,ocd-vote/2694de66-e81b-4e14-bc9f-e4ff1122c2c2,other,20
25ae389a-5d87-4961-a5e3-3d6e2e0b5fb5,ocd-vote/2694de66-e81b-4e14-bc9f-e4ff1122c2c2,no,175
b39922df-fee7-4129-82c8-70e6084d068d,ocd-vote/2694de66-e81b-4e14-bc9f-e4ff1122c2c2,yes,200
b0d6dde3-75b3-4221-bf6a-5a999b1719a1,ocd-vote/c946d7d3-dc62-45f3-829f-4deb1575247b,other,25
8adb2e06-486e-4067-aae1-f8a03e7d1ee3,ocd-vote/c946d7d3-dc62-45f3-829f-4deb1575247b,no,206
8c26146f-26d4-4ba5-85d7-cdce79cd1e33,ocd-vote/c946d7d3-dc62-45f3-829f-4deb1575247b,yes,165
0b144ade-f9f8-42fd-bdaa-89956e887f3f,ocd-vote/b01687a0-332e-47c5-9017-0069245df141,other,1
7fcb76a3-11d8-4593-83c3-16794153f9c1,ocd-vote/b01687a0-332e-47c5-9017-0069245df141,no,11
8b97515e-951c-4f76-b2df-64a9e6e09ff9,ocd-vote/b01687a0-332e-47c5-9017-0069245df141,yes,12
bfa68ae3-2413-4da9-aaf7-b779473aca2a,ocd-vote/bc60b6a0-6169-49aa-8f73-1957002e27b3,other,6
79a0ebb3-870b-4473-8cf6-06b43c42bc4c,ocd-vote/bc60b6a0-6169-49aa-8f73-1957002e27b3,no,199
6171c68a-cc28-413e-a9ed-c8f778ef9dd5,ocd-vote/bc60b6a0-6169-49aa-8f73-1957002e27b3,yes,190
4f7f1c31-7837-4c14-af6d-c05ec809bd8a,ocd-vote/0c5775bf-3f65-4c4d-bc46-4e4a641f1cb8,other,17
5264661b-82d1-4709-9059-843b9d931371,ocd-vote/0c5775bf-3f65-4c4d-bc46-4e4a641f1cb8,no,109
2e79c72b-e495-41c4-a179-b2c7966767b4,ocd-vote/0c5775bf-3f65-4c4d-bc46-4e4a641f1cb8,yes,269
6310559c-9b6d-4633-b7de-0ae3b249f36a,ocd-vote/2b6c8818-f444-47c8-ab78-7b59f51dfffa,other,14
b03a2991-e0c3-4ed4-b052-90218049170c,ocd-vote/2b6c8818-f444-47c8-ab78-7b59f51dfffa,no,110
717d74c5-5260-4072-93de-b9fd2b2ef568,ocd-vote/2b6c8818-f444-47c8-ab78-7b59f51dfffa,yes,271
08c86fda-f3d6-4d3e-b85e-01f353b7748b,ocd-vote/e67e3a3f-ea50-439a-9f66-d3637e57e56d,other,19
b82b2d8b-c563-49c2-b0df-26c9d7457544,ocd-vote/e67e3a3f-ea50-439a-9f66-d3637e57e56d,no,105
cf00f1d7-b2d2-47e2-a7a5-8dcd1e5ac423,ocd-vote/e67e3a3f-ea50-439a-9f66-d3637e57e56d,yes,271
29ab0f94-1e87-45c2-b135-b9ea62fd81cd,ocd-vote/9214ce50-1ce5-4c92-bd94-58d006d7c0b9,no,10
d531b4ca-9b10-4815-b269-cb95137540a9,ocd-vote/9214ce50-1ce5-4c92-bd94-58d006d7c0b9,yes,14
6622e431-00d2-4446-8310-fbd12c4e9086,ocd-vote/9632d62b-680b-49d6-bfdb-8a11715ef96b,other,29
024f3b02-2ff4-4aba-91a9-fe876ef8e5c8,ocd-vote/9632d62b-680b-49d6-bfdb-8a11715ef96b,no,196
1388a34d-e469-4012-b31b-8f7460d0cd77,ocd-vote/9632d62b-680b-49d6-bfdb-8a11715ef96b,yes,169
4b75c6e6-724a-4045-aba2-ead85242c84b,ocd-vote/f9b800d6-1ede-4aaa-95eb-67aa9ba15137,no,6
678bd766-1923-4c91-a72b-b74d49ed6caf,ocd-vote/f9b800d6-1ede-4aaa-95eb-67aa9ba15137,yes,18
1e488b3c-bb0e-4adb-bb46-e54c83389a82,ocd-vote/0070a528-8e2a-4147-84f6-02cd13239d7e,other,9
c6ac5f7f-9ebc-4712-beb3-ec000ebf4d28,ocd-vote/0070a528-8e2a-4147-84f6-02cd13239d7e,no,192
d96fc8bb-e5e4-43d3-bec3-e800826e6b39,ocd-vote/0070a528-8e2a-4147-84f6-02cd13239d7e,yes,194
5820875c-8712-45ca-89a8-9c2ae15f0768,ocd-vote/373dec0a-f244-40b0-801b-7ac451a905f3,other,29
ef567cf0-4773-4285-bdc4-55fd15e5fae5,ocd-vote/373dec0a-f244-40b0-801b-7ac451a905f3,no,183
8ba68733-66e0-48ba-b434-f9a7ed6b9c6d,ocd-vote/373dec0a-f244-40b0-801b-7ac451a905f3,yes,183
9fd7314f-e6d7-4c8b-ac2f-0ef614225dd0,ocd-vote/b0290deb-0789-4d4e-ba01-70fb797c7a63,other,34
f34066dc-29eb-43de-aa7f-5bef2da96d8a,ocd-vote/b0290deb-0789-4d4e-ba01-70fb797c7a63,no,193
ffea2822-06dd-4a52-a106-308cffe09fff,ocd-vote/b0290deb-0789-4d4e-ba01-70fb797c7a63,yes,167
3af74957-e08d-4600-9e67-bdd9cb712daa,ocd-vote/8dd65f3a-ce86-4af1-aa4e-1d502bce9fec,other,31
167c7811-051b-4e7c-b28c-c640358dbb84,ocd-vote/8dd65f3a-ce86-4af1-aa4e-1d502bce9fec,no,194
8d6d10aa-bffe-4b9e-95c1-da3d57f84ff1,ocd-vote/8dd65f3a-ce86-4af1-aa4e-1d502bce9fec,yes,171
13a80cbf-da89-4d35-8d89-7c4e091ecebe,ocd-vote/722f42c3-ea59-45f6-9a0f-987cc7ab4d48,no,175
cf9db00b-3571-405c-9f38-a5b90eba86f2,ocd-vote/722f42c3-ea59-45f6-9a0f-987cc7ab4d48,yes,170
7f623014-00f3-4257-9cac-09b5d212878b,ocd-vote/4c90f523-6f20-4624-8a28-7ec4fd896939,other,16
d37a288f-29ef-4b83-945d-aa875b20a62f,ocd-vote/4c90f523-6f20-4624-8a28-7ec4fd896939,no,26
25ca391c-20b0-48e0-8b4c-5257964ae2af,ocd-vote/4c90f523-6f20-4624-8a28-7ec4fd896939,yes,353
548995bf-11b7-43d9-a250-aeebc6e70a31,ocd-vote/d47113a4-8c2d-47c7-8e81-aaac1b6e915f,other,19
487788fb-56ad-45ce-9639-2509741414e5,ocd-vote/d47113a4-8c2d-47c7-8e81-aaac1b6e915f,no,100
bbab2e23-cdb2-4856-b5a1-8fbfb474f189,ocd-vote/d47113a4-8c2d-47c7-8e81-aaac1b6e915f,yes,276
1c01d9b7-5991-4e54-9170-e9cd8f274609,ocd-vote/42d07990-c8e4-4073-8d77-2866070b308c,other,26
23ccb4dd-c64f-4a38-b3dc-83be9c847bcd,ocd-vote/42d07990-c8e4-4073-8d77-2866070b308c,no,180
0ebe6054-b067-4281-97aa-55b872e44c0d,ocd-vote/42d07990-c8e4-4073-8d77-2866070b308c,yes,190
e0164fc2-bd37-420b-ae43-9b4a0b1326f5,ocd-vote/dea72340-f94e-49da-9884-52f0ce8e247f,other,17
d096cb03-50c7-4f6d-bcea-c902a69c4e11,ocd-vote/dea72340-f94e-49da-9884-52f0ce8e247f,no,185
a604ebef-2bfe-451e-9f5e-5f09e5e82440,ocd-vote/dea72340-f94e-49da-9884-52f0ce8e247f,yes,193
9a64ef31-3e98-4ff5-942e-d2b19dd7ca85,ocd-vote/d5a7dcf9-e540-4c3d-8520-28a0bec514ce,other,47
06cc3bac-9ec7-44a1-ad91-892007f16f91,ocd-vote/d5a7dcf9-e540-4c3d-8520-28a0bec514ce,no,192
766570c5-018e-4bca-a8f9-ffc1cc683925,ocd-vote/d5a7dcf9-e540-4c3d-8520-28a0bec514ce,yes,156
73432f16-f2a2-487e-8630-0cc69ef2ad62,ocd-vote/5809329f-7f44-4b4f-beb3-15e696e2ac3b,other,23
2293d4fa-009c-456a-a4a9-fdaaf4eeb7ee,ocd-vote/5809329f-7f44-4b4f-beb3-15e696e2ac3b,no,174
a9783521-a9df-41f4-9c23-9ebdd4b7097a,ocd-vote/5809329f-7f44-4b4f-beb3-15e696e2ac3b,yes,199
2a4f4fd4-1319-44d2-b348-07a978fa6b8e,ocd-vote/4e813378-7014-47ad-8a50-f94596a849c6,other,22
afdae54d-9388-4204-b395-e55790cdee11,ocd-vote/4e813378-7014-47ad-8a50-f94596a849c6,no,178
3f2daded-d08d-4d2e-bbbc-1e53a74c88b8,ocd-vote/4e813378-7014-47ad-8a50-f94596a849c6,yes,196
a69acffa-c4da-428b-9236-59fb5a8031b1,ocd-vote/86722d1f-f621-4295-a03c-3e125b9c6252,other,33
9e0587ce-a1b4-411e-8eb7-db1db7eabe71,ocd-vote/86722d1f-f621-4295-a03c-3e125b9c6252,no,180
91527e90-f162-4d94-99ec-dea8b73f9f19,ocd-vote/86722d1f-f621-4295-a03c-3e125b9c6252,yes,183
76bec181-a3d9-4a80-b02e-efc163279765,ocd-vote/a6701773-1d0d-4bed-a689-f13a78f6a234,no,10
cb40cc1c-c93c-4e82-808b-0e4991029a9a,ocd-vote/a6701773-1d0d-4bed-a689-f13a78f6a234,yes,14
a0bd6ce0-fe9f-4ad7-8280-1e724cbc6552,ocd-vote/46808203-10ef-4ea0-ab83-72bf38b8d8a1,other,27
5e1e879f-407f-4466-a0ea-681947aca9e1,ocd-vote/46808203-10ef-4ea0-ab83-72bf38b8d8a1,no,194
15ad5c69-c487-4422-89fa-f4ccf6922c4c,ocd-vote/46808203-10ef-4ea0-ab83-72bf38b8d8a1,yes,173
b41db8e7-cb99-45f1-a8a4-f8801a268f20,ocd-vote/e6cc1691-c41e-4361-8f59-ddd53abfc37f,other,39
8b74dbf7-97de-46dc-91bd-931ffa0e1d09,ocd-vote/e6cc1691-c41e-4361-8f59-ddd53abfc37f,no,174
1ab62d59-5d06-4d5c-af47-db1a602541f4,ocd-vote/e6cc1691-c41e-4361-8f59-ddd53abfc37f,yes,183
0785488e-151b-4bbb-9ca2-061f947535ed,ocd-vote/ac8d5054-60f7-4e4a-b8e8-3da270699d9d,other,48
c2a019af-cd54-424d-89f4-7545975e8eeb,ocd-vote/ac8d5054-60f7-4e4a-b8e8-3da270699d9d,no,113
e0a7cc8e-94ba-4f0e-bf05-d897be439b9f,ocd-vote/ac8d5054-60f7-4e4a-b8e8-3da270699d9d,yes,233
36dd892b-db2c-45c1-b186-b0c495f2f32a,ocd-vote/73c7169a-0ee5-4958-9c78-6346556603ad,other,27
9744c877-bf8c-4725-a081-d90b79c640bb,ocd-vote/73c7169a-0ee5-4958-9c78-6346556603ad,no,162
141b67e6-3e0c-449a-9a92-a68eb27a1f4c,ocd-vote/73c7169a-0ee5-4958-9c78-6346556603ad,yes,206
1ffd2a1c-0b58-4432-b76f-d9487bedc40f,ocd-vote/d7e310c5-3e6f-4099-b113-645f2fdc01a4,no,3
dcfdd3ec-d0c2-4598-8426-7a9dae7ee9c0,ocd-vote/d7e310c5-3e6f-4099-b113-645f2fdc01a4,yes,21
095d5bc8-6673-4b7b-92a7-314f9bf79b8b,ocd-vote/d6cf5deb-4128-4238-ab4f-7fdcfeb61031,other,40
75a01bc3-f5ad-4173-910c-b5b60911caf8,ocd-vote/d6cf5deb-4128-4238-ab4f-7fdcfeb61031,no,190
477827fb-c285-41c1-9c55-ca98b9f1e492,ocd-vote/d6cf5deb-4128-4238-ab4f-7fdcfeb61031,yes,164
c3ab09cc-aafd-46a5-8bae-0ebd7d1070ef,ocd-vote/590d1812-d9cd-4c38-827a-fc4671158e0e,other,11
2d119d5e-9acd-4258-8ef6-0ce446ea3d26,ocd-vote/590d1812-d9cd-4c38-827a-fc4671158e0e,no,191
9af09eb7-b855-479a-81dc-f4f6c9cf479e,ocd-vote/590d1812-d9cd-4c38-827a-fc4671158e0e,yes,193
83176e4e-7994-4827-90af-3c42fce70ce7,ocd-vote/50fc2b41-3e39-4204-8e38-a1074de7e88d,other,8
753ac0ec-792a-4ba9-a63c-230432acaf69,ocd-vote/50fc2b41-3e39-4204-8e38-a1074de7e88d,no,259
eb7ea9a4-4ee8-47d5-94d4-3f73b6404aa7,ocd-vote/50fc2b41-3e39-4204-8e38-a1074de7e88d,yes,128
cfc8f811-f731-4829-aa49-178ec61672d3,ocd-vote/04dadb44-c6a4-4270-a595-a6c03f77b1c7,other,21
8462581f-b80d-4af0-a303-f3978f47e14e,ocd-vote/04dadb44-c6a4-4270-a595-a6c03f77b1c7,no,186
12831591-d7a4-4442-8d9e-7995c2243163,ocd-vote/04dadb44-c6a4-4270-a595-a6c03f77b1c7,yes,188
14736a3b-c95d-42c5-a764-c33a8b6f6035,ocd-vote/763ac61f-dacb-4fe1-a75b-48f837e1b7dc,other,33
acdb77e6-07fb-4969-9326-92b697a82db7,ocd-vote/763ac61f-dacb-4fe1-a75b-48f837e1b7dc,no,191
3176766d-71ef-4d61-bcdf-07385021dd1d,ocd-vote/763ac61f-dacb-4fe1-a75b-48f837e1b7dc,yes,170
4f4e94e3-983c-483c-bcc1-84d73c6de363,ocd-vote/a451a613-913d-4b99-96d3-d7796e0a925b,other,22
5e2831a3-cbaa-4bae-a989-659ee40d1487,ocd-vote/a451a613-913d-4b99-96d3-d7796e0a925b,no,193
7eba4526-a0d0-417b-bf83-d299fb381d80,ocd-vote/a451a613-913d-4b99-96d3-d7796e0a925b,yes,181
df78d894-8cbc-4d3c-bef9-94c7849260f3,ocd-vote/03e9b5c0-1d6d-4254-ab30-14b73c2106b9,other,16
f514c061-a72d-4131-9dda-646c1af7a932,ocd-vote/03e9b5c0-1d6d-4254-ab30-14b73c2106b9,no,71
d318c5fc-fd33-40e7-a800-3a0b47d0de6b,ocd-vote/03e9b5c0-1d6d-4254-ab30-14b73c2106b9,yes,308
42e60393-f15f-4c1c-865c-80f248925d7f,ocd-vote/ff7305bd-526a-4545-824e-9885ed81228f,no,9
b65f3251-9226-4625-9de8-a1e705259ee1,ocd-vote/ff7305bd-526a-4545-824e-9885ed81228f,yes,15
18b82fba-2333-4dcf-95e5-879caf66670b,ocd-vote/538a2650-28c0-46ee-a7b7-034a133984a8,other,29
86042e84-148d-470f-941c-bbf615a45fe5,ocd-vote/538a2650-28c0-46ee-a7b7-034a133984a8,no,169
7da4c426-3be0-4654-96a4-9fcd5186aeae,ocd-vote/538a2650-28c0-46ee-a7b7-034a133984a8,yes,196
1ee69901-03f4-4261-b8d9-4538768b3580,ocd-vote/3c5e4a74-0045-427f-9838-ea8f06a6b529,no,0
393b1024-a8a5-4f7c-a212-0cb1e85c72e4,ocd-vote/3c5e4a74-0045-427f-9838-ea8f06a6b529,yes,24
7f655990-59fa-4ed5-9426-136f49c42b63,ocd-vote/91287cc2-1b31-4878-ba41-241c49c5d6fb,other,26
5bdc6432-e8c8-4f02-8cda-9fdc06bd3440,ocd-vote/91287cc2-1b31-4878-ba41-241c49c5d6fb,no,195
48313141-913d-4317-8c2f-2c902b1d1d61,ocd-vote/91287cc2-1b31-4878-ba41-241c49c5d6fb,yes,173
8b8b76ed-4df4-445c-9d09-fd2fb7467db0,ocd-vote/a523e27c-7b12-470e-abf9-a01f828041c4,no,14
d7241d68-dfe3-4686-b9fb-41ffc32700b4,ocd-vote/a523e27c-7b12-470e-abf9-a01f828041c4,yes,10
bb4ab2c7-64ed-4b75-826c-bee2476cc561,ocd-vote/944bf092-be9f-4b9b-8e49-3f730d87470b,other,24
0c6042df-b270-4546-9d8d-e22717444451,ocd-vote/944bf092-be9f-4b9b-8e49-3f730d87470b,no,148
2750dbbe-714d-4e09-8f06-37c8a904284b,ocd-vote/944bf092-be9f-4b9b-8e49-3f730d87470b,yes,224
be1de03d-5b2f-4781-bbaa-59652c80750d,ocd-vote/51eb17e2-d689-4930-8edd-9779c35de3ee,other,9
ba230a4f-eb6c-4ee6-a630-57af4fd32a17,ocd-vote/51eb17e2-d689-4930-8edd-9779c35de3ee,no,201
0b0fd440-c86c-4afd-84d1-fb5a0e1a04fd,ocd-vote/51eb17e2-d689-4930-8edd-9779c35de3ee,yes,184
13617d44-5e9f-4d98-96fb-9a94bd3ac942,ocd-vote/cc2c6f5f-32ba-4fb7-b8d9-e6afd85b12b6,other,10
cfbe0e36-adda-4593-9204-b95f33a79ccc,ocd-vote/cc2c6f5f-32ba-4fb7-b8d9-e6afd85b12b6,no,188
cf250134-c151-44f7-abef-1a84b080e661,ocd-vote/cc2c6f5f-32ba-4fb7-b8d9-e6afd85b12b6,yes,196
1c879088-0cbc-4354-b20f-6ae728151279,ocd-vote/86a2961c-d1a5-4fb8-a28a-08bdd5f1d9ca,other,31
5c89d742-efec-40fc-bcc9-4b5677ca24a7,ocd-vote/86a2961c-d1a5-4fb8-a28a-08bdd5f1d9ca,no,186
3197af66-33c3-4fa1-9d9a-cad5e03fce93,ocd-vote/86a2961c-d1a5-4fb8-a28a-08bdd5f1d9ca,yes,179
b020db3e-54f4-490d-afcc-a20bf23662bf,ocd-vote/e0859aca-61d3-4e78-8d20-2d788dc2fcab,other,27
50065505-bedc-4d2d-9314-d2918e25d45c,ocd-vote/e0859aca-61d3-4e78-8d20-2d788dc2fcab,no,183
499a06a6-b2a3-4118-b133-e2c4b2937426,ocd-vote/e0859aca-61d3-4e78-8d20-2d788dc2fcab,yes,186
f803f014-4c22-411a-b4cc-2f7f44fc30df,ocd-vote/85945f9d-619b-4cf0-a12d-f5d88d073dce,other,1
26153146-8d29-4dbb-852a-792d5af192b4,ocd-vote/85945f9d-619b-4cf0-a12d-f5d88d073dce,no,22
6bb37101-e039-473c-94d1-24990da260dc,ocd-vote/85945f9d-619b-4cf0-a12d-f5d88d073dce,yes,1
f448c920-e66f-4f73-9002-ade14879c0f2,ocd-vote/d522e546-b460-4e5f-aa1d-5e01b5eb33b5,other,1
0aa2fb98-48de-4341-8f9e-9de26db5a960,ocd-vote/d522e546-b460-4e5f-aa1d-5e01b5eb33b5,no,1
760b8279-e4e0-409c-8b8d-d6e199d742a9,ocd-vote/d522e546-b460-4e5f-aa1d-5e01b5eb33b5,yes,22
3ce3441c-705c-4b51-8263-972d60ac911c,ocd-vote/84903848-393f-4520-bf59-a778bac25d1e,no,3
34c6d30f-c8ae-48d3-8249-68a6223cec93,ocd-vote/84903848-393f-4520-bf59-a778bac25d1e,yes,21
e886c620-5400-4703-a58a-68f5af774b93,ocd-vote/e1ef6287-d91a-4c88-8ecd-edb72af469c3,other,6
a14475ad-cb69-4663-bda4-a05b5b7a2585,ocd-vote/e1ef6287-d91a-4c88-8ecd-edb72af469c3,no,194
d1e1bbad-92d5-4a93-9899-aefc59c216f9,ocd-vote/e1ef6287-d91a-4c88-8ecd-edb72af469c3,yes,195
3e1cc1da-33b4-43ad-a87c-7564d47b6afa,ocd-vote/c9bea408-4013-4010-a886-9487632cfeb1,other,22
aff4f2c1-8f9f-4a39-9224-6708f06bc788,ocd-vote/c9bea408-4013-4010-a886-9487632cfeb1,no,251
d25ec7ce-bfff-4f83-bff8-c16761175fb4,ocd-vote/c9bea408-4013-4010-a886-9487632cfeb1,yes,122
50b0e0a9-ff9f-4c80-aa4f-836b9873fabc,ocd-vote/ed544584-afe1-4b8f-a48f-24e704e856a1,other,44
13e48006-560b-4bc7-90f3-b8e4d0480384,ocd-vote/ed544584-afe1-4b8f-a48f-24e704e856a1,no,188
7e13ad63-8bc7-47b9-a7cd-cf9387495447,ocd-vote/ed544584-afe1-4b8f-a48f-24e704e856a1,yes,163
a564ee64-3f15-47fa-b32d-0aedaf75d7c9,ocd-vote/f4cf690f-e9bd-46db-9c5d-626eb3c89b5f,other,36
7f3dd65e-11ff-45be-8674-a6d10cdc79d6,ocd-vote/f4cf690f-e9bd-46db-9c5d-626eb3c89b5f,no,199
fb1ab146-24a4-49b3-9362-72aea09ded07,ocd-vote/f4cf690f-e9bd-46db-9c5d-626eb3c89b5f,yes,161
1211c739-ba74-4443-8f84-ea2ce775b27d,ocd-vote/c724a8ba-fe00-4bf9-ad36-bf329650ef5c,other,39
6f309018-3ac9-4d25-9365-7ab906f0f5fd,ocd-vote/c724a8ba-fe00-4bf9-ad36-bf329650ef5c,no,198
4c5da60f-71e3-41b0-a3c9-38ad9c2f7f69,ocd-vote/c724a8ba-fe00-4bf9-ad36-bf329650ef5c,yes,156
522ad707-0bcb-49e4-ad41-6e85a445f38b,ocd-vote/9898b063-6f14-47da-946b-497346301702,other,9
265f5329-6e53-4d0c-9ca7-e8522d544807,ocd-vote/9898b063-6f14-47da-946b-497346301702,no,187
f60008d5-274f-4d94-88ef-e1bf6c995565,ocd-vote/9898b063-6f14-47da-946b-497346301702,yes,198
69c544ff-cbd6-444a-b4c7-deeca82d7693,ocd-vote/1198791a-5fdc-480a-bedd-b78300fb523c,other,16
c2e22017-d2cb-492b-9435-336061513b60,ocd-vote/1198791a-5fdc-480a-bedd-b78300fb523c,no,187
204aefff-cba7-4dce-bc92-bbc1aff7f106,ocd-vote/1198791a-5fdc-480a-bedd-b78300fb523c,yes,192
