created_at,updated_at,extras,id,name,parent_id,jurisdiction_id,classification,sources,links,other_names
2017-07-13 05:16:37.679581+00:00,2017-07-13 05:16:37.679595+00:00,{},ocd-organization/d8dce079-d59d-407c-be93-9d3fce72bd48,New Hampshire General Court,,ocd-jurisdiction/country:us/state:nh/government,legislature,[],[],[]
2017-07-13 05:16:37.711643+00:00,2020-04-29 05:15:06.099113+00:00,{},ocd-organization/3b857974-4029-4508-94d4-ce3b86c64602,House,ocd-organization/d8dce079-d59d-407c-be93-9d3fce72bd48,ocd-jurisdiction/country:us/state:nh/government,lower,[],[],[]
2017-07-13 05:16:37.717441+00:00,2020-04-29 05:15:06.786088+00:00,{},ocd-organization/c95932a0-2ac1-4f14-a0c4-ade8568daac6,Senate,ocd-organization/d8dce079-d59d-407c-be93-9d3fce72bd48,ocd-jurisdiction/country:us/state:nh/government,upper,[],[],[]
2020-08-03 17:48:24.924025+00:00,2020-08-03 17:48:24.924050+00:00,{},ocd-organization/59217435-34d3-59ec-9673-733ae8b276d3,Office of the Governor,,ocd-jurisdiction/country:us/state:nh/government,executive,[],[],[]
2021-11-22 11:16:29.774640+00:00,2024-10-09 23:58:47.742710+00:00,{},ocd-organization/91200dc3-61f6-455a-b37b-97b9b627aa89,Commerce and Consumer Affairs,ocd-organization/3b857974-4029-4508-94d4-ce3b86c64602,ocd-jurisdiction/country:us/state:nh/government,committee,"[{'url': 'https://www.gencourt.state.nh.us/house/committees/committeedetails.aspx?id=29', 'note': 'Committee details page'}, {'url': 'https://www.gencourt.state.nh.us/house/committees/standingcommittees.aspx', 'note': 'Committees list page'}]","[{'url': 'https://www.gencourt.state.nh.us/house/committees/committeedetails.aspx?id=29', 'note': ''}, {'url': 'https://www.gencourt.state.nh.us/house/committees/committeedetails.aspx?id=29', 'note': ''}]","[{'name': 'House Commerce and Consumer Affairs', 'end_date': '', 'start_date': ''}, {'name': 'House Commerce and Consumer Affairs Committee', 'end_date': '', 'start_date': ''}, {'name': 'House Committee on Commerce and Consumer Affairs', 'end_date': '', 'start_date': ''}]"
2021-11-22 11:16:30.046731+00:00,2024-10-09 23:58:47.817630+00:00,{},ocd-organization/9f0c8c8b-6975-41ba-af5d-75d036a94404,Municipal and County Government,ocd-organization/3b857974-4029-4508-94d4-ce3b86c64602,ocd-jurisdiction/country:us/state:nh/government,committee,"[{'url': 'https://www.gencourt.state.nh.us/house/committees/committeedetails.aspx?id=11', 'note': 'Committee details page'}, {'url': 'https://www.gencourt.state.nh.us/house/committees/standingcommittees.aspx', 'note': 'Committees list page'}]","[{'url': 'https://www.gencourt.state.nh.us/house/committees/committeedetails.aspx?id=11', 'note': ''}, {'url': 'https://www.gencourt.state.nh.us/house/committees/committeedetails.aspx?id=11', 'note': ''}]","[{'name': 'House Committee on Municipal and County Government', 'end_date': '', 'start_date': ''}, {'name': 'House Municipal and County Government', 'end_date': '', 'start_date': ''}, {'name': 'House Municipal and County Government Committee', 'end_date': '', 'start_date': ''}]"
2021-11-22 11:16:29.502670+00:00,2024-10-09 23:58:47.892062+00:00,{},ocd-organization/0d3b3c46-c395-4cb3-ab79-3d2176cf9c99,Children and Family Law,ocd-organization/3b857974-4029-4508-94d4-ce3b86c64602,ocd-jurisdiction/country:us/state:nh/government,committee,"[{'url': 'https://www.gencourt.state.nh.us/house/committees/committeedetails.aspx?id=24', 'note': 'Committee details page'}, {'url': 'https://www.gencourt.state.nh.us/house/committees/standingcommittees.aspx', 'note': 'Committees list page'}]","[{'url': 'https://www.gencourt.state.nh.us/house/committees/committeedetails.aspx?id=24', 'note': ''}, {'url': 'https://www.gencourt.state.nh.us/house/committees/committeedetails.aspx?id=24', 'note': ''}]","[{'name': 'House Children and Family Law', 'end_date': '', 'start_date': ''}, {'name': 'House Children and Family Law Committee', 'end_date': '', 'start_date': ''}, {'name': 'House Committee on Children and Family Law', 'end_date': '', 'start_date': ''}]"
2023-01-19 12:27:43.745706+00:00,2024-10-09 23:58:47.966978+00:00,{},ocd-organization/5a848e1e-2457-4f1a-85e4-1ba10e987e64,Special Committee on Childcare,ocd-organization/3b857974-4029-4508-94d4-ce3b86c64602,ocd-jurisdiction/country:us/state:nh/government,committee,"[{'url': 'https://www.gencourt.state.nh.us/house/committees/committeedetails.aspx?id=1623', 'note': 'Committee details page'}, {'url': 'https://www.gencourt.state.nh.us/house/committees/standingcommittees.aspx', 'note': 'Committees list page'}]","[{'url': 'https://www.gencourt.state.nh.us/house/committees/committeedetails.aspx?id=1623', 'note': ''}, {'url': 'https://www.gencourt.state.nh.us/house/committees/committeedetails.aspx?id=1623', 'note': ''}]","[{'name': 'House Childcare Special', 'end_date': '', 'start_date': ''}, {'name': 'House Childcare Special Committee', 'end_date': '', 'start_date': ''}, {'name': 'House Committee on Childcare Special', 'end_date': '', 'start_date': ''}]"
2021-11-22 11:16:29.574780+00:00,2024-10-09 23:58:48.042468+00:00,{},ocd-organization/eb0d934e-b167-4d17-af64-1ee993ff77f3,"Science, Technology and Energy",ocd-organization/3b857974-4029-4508-94d4-ce3b86c64602,ocd-jurisdiction/country:us/state:nh/government,committee,"[{'url': 'https://www.gencourt.state.nh.us/house/committees/committeedetails.aspx?id=15', 'note': 'Committee details page'}, {'url': 'https://www.gencourt.state.nh.us/house/committees/standingcommittees.aspx', 'note': 'Committees list page'}]","[{'url': 'https://www.gencourt.state.nh.us/house/committees/committeedetails.aspx?id=15', 'note': ''}, {'url': 'https://www.gencourt.state.nh.us/house/committees/committeedetails.aspx?id=15', 'note': ''}]","[{'name': 'House Committee on Science, Technology and Energy', 'end_date': '', 'start_date': ''}, {'name': 'House Science, Technology and Energy', 'end_date': '', 'start_date': ''}, {'name': 'House Science, Technology and Energy Committee', 'end_date': '', 'start_date': ''}]"
2021-11-22 11:16:29.358653+00:00,2024-10-15 22:44:19.819778+00:00,{},ocd-organization/fbe65712-5957-4464-bed7-ae1c8b27a48f,Judiciary,ocd-organization/3b857974-4029-4508-94d4-ce3b86c64602,ocd-jurisdiction/country:us/state:nh/government,committee,"[{'url': 'https://www.gencourt.state.nh.us/house/committees/committeedetails.aspx?id=5', 'note': 'Committee details page'}, {'url': 'https://www.gencourt.state.nh.us/house/committees/standingcommittees.aspx', 'note': 'Committees list page'}]","[{'url': 'https://www.gencourt.state.nh.us/house/committees/committeedetails.aspx?id=5', 'note': ''}, {'url': 'https://www.gencourt.state.nh.us/house/committees/committeedetails.aspx?id=5', 'note': ''}]","[{'name': 'House Committee on Judiciary', 'end_date': '', 'start_date': ''}, {'name': 'House Judiciary', 'end_date': '', 'start_date': ''}, {'name': 'House Judiciary Committee', 'end_date': '', 'start_date': ''}]"
2021-11-22 11:16:29.838794+00:00,2024-10-09 23:58:48.194113+00:00,{},ocd-organization/e5c0c443-48bc-4f73-bb95-6ea5f4896429,Finance,ocd-organization/3b857974-4029-4508-94d4-ce3b86c64602,ocd-jurisdiction/country:us/state:nh/government,committee,"[{'url': 'https://www.gencourt.state.nh.us/house/committees/committeedetails.aspx?id=22', 'note': 'Committee details page'}, {'url': 'https://www.gencourt.state.nh.us/house/committees/standingcommittees.aspx', 'note': 'Committees list page'}]","[{'url': 'https://www.gencourt.state.nh.us/house/committees/committeedetails.aspx?id=22', 'note': ''}, {'url': 'https://www.gencourt.state.nh.us/house/committees/committeedetails.aspx?id=22', 'note': ''}]","[{'name': 'House Committee on Finance', 'end_date': '', 'start_date': ''}, {'name': 'House Finance', 'end_date': '', 'start_date': ''}, {'name': 'House Finance Committee', 'end_date': '', 'start_date': ''}]"
2021-11-22 11:16:28.950697+00:00,2024-10-09 23:58:48.273602+00:00,{},ocd-organization/4f1c2bc7-0525-4687-b9db-b9266b583490,Criminal Justice and Public Safety,ocd-organization/3b857974-4029-4508-94d4-ce3b86c64602,ocd-jurisdiction/country:us/state:nh/government,committee,"[{'url': 'https://www.gencourt.state.nh.us/house/committees/committeedetails.aspx?id=17', 'note': 'Committee details page'}, {'url': 'https://www.gencourt.state.nh.us/house/committees/standingcommittees.aspx', 'note': 'Committees list page'}]","[{'url': 'https://www.gencourt.state.nh.us/house/committees/committeedetails.aspx?id=17', 'note': ''}, {'url': 'https://www.gencourt.state.nh.us/house/committees/committeedetails.aspx?id=17', 'note': ''}]","[{'name': 'House Committee on Criminal Justice and Public Safety', 'end_date': '', 'start_date': ''}, {'name': 'House Criminal Justice and Public Safety', 'end_date': '', 'start_date': ''}, {'name': 'House Criminal Justice and Public Safety Committee', 'end_date': '', 'start_date': ''}]"
2021-11-22 11:16:28.739078+00:00,2024-10-09 23:58:48.348703+00:00,{},ocd-organization/194e0e12-5e44-4a8f-b313-c7f7ba48ced3,Finance - Division II,ocd-organization/3b857974-4029-4508-94d4-ce3b86c64602,ocd-jurisdiction/country:us/state:nh/government,committee,"[{'url': 'https://www.gencourt.state.nh.us/house/committees/committeedetails.aspx?id=26', 'note': 'Committee details page'}, {'url': 'https://www.gencourt.state.nh.us/house/committees/standingcommittees.aspx', 'note': 'Committees list page'}]","[{'url': 'https://www.gencourt.state.nh.us/house/committees/committeedetails.aspx?id=26', 'note': ''}, {'url': 'https://www.gencourt.state.nh.us/house/committees/committeedetails.aspx?id=26', 'note': ''}]","[{'name': 'Finance - Division II', 'end_date': '', 'start_date': ''}, {'name': 'House Committee on Finance Committee Division II', 'end_date': '', 'start_date': ''}, {'name': 'House Finance Committee Division II', 'end_date': '', 'start_date': ''}, {'name': 'House Finance Committee Division II Committee', 'end_date': '', 'start_date': ''}]"
2021-11-22 11:16:28.458735+00:00,2024-10-09 23:58:48.481474+00:00,{},ocd-organization/e56c4b36-d014-467c-962c-70ac3c25642c,"Resources, Recreation and Development",ocd-organization/3b857974-4029-4508-94d4-ce3b86c64602,ocd-jurisdiction/country:us/state:nh/government,committee,"[{'url': 'https://www.gencourt.state.nh.us/house/committees/committeedetails.aspx?id=13', 'note': 'Committee details page'}, {'url': 'https://www.gencourt.state.nh.us/house/committees/standingcommittees.aspx', 'note': 'Committees list page'}]","[{'url': 'https://www.gencourt.state.nh.us/house/committees/committeedetails.aspx?id=13', 'note': ''}, {'url': 'https://www.gencourt.state.nh.us/house/committees/committeedetails.aspx?id=13', 'note': ''}]","[{'name': 'House Committee on Resources, Recreation and Development', 'end_date': '', 'start_date': ''}, {'name': 'House Resources, Recreation and Development', 'end_date': '', 'start_date': ''}, {'name': 'House Resources, Recreation and Development Committee', 'end_date': '', 'start_date': ''}]"
2021-11-22 11:16:29.218876+00:00,2024-10-09 23:58:48.558948+00:00,{},ocd-organization/16cf2485-c815-4c01-80da-89a4b1e2957b,Executive Departments and Administration,ocd-organization/3b857974-4029-4508-94d4-ce3b86c64602,ocd-jurisdiction/country:us/state:nh/government,committee,"[{'url': 'https://www.gencourt.state.nh.us/house/committees/committeedetails.aspx?id=3', 'note': 'Committee details page'}, {'url': 'https://www.gencourt.state.nh.us/house/committees/standingcommittees.aspx', 'note': 'Committees list page'}]","[{'url': 'https://www.gencourt.state.nh.us/house/committees/committeedetails.aspx?id=3', 'note': ''}, {'url': 'https://www.gencourt.state.nh.us/house/committees/committeedetails.aspx?id=3', 'note': ''}]","[{'name': 'House Committee on Executive Departments and Administration', 'end_date': '', 'start_date': ''}, {'name': 'House Executive Departments and Administration', 'end_date': '', 'start_date': ''}, {'name': 'House Executive Departments and Administration Committee', 'end_date': '', 'start_date': ''}]"
2023-01-19 12:27:42.793392+00:00,2024-10-09 23:58:48.637914+00:00,{},ocd-organization/6302aecd-ab61-4a22-834a-270685db0db6,Special Committee on Housing,ocd-organization/3b857974-4029-4508-94d4-ce3b86c64602,ocd-jurisdiction/country:us/state:nh/government,committee,"[{'url': 'https://www.gencourt.state.nh.us/house/committees/committeedetails.aspx?id=1621', 'note': 'Committee details page'}, {'url': 'https://www.gencourt.state.nh.us/house/committees/standingcommittees.aspx', 'note': 'Committees list page'}]","[{'url': 'https://www.gencourt.state.nh.us/house/committees/committeedetails.aspx?id=1621', 'note': ''}, {'url': 'https://www.gencourt.state.nh.us/house/committees/committeedetails.aspx?id=1621', 'note': ''}]","[{'name': 'House Committee on Housing Special', 'end_date': '', 'start_date': ''}, {'name': 'House Housing Special', 'end_date': '', 'start_date': ''}, {'name': 'House Housing Special Committee', 'end_date': '', 'start_date': ''}]"
2021-11-22 11:16:29.975523+00:00,2024-10-09 23:58:48.713903+00:00,{},ocd-organization/eb732c67-7222-42ba-aa34-b40c0ac67dd6,Election Law,ocd-organization/3b857974-4029-4508-94d4-ce3b86c64602,ocd-jurisdiction/country:us/state:nh/government,committee,"[{'url': 'https://www.gencourt.state.nh.us/house/committees/committeedetails.aspx?id=23', 'note': 'Committee details page'}, {'url': 'https://www.gencourt.state.nh.us/house/committees/standingcommittees.aspx', 'note': 'Committees list page'}]","[{'url': 'https://www.gencourt.state.nh.us/house/committees/committeedetails.aspx?id=23', 'note': ''}, {'url': 'https://www.gencourt.state.nh.us/house/committees/committeedetails.aspx?id=23', 'note': ''}]","[{'name': 'House Committee on Election Law', 'end_date': '', 'start_date': ''}, {'name': 'House Election Law', 'end_date': '', 'start_date': ''}, {'name': 'House Election Law Committee', 'end_date': '', 'start_date': ''}]"
2024-07-11 23:49:45.634544+00:00,2024-10-09 23:58:48.796562+00:00,{},ocd-organization/79620319-689e-4f76-9ac0-85f853678e3f,"Special Committee on the Division for Children, Youth and Families",ocd-organization/3b857974-4029-4508-94d4-ce3b86c64602,ocd-jurisdiction/country:us/state:nh/government,committee,[],"[{'url': 'https://gencourt.state.nh.us/house/committees/committeedetails.aspx?id=1676', 'note': ''}]","[{'name': 'House Committee on Special Committee on the Division for Children, Youth and Families', 'end_date': '', 'start_date': ''}, {'name': 'House Special Committee on the Division for Children, Youth and Families', 'end_date': '', 'start_date': ''}, {'name': 'House Special Committee on the Division for Children, Youth and Families Committee', 'end_date': '', 'start_date': ''}]"
2021-11-22 11:16:29.642538+00:00,2024-10-09 23:58:48.871803+00:00,{},ocd-organization/3d1deb7c-707f-4e49-b9a5-b20e6916eaff,Legislative Administration,ocd-organization/3b857974-4029-4508-94d4-ce3b86c64602,ocd-jurisdiction/country:us/state:nh/government,committee,"[{'url': 'https://www.gencourt.state.nh.us/house/committees/committeedetails.aspx?id=7', 'note': 'Committee details page'}, {'url': 'https://www.gencourt.state.nh.us/house/committees/standingcommittees.aspx', 'note': 'Committees list page'}]","[{'url': 'https://www.gencourt.state.nh.us/house/committees/committeedetails.aspx?id=7', 'note': ''}, {'url': 'https://www.gencourt.state.nh.us/house/committees/committeedetails.aspx?id=7', 'note': ''}]","[{'name': 'House Committee on Legislative Administration', 'end_date': '', 'start_date': ''}, {'name': 'House Legislative Administration', 'end_date': '', 'start_date': ''}, {'name': 'House Legislative Administration Committee', 'end_date': '', 'start_date': ''}]"
2021-11-22 11:16:30.115148+00:00,2024-10-09 23:58:48.948211+00:00,{},ocd-organization/76e84de3-d2bc-4448-ba69-f851dfa135c8,Public Works and Highways,ocd-organization/3b857974-4029-4508-94d4-ce3b86c64602,ocd-jurisdiction/country:us/state:nh/government,committee,"[{'url': 'https://www.gencourt.state.nh.us/house/committees/committeedetails.aspx?id=12', 'note': 'Committee details page'}, {'url': 'https://www.gencourt.state.nh.us/house/committees/standingcommittees.aspx', 'note': 'Committees list page'}]","[{'url': 'https://www.gencourt.state.nh.us/house/committees/committeedetails.aspx?id=12', 'note': ''}, {'url': 'https://www.gencourt.state.nh.us/house/committees/committeedetails.aspx?id=12', 'note': ''}]","[{'name': 'House Committee on Public Works and Highways', 'end_date': '', 'start_date': ''}, {'name': 'House Public Works and Highways', 'end_date': '', 'start_date': ''}, {'name': 'House Public Works and Highways Committee', 'end_date': '', 'start_date': ''}]"
2021-11-22 11:16:28.882763+00:00,2024-10-09 23:58:49.046096+00:00,{},ocd-organization/972275c4-147b-429b-bdf0-06dc6a381487,Finance - Division III,ocd-organization/3b857974-4029-4508-94d4-ce3b86c64602,ocd-jurisdiction/country:us/state:nh/government,committee,"[{'url': 'https://www.gencourt.state.nh.us/house/committees/committeedetails.aspx?id=27', 'note': 'Committee details page'}, {'url': 'https://www.gencourt.state.nh.us/house/committees/standingcommittees.aspx', 'note': 'Committees list page'}]","[{'url': 'https://www.gencourt.state.nh.us/house/committees/committeedetails.aspx?id=27', 'note': ''}, {'url': 'https://www.gencourt.state.nh.us/house/committees/committeedetails.aspx?id=27', 'note': ''}]","[{'name': 'Finance - Division III', 'end_date': '', 'start_date': ''}, {'name': 'House Committee on Finance Committee Division III', 'end_date': '', 'start_date': ''}, {'name': 'House Finance Committee Division III', 'end_date': '', 'start_date': ''}, {'name': 'House Finance Committee Division III Committee', 'end_date': '', 'start_date': ''}]"
2021-11-22 11:16:28.526885+00:00,2024-10-09 23:58:49.120882+00:00,{},ocd-organization/541d5679-521f-4b54-a0de-6e7199411374,"Health, Human Services and Elderly Affairs",ocd-organization/3b857974-4029-4508-94d4-ce3b86c64602,ocd-jurisdiction/country:us/state:nh/government,committee,"[{'url': 'https://www.gencourt.state.nh.us/house/committees/committeedetails.aspx?id=4', 'note': 'Committee details page'}, {'url': 'https://www.gencourt.state.nh.us/house/committees/standingcommittees.aspx', 'note': 'Committees list page'}]","[{'url': 'https://www.gencourt.state.nh.us/house/committees/committeedetails.aspx?id=4', 'note': ''}, {'url': 'https://www.gencourt.state.nh.us/house/committees/committeedetails.aspx?id=4', 'note': ''}]","[{'name': 'House Committee on Health, Human Services and Elderly Affairs', 'end_date': '', 'start_date': ''}, {'name': 'House Health, Human Services and Elderly Affairs', 'end_date': '', 'start_date': ''}, {'name': 'House Health, Human Services and Elderly Affairs Committee', 'end_date': '', 'start_date': ''}]"
2021-11-22 11:16:28.802859+00:00,2024-10-09 23:58:49.250650+00:00,{},ocd-organization/3a542d88-58c1-4dc8-b70d-c28845457764,Fish and Game and Marine Resources,ocd-organization/3b857974-4029-4508-94d4-ce3b86c64602,ocd-jurisdiction/country:us/state:nh/government,committee,"[{'url': 'https://www.gencourt.state.nh.us/house/committees/committeedetails.aspx?id=28', 'note': 'Committee details page'}, {'url': 'https://www.gencourt.state.nh.us/house/committees/standingcommittees.aspx', 'note': 'Committees list page'}]","[{'url': 'https://www.gencourt.state.nh.us/house/committees/committeedetails.aspx?id=28', 'note': ''}, {'url': 'https://www.gencourt.state.nh.us/house/committees/committeedetails.aspx?id=28', 'note': ''}]","[{'name': 'House Committee on Fish and Game and Marine Resources', 'end_date': '', 'start_date': ''}, {'name': 'House Fish and Game and Marine Resources', 'end_date': '', 'start_date': ''}, {'name': 'House Fish and Game and Marine Resources Committee', 'end_date': '', 'start_date': ''}]"
2021-11-22 11:16:28.598589+00:00,2024-10-09 23:58:49.379672+00:00,{},ocd-organization/fe32ca77-e79b-4a7a-becb-0e55e998c0bb,State-Federal Relations and Veterans Affairs,ocd-organization/3b857974-4029-4508-94d4-ce3b86c64602,ocd-jurisdiction/country:us/state:nh/government,committee,"[{'url': 'https://www.gencourt.state.nh.us/house/committees/committeedetails.aspx?id=16', 'note': 'Committee details page'}, {'url': 'https://www.gencourt.state.nh.us/house/committees/standingcommittees.aspx', 'note': 'Committees list page'}]","[{'url': 'https://www.gencourt.state.nh.us/house/committees/committeedetails.aspx?id=16', 'note': ''}, {'url': 'https://www.gencourt.state.nh.us/house/committees/committeedetails.aspx?id=16', 'note': ''}]","[{'name': 'House Committee on State-Federal Relations and Veterans Affairs', 'end_date': '', 'start_date': ''}, {'name': 'House State-Federal Relations and Veterans Affairs', 'end_date': '', 'start_date': ''}, {'name': 'House State-Federal Relations and Veterans Affairs Committee', 'end_date': '', 'start_date': ''}]"
2021-11-22 11:16:29.079175+00:00,2024-10-09 23:58:49.515418+00:00,{},ocd-organization/7e634b09-3a42-43f7-8277-013187e68457,Transportation,ocd-organization/3b857974-4029-4508-94d4-ce3b86c64602,ocd-jurisdiction/country:us/state:nh/government,committee,"[{'url': 'https://www.gencourt.state.nh.us/house/committees/committeedetails.aspx?id=18', 'note': 'Committee details page'}, {'url': 'https://www.gencourt.state.nh.us/house/committees/standingcommittees.aspx', 'note': 'Committees list page'}]","[{'url': 'https://www.gencourt.state.nh.us/house/committees/committeedetails.aspx?id=18', 'note': ''}, {'url': 'https://www.gencourt.state.nh.us/house/committees/committeedetails.aspx?id=18', 'note': ''}]","[{'name': 'House Committee on Transportation', 'end_date': '', 'start_date': ''}, {'name': 'House Transportation', 'end_date': '', 'start_date': ''}, {'name': 'House Transportation Committee', 'end_date': '', 'start_date': ''}]"
2021-11-22 11:16:28.666723+00:00,2024-10-09 23:58:49.590119+00:00,{},ocd-organization/c9976c87-0b95-4a6d-8c4c-7859c5e93abc,Ways and Means,ocd-organization/3b857974-4029-4508-94d4-ce3b86c64602,ocd-jurisdiction/country:us/state:nh/government,committee,"[{'url': 'https://www.gencourt.state.nh.us/house/committees/committeedetails.aspx?id=19', 'note': 'Committee details page'}, {'url': 'https://www.gencourt.state.nh.us/house/committees/standingcommittees.aspx', 'note': 'Committees list page'}]","[{'url': 'https://www.gencourt.state.nh.us/house/committees/committeedetails.aspx?id=19', 'note': ''}, {'url': 'https://www.gencourt.state.nh.us/house/committees/committeedetails.aspx?id=19', 'note': ''}]","[{'name': 'House Committee on Ways and Means', 'end_date': '', 'start_date': ''}, {'name': 'House Ways and Means', 'end_date': '', 'start_date': ''}, {'name': 'House Ways and Means Committee', 'end_date': '', 'start_date': ''}]"
2024-01-25 15:36:51.636796+00:00,2024-10-09 23:58:49.664271+00:00,{},ocd-organization/cceb45b4-294e-434f-92d9-ca211404a4fc,Special Committee on the Family Division of the Circuit Court,ocd-organization/3b857974-4029-4508-94d4-ce3b86c64602,ocd-jurisdiction/country:us/state:nh/government,committee,"[{'url': 'https://www.gencourt.state.nh.us/house/committees/standingcommittees.aspx', 'note': 'Committees list page'}, {'url': 'https://www.gencourt.state.nh.us/house/committees/committeedetails.aspx?id=1638', 'note': 'Committee details page'}]","[{'url': 'https://www.gencourt.state.nh.us/house/committees/committeedetails.aspx?id=1638', 'note': ''}, {'url': 'https://www.gencourt.state.nh.us/house/committees/committeedetails.aspx?id=1638', 'note': ''}]","[{'name': 'House Committee on Special Committee on the Family Division of the Circuit Court', 'end_date': '', 'start_date': ''}, {'name': 'House Special Committee on the Family Division of the Circuit Court', 'end_date': '', 'start_date': ''}, {'name': 'House Special Committee on the Family Division of the Circuit Court Committee', 'end_date': '', 'start_date': ''}]"
2021-11-22 11:16:29.014885+00:00,2024-10-09 23:58:49.738487+00:00,{},ocd-organization/3a294803-2e3e-4c26-9b14-3034966f9747,Finance - Division I,ocd-organization/3b857974-4029-4508-94d4-ce3b86c64602,ocd-jurisdiction/country:us/state:nh/government,committee,"[{'url': 'https://www.gencourt.state.nh.us/house/committees/committeedetails.aspx?id=25', 'note': 'Committee details page'}, {'url': 'https://www.gencourt.state.nh.us/house/committees/standingcommittees.aspx', 'note': 'Committees list page'}]","[{'url': 'https://www.gencourt.state.nh.us/house/committees/committeedetails.aspx?id=25', 'note': ''}, {'url': 'https://www.gencourt.state.nh.us/house/committees/committeedetails.aspx?id=25', 'note': ''}]","[{'name': 'Finance - Division I', 'end_date': '', 'start_date': ''}, {'name': 'House Committee on Finance Committee Division I', 'end_date': '', 'start_date': ''}, {'name': 'House Finance Committee Division I', 'end_date': '', 'start_date': ''}, {'name': 'House Finance Committee Division I Committee', 'end_date': '', 'start_date': ''}]"
2024-07-11 23:49:46.089818+00:00,2024-10-09 23:58:49.813375+00:00,{},ocd-organization/9d9ab1bc-d0d0-4f49-89ce-a4be7929f834,COVID Response Efficacy Special,ocd-organization/3b857974-4029-4508-94d4-ce3b86c64602,ocd-jurisdiction/country:us/state:nh/government,committee,[],"[{'url': 'https://gencourt.state.nh.us/house/committees/committeedetails.aspx?id=1675', 'note': ''}]","[{'name': 'House Committee on COVID Response Efficacy Special', 'end_date': '', 'start_date': ''}, {'name': 'House COVID Response Efficacy Special', 'end_date': '', 'start_date': ''}, {'name': 'House COVID Response Efficacy Special Committee', 'end_date': '', 'start_date': ''}]"
2023-01-19 12:27:46.536985+00:00,2024-10-09 23:58:49.887237+00:00,{},ocd-organization/d8969dec-820e-4b72-ab8b-8272d0295a29,Special Committee on Commissions,ocd-organization/3b857974-4029-4508-94d4-ce3b86c64602,ocd-jurisdiction/country:us/state:nh/government,committee,"[{'url': 'https://www.gencourt.state.nh.us/house/committees/committeedetails.aspx?id=1624', 'note': 'Committee details page'}, {'url': 'https://www.gencourt.state.nh.us/house/committees/standingcommittees.aspx', 'note': 'Committees list page'}]","[{'url': 'https://www.gencourt.state.nh.us/house/committees/committeedetails.aspx?id=1624', 'note': ''}, {'url': 'https://www.gencourt.state.nh.us/house/committees/committeedetails.aspx?id=1624', 'note': ''}]","[{'name': 'House Commissions Special', 'end_date': '', 'start_date': ''}, {'name': 'House Commissions Special Committee', 'end_date': '', 'start_date': ''}, {'name': 'House Committee on Commissions Special', 'end_date': '', 'start_date': ''}]"
2021-11-22 11:16:29.426789+00:00,2024-10-09 23:58:49.962793+00:00,{},ocd-organization/c8763a6e-9ccb-4e11-97aa-2d1ba7b5155b,Rules,ocd-organization/3b857974-4029-4508-94d4-ce3b86c64602,ocd-jurisdiction/country:us/state:nh/government,committee,"[{'url': 'https://www.gencourt.state.nh.us/house/committees/committeedetails.aspx?id=14', 'note': 'Committee details page'}, {'url': 'https://www.gencourt.state.nh.us/house/committees/standingcommittees.aspx', 'note': 'Committees list page'}]","[{'url': 'https://www.gencourt.state.nh.us/house/committees/committeedetails.aspx?id=14', 'note': ''}, {'url': 'https://www.gencourt.state.nh.us/house/committees/committeedetails.aspx?id=14', 'note': ''}]","[{'name': 'House Committee on Rules', 'end_date': '', 'start_date': ''}, {'name': 'House Rules', 'end_date': '', 'start_date': ''}, {'name': 'House Rules Committee', 'end_date': '', 'start_date': ''}]"
2021-11-22 11:16:29.287178+00:00,2024-10-09 23:58:50.042099+00:00,{},ocd-organization/430fec11-2695-46d4-9f96-49b2e2c82dfb,Environment and Agriculture,ocd-organization/3b857974-4029-4508-94d4-ce3b86c64602,ocd-jurisdiction/country:us/state:nh/government,committee,"[{'url': 'https://www.gencourt.state.nh.us/house/committees/committeedetails.aspx?id=2', 'note': 'Committee details page'}, {'url': 'https://www.gencourt.state.nh.us/house/committees/standingcommittees.aspx', 'note': 'Committees list page'}]","[{'url': 'https://www.gencourt.state.nh.us/house/committees/committeedetails.aspx?id=2', 'note': ''}, {'url': 'https://www.gencourt.state.nh.us/house/committees/committeedetails.aspx?id=2', 'note': ''}]","[{'name': 'House Committee on Environment and Agriculture', 'end_date': '', 'start_date': ''}, {'name': 'House Environment and Agriculture', 'end_date': '', 'start_date': ''}, {'name': 'House Environment and Agriculture Committee', 'end_date': '', 'start_date': ''}]"
2021-11-22 11:16:29.710538+00:00,2024-10-09 23:58:50.124236+00:00,{},ocd-organization/08e48756-cf76-4abb-a758-014182ad3ccc,"Labor, Industrial and Rehabilitative Services",ocd-organization/3b857974-4029-4508-94d4-ce3b86c64602,ocd-jurisdiction/country:us/state:nh/government,committee,"[{'url': 'https://www.gencourt.state.nh.us/house/committees/committeedetails.aspx?id=6', 'note': 'Committee details page'}, {'url': 'https://www.gencourt.state.nh.us/house/committees/standingcommittees.aspx', 'note': 'Committees list page'}]","[{'url': 'https://www.gencourt.state.nh.us/house/committees/committeedetails.aspx?id=6', 'note': ''}, {'url': 'https://www.gencourt.state.nh.us/house/committees/committeedetails.aspx?id=6', 'note': ''}]","[{'name': 'House Committee on Labor, Industrial and Rehabilitative Services', 'end_date': '', 'start_date': ''}, {'name': 'House Labor, Industrial and Rehabilitative Services', 'end_date': '', 'start_date': ''}, {'name': 'House Labor, Industrial and Rehabilitative Services Committee', 'end_date': '', 'start_date': ''}]"
2021-11-22 11:16:29.146713+00:00,2024-10-09 23:58:50.201249+00:00,{},ocd-organization/2826e812-71ed-43e6-9d2a-6006f246a5cb,Education,ocd-organization/3b857974-4029-4508-94d4-ce3b86c64602,ocd-jurisdiction/country:us/state:nh/government,committee,"[{'url': 'https://www.gencourt.state.nh.us/house/committees/committeedetails.aspx?id=1', 'note': 'Committee details page'}, {'url': 'https://www.gencourt.state.nh.us/house/committees/standingcommittees.aspx', 'note': 'Committees list page'}]","[{'url': 'https://www.gencourt.state.nh.us/house/committees/committeedetails.aspx?id=1', 'note': ''}, {'url': 'https://www.gencourt.state.nh.us/house/committees/committeedetails.aspx?id=1', 'note': ''}]","[{'name': 'House Committee on Education', 'end_date': '', 'start_date': ''}, {'name': 'House Education', 'end_date': '', 'start_date': ''}, {'name': 'House Education Committee', 'end_date': '', 'start_date': ''}]"
2021-11-22 11:16:30.729134+00:00,2024-10-09 23:58:50.304548+00:00,{},ocd-organization/fca3606e-fa9a-43a1-84d5-aae704cf83d8,Health and Human Services,ocd-organization/c95932a0-2ac1-4f14-a0c4-ade8568daac6,ocd-jurisdiction/country:us/state:nh/government,committee,"[{'url': 'https://www.gencourt.state.nh.us/Senate/committees/committee_details.aspx?cc=46', 'note': 'Committee details page'}, {'url': 'https://www.gencourt.state.nh.us/Senate/committees/senate_committees.aspx', 'note': 'Committees list page'}]","[{'url': 'https://www.gencourt.state.nh.us/Senate/committees/committee_details.aspx?cc=46', 'note': ''}, {'url': 'https://www.gencourt.state.nh.us/Senate/committees/committee_details.aspx?cc=46', 'note': ''}]","[{'name': 'Senate Committee on Health and Human Services', 'end_date': '', 'start_date': ''}, {'name': 'Senate Health and Human Services', 'end_date': '', 'start_date': ''}, {'name': 'Senate Health and Human Services Committee', 'end_date': '', 'start_date': ''}]"
2021-11-22 11:16:30.858772+00:00,2024-10-09 23:58:50.380812+00:00,{},ocd-organization/3ffaaa6e-cfcd-4898-add3-801b84201f94,Executive Departments and Administration,ocd-organization/c95932a0-2ac1-4f14-a0c4-ade8568daac6,ocd-jurisdiction/country:us/state:nh/government,committee,"[{'url': 'https://www.gencourt.state.nh.us/Senate/committees/committee_details.aspx?cc=31', 'note': 'Committee details page'}, {'url': 'https://www.gencourt.state.nh.us/Senate/committees/senate_committees.aspx', 'note': 'Committees list page'}]","[{'url': 'https://www.gencourt.state.nh.us/Senate/committees/committee_details.aspx?cc=31', 'note': ''}, {'url': 'https://www.gencourt.state.nh.us/Senate/committees/committee_details.aspx?cc=31', 'note': ''}]","[{'name': 'Senate Committee on Executive Departments and Administration', 'end_date': '', 'start_date': ''}, {'name': 'Senate Executive Departments and Administration', 'end_date': '', 'start_date': ''}, {'name': 'Senate Executive Departments and Administration Committee', 'end_date': '', 'start_date': ''}]"
2021-11-22 11:16:30.791075+00:00,2024-10-09 23:58:50.455666+00:00,{},ocd-organization/f19039a0-0332-43e3-ac6a-3ebe0f5e83e6,Capital Budget,ocd-organization/c95932a0-2ac1-4f14-a0c4-ade8568daac6,ocd-jurisdiction/country:us/state:nh/government,committee,"[{'url': 'https://www.gencourt.state.nh.us/Senate/committees/committee_details.aspx?cc=30', 'note': 'Committee details page'}, {'url': 'https://www.gencourt.state.nh.us/Senate/committees/senate_committees.aspx', 'note': 'Committees list page'}]","[{'url': 'https://www.gencourt.state.nh.us/Senate/committees/committee_details.aspx?cc=30', 'note': ''}, {'url': 'https://www.gencourt.state.nh.us/Senate/committees/committee_details.aspx?cc=30', 'note': ''}]","[{'name': 'Senate Capital Budget', 'end_date': '', 'start_date': ''}, {'name': 'Senate Capital Budget Committee', 'end_date': '', 'start_date': ''}, {'name': 'Senate Committee on Capital Budget', 'end_date': '', 'start_date': ''}]"
2021-11-22 11:16:30.530858+00:00,2024-10-09 23:58:50.529932+00:00,{},ocd-organization/e31f279a-d38d-4145-9043-d65e250763ee,Energy and Natural Resources,ocd-organization/c95932a0-2ac1-4f14-a0c4-ade8568daac6,ocd-jurisdiction/country:us/state:nh/government,committee,"[{'url': 'https://www.gencourt.state.nh.us/Senate/committees/committee_details.aspx?cc=41', 'note': 'Committee details page'}, {'url': 'https://www.gencourt.state.nh.us/Senate/committees/senate_committees.aspx', 'note': 'Committees list page'}]","[{'url': 'https://www.gencourt.state.nh.us/Senate/committees/committee_details.aspx?cc=41', 'note': ''}, {'url': 'https://www.gencourt.state.nh.us/Senate/committees/committee_details.aspx?cc=41', 'note': ''}]","[{'name': 'Senate Committee on Energy and Natural Resources', 'end_date': '', 'start_date': ''}, {'name': 'Senate Energy and Natural Resources', 'end_date': '', 'start_date': ''}, {'name': 'Senate Energy and Natural Resources Committee', 'end_date': '', 'start_date': ''}]"
2021-11-22 11:16:30.458654+00:00,2024-10-09 23:58:50.604993+00:00,{},ocd-organization/16f4c37a-2724-46b4-ba0c-f104c274021b,Judiciary,ocd-organization/c95932a0-2ac1-4f14-a0c4-ade8568daac6,ocd-jurisdiction/country:us/state:nh/government,committee,"[{'url': 'https://www.gencourt.state.nh.us/Senate/committees/committee_details.aspx?cc=33', 'note': 'Committee details page'}, {'url': 'https://www.gencourt.state.nh.us/Senate/committees/senate_committees.aspx', 'note': 'Committees list page'}]","[{'url': 'https://www.gencourt.state.nh.us/Senate/committees/committee_details.aspx?cc=33', 'note': ''}, {'url': 'https://www.gencourt.state.nh.us/Senate/committees/committee_details.aspx?cc=33', 'note': ''}]","[{'name': 'Senate Committee on Judiciary', 'end_date': '', 'start_date': ''}, {'name': 'Senate Judiciary', 'end_date': '', 'start_date': ''}, {'name': 'Senate Judiciary Committee', 'end_date': '', 'start_date': ''}]"
2021-11-22 11:16:30.600762+00:00,2024-10-09 23:58:50.679278+00:00,{},ocd-organization/32afda9c-cbea-4e5d-83b3-bbaf8b887680,Education,ocd-organization/c95932a0-2ac1-4f14-a0c4-ade8568daac6,ocd-jurisdiction/country:us/state:nh/government,committee,"[{'url': 'https://www.gencourt.state.nh.us/Senate/committees/committee_details.aspx?cc=45', 'note': 'Committee details page'}, {'url': 'https://www.gencourt.state.nh.us/Senate/committees/senate_committees.aspx', 'note': 'Committees list page'}]","[{'url': 'https://www.gencourt.state.nh.us/Senate/committees/committee_details.aspx?cc=45', 'note': ''}, {'url': 'https://www.gencourt.state.nh.us/Senate/committees/committee_details.aspx?cc=45', 'note': ''}]","[{'name': 'Senate Committee on Education', 'end_date': '', 'start_date': ''}, {'name': 'Senate Education', 'end_date': '', 'start_date': ''}, {'name': 'Senate Education Committee', 'end_date': '', 'start_date': ''}]"
2021-11-22 11:16:30.662606+00:00,2024-10-09 23:58:50.753227+00:00,{},ocd-organization/7ea7aebb-3f3f-49ec-99ba-423cd633ae5a,Election Law and Municipal Affairs,ocd-organization/c95932a0-2ac1-4f14-a0c4-ade8568daac6,ocd-jurisdiction/country:us/state:nh/government,committee,"[{'url': 'https://www.gencourt.state.nh.us/Senate/committees/committee_details.aspx?cc=1421', 'note': 'Committee details page'}, {'url': 'https://www.gencourt.state.nh.us/Senate/committees/senate_committees.aspx', 'note': 'Committees list page'}]","[{'url': 'https://www.gencourt.state.nh.us/Senate/committees/committee_details.aspx?cc=1421', 'note': ''}, {'url': 'https://www.gencourt.state.nh.us/Senate/committees/committee_details.aspx?cc=1421', 'note': ''}]","[{'name': 'Senate Committee on Election Law and Municipal Affairs', 'end_date': '', 'start_date': ''}, {'name': 'Senate Election Law and Municipal Affairs', 'end_date': '', 'start_date': ''}, {'name': 'Senate Election Law and Municipal Affairs Committee', 'end_date': '', 'start_date': ''}]"
2021-11-22 11:16:30.318923+00:00,2024-10-09 23:58:50.828427+00:00,{},ocd-organization/e10c1db5-45c1-4285-81f1-c171e143ad1f,Ways and Means,ocd-organization/c95932a0-2ac1-4f14-a0c4-ade8568daac6,ocd-jurisdiction/country:us/state:nh/government,committee,"[{'url': 'https://www.gencourt.state.nh.us/Senate/committees/committee_details.aspx?cc=35', 'note': 'Committee details page'}, {'url': 'https://www.gencourt.state.nh.us/Senate/committees/senate_committees.aspx', 'note': 'Committees list page'}]","[{'url': 'https://www.gencourt.state.nh.us/Senate/committees/committee_details.aspx?cc=35', 'note': ''}, {'url': 'https://www.gencourt.state.nh.us/Senate/committees/committee_details.aspx?cc=35', 'note': ''}]","[{'name': 'Senate Committee on Ways and Means', 'end_date': '', 'start_date': ''}, {'name': 'Senate Ways and Means', 'end_date': '', 'start_date': ''}, {'name': 'Senate Ways and Means Committee', 'end_date': '', 'start_date': ''}]"
2021-11-22 11:16:30.192154+00:00,2024-10-09 23:58:50.902464+00:00,{},ocd-organization/5632f087-fbb4-4e3d-82fd-6d0b700fdc9e,Transportation,ocd-organization/c95932a0-2ac1-4f14-a0c4-ade8568daac6,ocd-jurisdiction/country:us/state:nh/government,committee,"[{'url': 'https://www.gencourt.state.nh.us/Senate/committees/committee_details.aspx?cc=34', 'note': 'Committee details page'}, {'url': 'https://www.gencourt.state.nh.us/Senate/committees/senate_committees.aspx', 'note': 'Committees list page'}]","[{'url': 'https://www.gencourt.state.nh.us/Senate/committees/committee_details.aspx?cc=34', 'note': ''}, {'url': 'https://www.gencourt.state.nh.us/Senate/committees/committee_details.aspx?cc=34', 'note': ''}]","[{'name': 'Senate Committee on Transportation', 'end_date': '', 'start_date': ''}, {'name': 'Senate Transportation', 'end_date': '', 'start_date': ''}, {'name': 'Senate Transportation Committee', 'end_date': '', 'start_date': ''}]"
2021-11-22 11:16:30.386757+00:00,2024-10-09 23:58:50.977582+00:00,{},ocd-organization/45bbb859-270e-4483-9c65-bf3cd7606d98,Commerce,ocd-organization/c95932a0-2ac1-4f14-a0c4-ade8568daac6,ocd-jurisdiction/country:us/state:nh/government,committee,"[{'url': 'https://www.gencourt.state.nh.us/Senate/committees/committee_details.aspx?cc=40', 'note': 'Committee details page'}, {'url': 'https://www.gencourt.state.nh.us/Senate/committees/senate_committees.aspx', 'note': 'Committees list page'}]","[{'url': 'https://www.gencourt.state.nh.us/Senate/committees/committee_details.aspx?cc=40', 'note': ''}, {'url': 'https://www.gencourt.state.nh.us/Senate/committees/committee_details.aspx?cc=40', 'note': ''}]","[{'name': 'Senate Commerce', 'end_date': '', 'start_date': ''}, {'name': 'Senate Commerce Committee', 'end_date': '', 'start_date': ''}, {'name': 'Senate Committee on Commerce', 'end_date': '', 'start_date': ''}]"
2021-11-22 11:16:30.922805+00:00,2024-10-09 23:58:51.052524+00:00,{},ocd-organization/428ec19e-5b0e-466b-ba1a-e7a8cb992099,Finance,ocd-organization/c95932a0-2ac1-4f14-a0c4-ade8568daac6,ocd-jurisdiction/country:us/state:nh/government,committee,"[{'url': 'https://www.gencourt.state.nh.us/Senate/committees/committee_details.aspx?cc=32', 'note': 'Committee details page'}, {'url': 'https://www.gencourt.state.nh.us/Senate/committees/senate_committees.aspx', 'note': 'Committees list page'}]","[{'url': 'https://www.gencourt.state.nh.us/Senate/committees/committee_details.aspx?cc=32', 'note': ''}, {'url': 'https://www.gencourt.state.nh.us/Senate/committees/committee_details.aspx?cc=32', 'note': ''}]","[{'name': 'Senate Committee on Finance', 'end_date': '', 'start_date': ''}, {'name': 'Senate Finance', 'end_date': '', 'start_date': ''}, {'name': 'Senate Finance Committee', 'end_date': '', 'start_date': ''}]"
2021-11-22 11:16:30.254748+00:00,2024-10-09 23:58:51.128593+00:00,{},ocd-organization/ef14ca7a-36b0-4105-8c5e-43762197effc,Rules and Enrolled Bills,ocd-organization/c95932a0-2ac1-4f14-a0c4-ade8568daac6,ocd-jurisdiction/country:us/state:nh/government,committee,"[{'url': 'https://www.gencourt.state.nh.us/Senate/committees/committee_details.aspx?cc=1328', 'note': 'Committee details page'}, {'url': 'https://www.gencourt.state.nh.us/Senate/committees/senate_committees.aspx', 'note': 'Committees list page'}]","[{'url': 'https://www.gencourt.state.nh.us/Senate/committees/committee_details.aspx?cc=1328', 'note': ''}, {'url': 'https://www.gencourt.state.nh.us/Senate/committees/committee_details.aspx?cc=1328', 'note': ''}]","[{'name': 'Senate Committee on Rules and Enrolled Bills', 'end_date': '', 'start_date': ''}, {'name': 'Senate Rules and Enrolled Bills', 'end_date': '', 'start_date': ''}, {'name': 'Senate Rules and Enrolled Bills Committee', 'end_date': '', 'start_date': ''}]"
