id,media_type,url,version_id
8d612a17-378b-44da-ba19-2f01a4c49b5c,application/pdf,http://www.gencourt.state.nh.us/bill_status/legacy/bs2016/billText.aspx?sy=2021&id=2021-0238h&txtFormat=amend,587589f2-665e-418a-92b5-ab089a5ab6ad
1f1bb2e0-426e-4bca-916d-197fbdfee92b,application/pdf,http://www.gencourt.state.nh.us/bill_status/legacy/bs2016/billText.aspx?sy=2021&id=2021-0396h&txtFormat=amend,3058e7c5-9d76-4e27-a1be-1aa626df699f
cd6b2e3c-0ae9-4f2e-999f-5d27d4ffc4ef,application/pdf,http://www.gencourt.state.nh.us/bill_status/legacy/bs2016/billText.aspx?sy=2021&id=2021-2116h&txtFormat=amend,22a65f76-8353-4391-831f-4ed5718eea4d
fc0e74b3-28c4-4474-90ae-82c3a2de66c7,application/pdf,http://www.gencourt.state.nh.us/bill_status/legacy/bs2016/billText.aspx?sy=2021&id=2021-1060s&txtFormat=amend,cb6bb5e6-c9ba-412f-a7e3-9326be38604d
0fb66e6d-b0e8-41e4-bba2-b27eb62022f1,application/pdf,http://www.gencourt.state.nh.us/bill_status/legacy/bs2016/billText.aspx?sy=2021&id=2021-1133s&txtFormat=amend,8d299ec2-56ae-4be8-9c29-dc98e45a7dd3
a55c3fed-bacc-4bb5-aa0b-4e5aca1a8f15,application/pdf,http://www.gencourt.state.nh.us/bill_status/legacy/bs2016/billText.aspx?sy=2021&id=2021-0970s&txtFormat=amend,276d5340-81b7-45a6-9598-3e7d5684a371
f4d1e7de-e112-44ce-816c-e33dad04843a,application/pdf,http://www.gencourt.state.nh.us/bill_status/legacy/bs2016/billText.aspx?sy=2021&id=2021-0758h&txtFormat=amend,179ae914-aab1-4af2-abc5-fb8472347406
2c3bb7fc-712c-4160-95a0-fe7f32e10c8e,application/pdf,http://www.gencourt.state.nh.us/bill_status/legacy/bs2016/billText.aspx?sy=2021&id=2021-1328h&txtFormat=amend,7306f81f-3736-42e7-908f-2a1c18909244
8c4e633b-1a5a-48b4-a49a-0ecdc6015d49,application/pdf,http://www.gencourt.state.nh.us/bill_status/legacy/bs2016/billText.aspx?sy=2021&id=2021-0513h&txtFormat=amend,71fb4988-717f-4cf4-ad01-edffe3b178d2
3b4dea03-9b49-427b-aef1-ae2c913f4830,application/pdf,http://www.gencourt.state.nh.us/bill_status/legacy/bs2016/billText.aspx?sy=2021&id=2021-0964h&txtFormat=amend,ae5f0525-2884-45bb-ac08-d51313b3594f
40d103ed-f08c-47a5-b074-b35dd268de81,application/pdf,http://www.gencourt.state.nh.us/bill_status/legacy/bs2016/billText.aspx?sy=2021&id=2021-0268h&txtFormat=amend,f2659ab9-28ca-4a81-9669-e97126f6674e
e507f57f-1a12-4cde-86ff-e027db7b24bd,application/pdf,http://www.gencourt.state.nh.us/bill_status/legacy/bs2016/billText.aspx?sy=2021&id=2021-2239h&txtFormat=amend,3b8d51ec-b7b5-427b-be39-b24981a6ec28
eb8a0228-1a9d-44c9-81ea-f01779865083,application/pdf,http://www.gencourt.state.nh.us/bill_status/legacy/bs2016/billText.aspx?sy=2021&id=2021-2249h&txtFormat=amend,869e464b-6710-45cc-8fa0-da30276e9dab
95116b0b-9272-4ce2-8427-30499525af8b,application/pdf,http://www.gencourt.state.nh.us/bill_status/legacy/bs2016/billText.aspx?sy=2021&id=2021-0690h&txtFormat=amend,66bf7d1d-afe3-42f4-ac01-c53e208e43e5
e796f57c-dc55-45eb-b79c-8159758a6811,application/pdf,http://www.gencourt.state.nh.us/bill_status/legacy/bs2016/billText.aspx?sy=2021&id=2021-2200h&txtFormat=amend,0fe5c311-ed31-43a2-8c0a-6508137f9f61
b3be778b-ce27-47ac-b9f4-338efc380158,application/pdf,http://www.gencourt.state.nh.us/bill_status/legacy/bs2016/billText.aspx?sy=2021&id=2021-1142s&txtFormat=amend,97fcbaf4-efb6-4ef3-8cc0-9f8d214c28db
00dc77b9-8646-4776-a8c8-217751238137,application/pdf,http://www.gencourt.state.nh.us/bill_status/legacy/bs2016/billText.aspx?sy=2021&id=2021-0067h&txtFormat=amend,fe421171-a10d-47aa-aa00-7e67be32b423
468e5355-c55c-48ad-9a69-6a3196d46bce,application/pdf,http://www.gencourt.state.nh.us/bill_status/legacy/bs2016/billText.aspx?sy=2021&id=2021-0369h&txtFormat=amend,2a2774cc-80d7-4a97-9bbe-bf8355b93020
25d50311-829b-4588-85f9-11d84811b743,application/pdf,http://www.gencourt.state.nh.us/bill_status/legacy/bs2016/billText.aspx?sy=2021&id=2021-0079h&txtFormat=amend,02acd9db-56a8-41d4-bec6-1e03269ca04c
97cdbd93-e758-483f-b4ec-43d9b6fe1e46,application/pdf,http://www.gencourt.state.nh.us/bill_status/legacy/bs2016/billText.aspx?sy=2021&id=2021-2068e&txtFormat=amend,544ec732-53e5-4947-9f72-96b86e4c4dc7
d97db297-2727-4a93-a080-837280575250,application/pdf,http://www.gencourt.state.nh.us/bill_status/legacy/bs2016/billText.aspx?sy=2021&id=2021-2222s&txtFormat=amend,966835e9-86b9-4a20-80d0-9ea5f81441ec
38afb15f-f2e6-4ab4-a174-b202f6622f44,application/pdf,http://www.gencourt.state.nh.us/bill_status/legacy/bs2016/billText.aspx?sy=2021&id=2021-2140h&txtFormat=amend,14868bcd-bf23-4a9d-8a7b-3a415f78c6e1
ebbb1e4f-c9f1-4683-9f57-0b8db00fff62,application/pdf,http://www.gencourt.state.nh.us/bill_status/legacy/bs2016/billText.aspx?sy=2021&id=2021-1678s&txtFormat=amend,001fb849-6563-48a6-8546-6d8fd96ccbca
d64797b5-c44b-4c9d-862f-f4abfd525cf5,application/pdf,http://www.gencourt.state.nh.us/bill_status/legacy/bs2016/billText.aspx?sy=2021&id=2021-1778s&txtFormat=amend,cb4718d5-ffb9-463e-9359-500da16deee0
de5cb462-5b11-4f91-af33-178f27ea5dfa,application/pdf,http://www.gencourt.state.nh.us/bill_status/legacy/bs2016/billText.aspx?sy=2021&id=2021-1169s&txtFormat=amend,c5284679-7822-439f-b104-9a5b1056bc69
23f5f31c-44bf-4725-9c7e-41ede2028996,application/pdf,http://www.gencourt.state.nh.us/bill_status/legacy/bs2016/billText.aspx?sy=2021&id=2021-1311s&txtFormat=amend,d0bf28fa-1732-45a2-8c0d-4f99e45122f6
fe1a2173-a07b-4ac4-ab3c-0e54c5e0bb8b,application/pdf,http://www.gencourt.state.nh.us/bill_status/legacy/bs2016/billText.aspx?sy=2021&id=2021-2185h&txtFormat=amend,bef4a80f-5099-4a9c-8fb0-577358e0f053
9ba6e49c-c8d5-47d1-ad02-9e8b7c1e2286,application/pdf,http://www.gencourt.state.nh.us/bill_status/legacy/bs2016/billText.aspx?sy=2021&id=2021-0616h&txtFormat=amend,cf9bf43c-7ebb-4cfe-b791-5ae060384ce2
7c537e0f-0f80-419d-a597-f49c2716297e,application/pdf,http://www.gencourt.state.nh.us/bill_status/legacy/bs2016/billText.aspx?sy=2021&id=2021-0692h&txtFormat=amend,ce10abdb-cfe9-4e41-9a23-fa594d83418e
347cacdb-ba42-4e7d-a395-3230abc23992,application/pdf,http://www.gencourt.state.nh.us/bill_status/legacy/bs2016/billText.aspx?sy=2021&id=2021-0473h&txtFormat=amend,d54f048a-5c34-4b48-b63d-ecd776749ec5
06848f53-36da-423b-b91d-23f63dd7d54c,application/pdf,http://www.gencourt.state.nh.us/bill_status/legacy/bs2016/billText.aspx?sy=2021&id=2021-2159s&txtFormat=amend,4b62d8ef-5888-4c5c-b6b4-eb2543da1d73
670c0332-ff9b-41cc-80ff-8cf4a0ec4bc8,application/pdf,http://www.gencourt.state.nh.us/bill_status/legacy/bs2016/billText.aspx?sy=2021&id=2021-0565h&txtFormat=amend,15820a5c-0930-49db-9ee3-f928d50936c7
e5e827fd-19b6-4e9f-8770-6ae76e1f457e,application/pdf,http://www.gencourt.state.nh.us/bill_status/legacy/bs2016/billText.aspx?sy=2021&id=2021-1660s&txtFormat=amend,a2953e00-03b4-46dd-8e67-58e2801966e3
9a1882be-6885-4277-93db-376ae4f9775b,application/pdf,http://www.gencourt.state.nh.us/bill_status/legacy/bs2016/billText.aspx?sy=2021&id=2021-2128h&txtFormat=amend,58fba769-8e2d-4b32-b4a6-4842fbad5ebe
c3137c05-c2fa-4cce-8146-18d2c0a4cd78,application/pdf,http://www.gencourt.state.nh.us/bill_status/legacy/bs2016/billText.aspx?sy=2021&id=2021-0861s&txtFormat=amend,3ce43ba2-752a-4a33-af3f-fc77015592b5
87412cff-ddb2-4f74-9d12-4707ff082266,application/pdf,http://www.gencourt.state.nh.us/bill_status/legacy/bs2016/billText.aspx?sy=2021&id=2021-2051e&txtFormat=amend,0cca323b-2e24-486c-ad99-a462954d5051
6b765177-dc18-41b4-a9e6-8836bd7c427d,application/pdf,http://www.gencourt.state.nh.us/bill_status/legacy/bs2016/billText.aspx?sy=2021&id=2021-1693s&txtFormat=amend,f090b2e2-60f0-4c77-a578-ee71959a94ae
7ddc7a32-248a-4fbf-9c5f-33c2a92b395c,application/pdf,http://www.gencourt.state.nh.us/bill_status/legacy/bs2016/billText.aspx?sy=2021&id=2021-0319h&txtFormat=amend,3fc9934e-1644-4679-881c-2ed700f3dffa
33dd46cc-bcdc-40ff-9f77-edb5eb75e935,application/pdf,http://www.gencourt.state.nh.us/bill_status/legacy/bs2016/billText.aspx?sy=2021&id=2021-2225h&txtFormat=amend,f082a8ba-9514-4694-85be-1684f9960af2
a4e611df-ae8d-4773-a58f-c26941c29faa,application/pdf,http://www.gencourt.state.nh.us/bill_status/legacy/bs2016/billText.aspx?sy=2021&id=2021-1229s&txtFormat=amend,ae834f6e-d491-420c-8ef9-a5fc004ee43b
801b9c32-e765-4bf3-8910-d1dae4f69119,application/pdf,http://www.gencourt.state.nh.us/bill_status/legacy/bs2016/billText.aspx?sy=2021&id=2021-1683s&txtFormat=amend,d20a6850-0876-4594-9b44-005fd341ea13
99848175-2e9c-4ab0-8fd2-e965e850e726,application/pdf,http://www.gencourt.state.nh.us/bill_status/legacy/bs2016/billText.aspx?sy=2021&id=2021-0047h&txtFormat=amend,fe4190fc-37cc-4bb2-8938-017652382ec7
5439a72c-dad2-4c8f-9426-dc3496fced0c,application/pdf,http://www.gencourt.state.nh.us/bill_status/legacy/bs2016/billText.aspx?sy=2021&id=2021-1680s&txtFormat=amend,d5d85213-18e2-474d-b230-81ed3e9a2021
96aae885-6b87-4d69-b9b4-afd57e042edc,application/pdf,http://www.gencourt.state.nh.us/bill_status/legacy/bs2016/billText.aspx?sy=2021&id=2021-1308h&txtFormat=amend,6015f9a5-2773-473b-b549-28f63ece7961
dd40e356-0ab6-4cde-af40-a18f02b08bf2,application/pdf,http://www.gencourt.state.nh.us/bill_status/legacy/bs2016/billText.aspx?sy=2021&id=2021-0353h&txtFormat=amend,7e7c21cc-b7e4-411c-af9a-c50dac40662d
a3610963-8b35-414a-9130-a999c098bdbb,application/pdf,http://www.gencourt.state.nh.us/bill_status/legacy/bs2016/billText.aspx?sy=2021&id=2021-1200s&txtFormat=amend,7fd26a4e-c939-4c29-9aaa-fda1e66f271b
ed5c04a6-1c9a-4dd1-ace0-b142964c2753,application/pdf,http://www.gencourt.state.nh.us/bill_status/legacy/bs2016/billText.aspx?sy=2021&id=2021-2211h&txtFormat=amend,9d2480f6-1829-4fda-83ba-263a10efdfc6
0a93053b-2148-428e-a1bb-6bc5dfa27b08,application/pdf,http://www.gencourt.state.nh.us/bill_status/legacy/bs2016/billText.aspx?sy=2021&id=2021-2074e&txtFormat=amend,e16e79b3-aa44-403a-a945-5c0386ec0b98
a3d48608-ea17-4eb7-bab1-97d18de1a894,application/pdf,http://www.gencourt.state.nh.us/bill_status/legacy/bs2016/billText.aspx?sy=2021&id=2021-0550s&txtFormat=amend,6e1587c4-2c8b-43fa-81b5-aad2db2b8a49
5ca7cbea-9b52-449c-a1fa-e174ed3962d7,application/pdf,http://www.gencourt.state.nh.us/bill_status/legacy/bs2016/billText.aspx?sy=2021&id=2021-0783s&txtFormat=amend,07e6ce27-dcee-4280-8b5e-f3dda93c2bd2
fe340233-948f-4051-b97b-1769a89149c2,application/pdf,http://www.gencourt.state.nh.us/bill_status/legacy/bs2016/billText.aspx?sy=2021&id=2021-0269h&txtFormat=amend,fec9dd97-6daa-4610-b29c-206122b296e7
149a4606-00dd-4448-8905-5e402b7eb320,application/pdf,http://www.gencourt.state.nh.us/bill_status/legacy/bs2016/billText.aspx?sy=2021&id=2021-2247h&txtFormat=amend,f5fc89c5-d9f0-4231-8a14-f9a42aaa9b30
09e1813f-83f9-4997-9c46-b035bea41d17,application/pdf,http://www.gencourt.state.nh.us/bill_status/legacy/bs2016/billText.aspx?sy=2021&id=2021-2044e&txtFormat=amend,cd13589b-8e11-4d44-b009-94088a749171
79381aef-78f2-4dd6-a9a5-bc6325709c6e,application/pdf,http://www.gencourt.state.nh.us/bill_status/legacy/bs2016/billText.aspx?sy=2021&id=2021-1281h&txtFormat=amend,fe658302-2b91-46e8-9231-7eb0c63812cb
adc27982-7638-4d7b-ad58-86961a93cd7c,application/pdf,http://www.gencourt.state.nh.us/bill_status/legacy/bs2016/billText.aspx?sy=2021&id=2021-2121h&txtFormat=amend,71d99ed2-b061-47dc-a69b-b857e0ab710c
4a0e84ec-82af-44fb-a6b9-73d529b267c3,application/pdf,http://www.gencourt.state.nh.us/bill_status/legacy/bs2016/billText.aspx?sy=2021&id=2021-0753h&txtFormat=amend,fab34eda-efbe-4803-8fc8-23f10556c705
ba3e33c5-3d20-4cdf-b234-eb8eecd2c094,application/pdf,http://www.gencourt.state.nh.us/bill_status/legacy/bs2016/billText.aspx?sy=2021&id=2021-0439h&txtFormat=amend,b615bd8c-1462-4b4f-8a15-803405575eb7
42ca2c46-c912-44cf-82b2-e4932b3d0437,application/pdf,http://www.gencourt.state.nh.us/bill_status/legacy/bs2016/billText.aspx?sy=2021&id=2021-2048e&txtFormat=amend,52463fc9-aa51-4b5f-b2d4-a05149cc69bc
73c4a97e-7b14-4c56-a0e1-e0d6206fcd7e,application/pdf,http://www.gencourt.state.nh.us/bill_status/legacy/bs2016/billText.aspx?sy=2021&id=2021-2290s&txtFormat=amend,42cf435c-7a2b-4b5e-96ca-10d3043700f3
c5feef0c-67a7-4044-bdae-5c966155c955,application/pdf,http://www.gencourt.state.nh.us/bill_status/legacy/bs2016/billText.aspx?sy=2021&id=2021-0361h&txtFormat=amend,f1510cb2-6831-4e45-bbec-18c0b3c4b9ae
285f010f-71c3-419e-a2f6-6b0e0a820ada,application/pdf,http://www.gencourt.state.nh.us/bill_status/legacy/bs2016/billText.aspx?sy=2021&id=2021-2292s&txtFormat=amend,9c411cf1-e61e-48a1-a162-312f4ddd9ce7
0476bfb4-9317-4f24-959e-b99e604a41fb,application/pdf,http://www.gencourt.state.nh.us/bill_status/legacy/bs2016/billText.aspx?sy=2021&id=2021-0304h&txtFormat=amend,ec24b9c4-be45-4ca3-973f-ce16f5de27f1
abf62195-0806-49ed-8c82-9dd46f87c6dc,application/pdf,http://www.gencourt.state.nh.us/bill_status/legacy/bs2016/billText.aspx?sy=2021&id=2021-1612h&txtFormat=amend,05d341ec-6993-4fbe-bdef-0c47e67b55cc
aa75b1fb-aae1-4810-93c4-1a535e2cb4af,application/pdf,http://www.gencourt.state.nh.us/bill_status/legacy/bs2016/billText.aspx?sy=2021&id=2021-1014s&txtFormat=amend,468a6719-0ade-45d4-890f-3017822aa614
143afc03-2bb3-40d4-a8a2-d9e17e000e44,application/pdf,http://www.gencourt.state.nh.us/bill_status/legacy/bs2016/billText.aspx?sy=2021&id=2021-1022s&txtFormat=amend,3aa94cc0-6d76-42ae-b90b-1e4609c31e97
90f06ddd-1d8b-4b2c-9677-cb9b0fa6d6e1,application/pdf,http://www.gencourt.state.nh.us/bill_status/legacy/bs2016/billText.aspx?sy=2021&id=2021-2214h&txtFormat=amend,832590fb-c5a5-4603-a46e-e285bff50ed6
6c67c550-d1cb-4b33-97d5-0d9a937afd8a,application/pdf,http://www.gencourt.state.nh.us/bill_status/legacy/bs2016/billText.aspx?sy=2021&id=2021-0194h&txtFormat=amend,dea18605-103a-4fb3-87ae-feb687b9dff9
e0369c65-36b7-41ab-b8a9-5cb89292d935,application/pdf,http://www.gencourt.state.nh.us/bill_status/legacy/bs2016/billText.aspx?sy=2021&id=2021-0405h&txtFormat=amend,a11976e2-7bd9-42d6-b512-07ba7ab0d776
d6e0a58d-67a3-4022-b9ec-aec1d0358637,application/pdf,http://www.gencourt.state.nh.us/bill_status/legacy/bs2016/billText.aspx?sy=2021&id=2021-0061h&txtFormat=amend,6039022b-bff5-4b79-961b-9bf17882dee6
1c2a4b70-d7fb-4665-a70c-57826339a965,application/pdf,http://www.gencourt.state.nh.us/bill_status/legacy/bs2016/billText.aspx?sy=2021&id=2021-1581s&txtFormat=amend,9445ccf2-6f19-43bd-9181-2fd591797763
643a8475-aae8-4939-b232-79c5fd5e41f1,application/pdf,http://www.gencourt.state.nh.us/bill_status/legacy/bs2016/billText.aspx?sy=2021&id=2021-2155h&txtFormat=amend,6241e5f3-816f-4d7b-88b5-ab3b16f74b16
1701696e-ed4b-4ec9-a3ba-d880b537efc5,application/pdf,http://www.gencourt.state.nh.us/bill_status/legacy/bs2016/billText.aspx?sy=2021&id=2021-0097h&txtFormat=amend,6da65d39-053c-496e-a6bb-9256d9b220bf
f6d43aae-3a81-4c4d-b68d-afb27fd1299d,application/pdf,http://www.gencourt.state.nh.us/bill_status/legacy/bs2016/billText.aspx?sy=2021&id=2021-2218s&txtFormat=amend,db1ce31b-f60f-493b-b574-21a0b569bda5
b203f9b3-76fb-4d5c-b02d-8524f8378cd9,application/pdf,http://www.gencourt.state.nh.us/bill_status/legacy/bs2016/billText.aspx?sy=2021&id=2021-1425s&txtFormat=amend,fb4aa8bf-51b5-498a-8069-ea03ac9fd43b
7e6e00ad-91f0-40aa-b98b-b3caa4080c9f,application/pdf,http://www.gencourt.state.nh.us/bill_status/legacy/bs2016/billText.aspx?sy=2021&id=2021-1674s&txtFormat=amend,5bf39725-a81d-4287-b407-e78f85fab352
3dcc7091-c154-40a4-95a7-dce10f8eddc4,application/pdf,http://www.gencourt.state.nh.us/bill_status/legacy/bs2016/billText.aspx?sy=2021&id=2021-1885s&txtFormat=amend,e3524474-b678-4200-b95f-8ccb47e796ec
329158e5-6e4a-438d-bdea-05284180ffc7,application/pdf,http://www.gencourt.state.nh.us/bill_status/legacy/bs2016/billText.aspx?sy=2021&id=2021-1009s&txtFormat=amend,1ef0f49e-ee5b-4335-8026-428d202c8135
f110b109-b471-41be-b250-cfd7ce1cc692,application/pdf,http://www.gencourt.state.nh.us/bill_status/legacy/bs2016/billText.aspx?sy=2021&id=2021-1784s&txtFormat=amend,dbe19629-70aa-407f-a684-d501f43d6194
b2144bed-7e57-4ae6-b82c-ac94c6f8ee88,application/pdf,http://www.gencourt.state.nh.us/bill_status/legacy/bs2016/billText.aspx?sy=2021&id=2021-0250h&txtFormat=amend,5a9de60e-825d-43d4-8ffa-86b5f093c070
4af82e02-c6bc-4bf0-a959-97fbf58fda3c,application/pdf,http://www.gencourt.state.nh.us/bill_status/legacy/bs2016/billText.aspx?sy=2021&id=2021-1893e&txtFormat=amend,bfc1eff6-f993-4907-aa6e-81e7b9d6d498
35bde8c7-25d3-4087-81ac-c5c705306deb,application/pdf,http://www.gencourt.state.nh.us/bill_status/legacy/bs2016/billText.aspx?sy=2021&id=2021-0187h&txtFormat=amend,e561e65d-4303-4873-862c-3afe1ef911ae
6db8e991-242d-45d7-896a-ed5edd840e42,application/pdf,http://www.gencourt.state.nh.us/bill_status/legacy/bs2016/billText.aspx?sy=2021&id=2021-0255h&txtFormat=amend,44f01f58-510c-45fd-8d4b-31c4bf50498c
8df32b56-34eb-4138-926b-abd4ee30ecad,application/pdf,http://www.gencourt.state.nh.us/bill_status/legacy/bs2016/billText.aspx?sy=2021&id=2021-2060e&txtFormat=amend,ad8cd3aa-610c-4a1d-97aa-6887e60ee639
3eaf4f51-2008-4c9f-8b84-159ac17c3017,application/pdf,http://www.gencourt.state.nh.us/bill_status/legacy/bs2016/billText.aspx?sy=2021&id=2021-2143h&txtFormat=amend,36b74ba9-451a-4311-a23b-c17bc488f203
115f3ccd-5cd2-4b5f-8d35-d28267e10449,application/pdf,http://www.gencourt.state.nh.us/bill_status/legacy/bs2016/billText.aspx?sy=2021&id=2021-1758h&txtFormat=amend,543b5fa4-94c8-42e6-a74e-615bceab31ef
3ff7b944-e0b4-419f-9660-3622655534d9,application/pdf,http://www.gencourt.state.nh.us/bill_status/legacy/bs2016/billText.aspx?sy=2021&id=2021-1053s&txtFormat=amend,3c3b07ed-212f-4306-9c08-d6a2cc576216
3a6b95b0-9d70-478b-aa37-90e4172816dd,application/pdf,http://www.gencourt.state.nh.us/bill_status/legacy/bs2016/billText.aspx?sy=2021&id=2021-2288s&txtFormat=amend,1bc7c20d-b64b-43bc-8d5d-ee1b5efeb2c0
1393136b-146d-40d8-bf17-1ec76d50230e,application/pdf,http://www.gencourt.state.nh.us/bill_status/legacy/bs2016/billText.aspx?sy=2021&id=2021-1539s&txtFormat=amend,2c85e158-1ae5-4400-bd9b-a2502ed838db
c1f0f8ec-c54f-44e1-92ed-3d26496f6687,application/pdf,http://www.gencourt.state.nh.us/bill_status/legacy/bs2016/billText.aspx?sy=2021&id=2021-1237h&txtFormat=amend,156266a4-8538-494b-a9a1-cfc0ac109e31
116d7394-2810-4621-8f25-ba3fd39fb7ed,application/pdf,http://www.gencourt.state.nh.us/bill_status/legacy/bs2016/billText.aspx?sy=2021&id=2021-0552s&txtFormat=amend,aa18626c-ee23-4ce7-a9f2-27b9b70e74bc
efec927c-d95a-41fa-8e81-6d0f8a81d8b6,application/pdf,http://www.gencourt.state.nh.us/bill_status/legacy/bs2016/billText.aspx?sy=2021&id=2021-2070e&txtFormat=amend,2bba76e7-5646-41f3-bad1-64120a67f6f9
54acb83e-6c0d-4725-b0a8-90e84f92e05b,application/pdf,http://www.gencourt.state.nh.us/bill_status/legacy/bs2016/billText.aspx?sy=2021&id=2021-2123h&txtFormat=amend,23b12a1c-d298-4c00-90ec-df5c900d7a76
061456fc-e4fe-4902-8447-d904d4b3426f,application/pdf,http://www.gencourt.state.nh.us/bill_status/legacy/bs2016/billText.aspx?sy=2021&id=2021-2246h&txtFormat=amend,287f9e33-9272-47d9-82b8-0bc992c997d7
777783b2-797f-4fbf-aef5-bfc1f941a20f,application/pdf,http://www.gencourt.state.nh.us/bill_status/legacy/bs2016/billText.aspx?sy=2021&id=2021-1303h&txtFormat=amend,031cda36-a5ae-4e01-8f6e-083b2b6a2953
c9df233b-d23b-4086-bbdc-ac49245b3a85,application/pdf,http://www.gencourt.state.nh.us/bill_status/legacy/bs2016/billText.aspx?sy=2021&id=2021-1146s&txtFormat=amend,a65b4c65-4a4a-44f9-ac6d-08ecf34f71f0
23f81027-307b-4a0d-8136-bda37b451abe,application/pdf,http://www.gencourt.state.nh.us/bill_status/legacy/bs2016/billText.aspx?sy=2021&id=2021-0558s&txtFormat=amend,a4dd3df1-02d4-415e-98c9-8c572e27b6f7
7e9356d7-c100-4fce-a3a4-23f997cf1db1,application/pdf,http://www.gencourt.state.nh.us/bill_status/legacy/bs2016/billText.aspx?sy=2021&id=2021-0046h&txtFormat=amend,b8106a48-a9af-4b3b-a482-c13550c89d55
56ce1882-d658-4217-b78d-be44fa2974cb,application/pdf,http://www.gencourt.state.nh.us/bill_status/legacy/bs2016/billText.aspx?sy=2021&id=2021-1589s&txtFormat=amend,9e7a8428-7470-456f-9bf0-7e81a85a78f1
3ed1bf63-bda6-4070-b276-b68b576fef27,application/pdf,http://www.gencourt.state.nh.us/bill_status/legacy/bs2016/billText.aspx?sy=2021&id=2021-2193h&txtFormat=amend,8fec993a-f09b-4820-b017-75bc9db147ff
c8db5c2c-b081-4438-81cf-e20d261cafd7,application/pdf,http://www.gencourt.state.nh.us/bill_status/legacy/bs2016/billText.aspx?sy=2021&id=2021-2065e&txtFormat=amend,a57ee13a-567a-4501-9738-720dbce9d21f
ff82a148-02b4-432c-9391-bd1fbde075d6,application/pdf,http://www.gencourt.state.nh.us/bill_status/legacy/bs2016/billText.aspx?sy=2021&id=2021-0249h&txtFormat=amend,8e627214-9388-4aec-8dde-069f1e95fbde
c55d1abc-dd37-4722-827f-903ab73b653a,application/pdf,http://www.gencourt.state.nh.us/bill_status/legacy/bs2016/billText.aspx?sy=2021&id=2021-1491h&txtFormat=amend,e1988b5b-1aca-42e8-8cec-5249d453c2a1
74abbd4a-2636-439e-a915-257eab83f167,application/pdf,http://www.gencourt.state.nh.us/bill_status/legacy/bs2016/billText.aspx?sy=2021&id=2021-2057e&txtFormat=amend,819b40b7-2950-4897-aec9-92dc9fbee336
d0bafb97-3275-4b5e-bc4f-be15f1aaec56,application/pdf,http://www.gencourt.state.nh.us/bill_status/legacy/bs2016/billText.aspx?sy=2021&id=2021-0450s&txtFormat=amend,8d49d4b8-7362-496c-912b-c3f1888cd7ec
9de6f192-83b9-40c3-8b54-baacb1a5f35b,application/pdf,http://www.gencourt.state.nh.us/bill_status/legacy/bs2016/billText.aspx?sy=2021&id=2021-0276h&txtFormat=amend,c3950991-f851-4d40-9e9e-9c2d4288c73a
377ee1d9-d72e-4181-948e-ad159bab1b51,application/pdf,http://www.gencourt.state.nh.us/bill_status/legacy/bs2016/billText.aspx?sy=2021&id=2021-1523s&txtFormat=amend,5afb4f78-0d4c-4bd0-a68e-c3f74b14d78f
5fc24f81-dc15-4c03-86c0-84bec7d82076,application/pdf,http://www.gencourt.state.nh.us/bill_status/legacy/bs2016/billText.aspx?sy=2021&id=2021-0901h&txtFormat=amend,2ba42f44-2cb4-4bf8-aef5-dd5ce4a91092
a14dc86f-a062-44ee-a278-60cb608a1e43,application/pdf,http://www.gencourt.state.nh.us/bill_status/legacy/bs2016/billText.aspx?sy=2021&id=2021-2187h&txtFormat=amend,2f25ec1c-0910-48d1-80bf-3d275816161d
52ee8dd9-dcc6-4ed9-aaf7-56cd86776d40,application/pdf,http://www.gencourt.state.nh.us/bill_status/legacy/bs2016/billText.aspx?sy=2021&id=2021-1135s&txtFormat=amend,34d42d9c-292a-4535-bcaa-6b95ab22e288
a6419ee1-f242-4541-aa10-e7897efb2b33,application/pdf,http://www.gencourt.state.nh.us/bill_status/legacy/bs2016/billText.aspx?sy=2021&id=2021-0349h&txtFormat=amend,f99fe179-4ee3-4f56-ace1-b4d0f167d371
1946c3ce-9f3b-474a-83e8-88a24dfa8714,application/pdf,http://www.gencourt.state.nh.us/bill_status/legacy/bs2016/billText.aspx?sy=2021&id=2021-0451s&txtFormat=amend,1b31031a-2ad9-49b0-b384-3f9f8cc10455
091e16a0-7fb9-4de2-bdd5-f9de15ce759e,application/pdf,http://www.gencourt.state.nh.us/bill_status/legacy/bs2016/billText.aspx?sy=2021&id=2021-2126h&txtFormat=amend,1e151c76-dde5-4d75-99b9-04344597fb31
3b4804e7-a517-4d0f-b961-0391229ceac1,application/pdf,http://www.gencourt.state.nh.us/bill_status/legacy/bs2016/billText.aspx?sy=2021&id=2021-2172h&txtFormat=amend,544e3b17-0532-4181-8e4a-c0b66eea4e44
12cf0580-616e-4948-a91f-1193414edf4b,application/pdf,http://www.gencourt.state.nh.us/bill_status/legacy/bs2016/billText.aspx?sy=2021&id=2021-0608h&txtFormat=amend,f83587c7-896b-4251-8706-b3aa58e4dfe5
7ee07dec-14d9-43d6-94a7-4daba9465cb4,application/pdf,http://www.gencourt.state.nh.us/bill_status/legacy/bs2016/billText.aspx?sy=2021&id=2021-1130s&txtFormat=amend,81730041-1f38-453b-a3f5-7faa6cb186bf
9eda827a-7866-4f03-8985-ee5f694f67ec,application/pdf,http://www.gencourt.state.nh.us/bill_status/legacy/bs2016/billText.aspx?sy=2021&id=2021-2271h&txtFormat=amend,36f8f42e-d067-49c6-98b2-ecfb2dc668e3
1a98e6e5-441f-41a9-9b62-a8a122ba7833,application/pdf,http://www.gencourt.state.nh.us/bill_status/legacy/bs2016/billText.aspx?sy=2021&id=2021-2286s&txtFormat=amend,0f8c7206-9bb0-4507-944b-0a2d9ca09b37
86efd527-623c-41d7-b52b-e406dedfad6c,application/pdf,http://www.gencourt.state.nh.us/bill_status/legacy/bs2016/billText.aspx?sy=2021&id=2021-1236h&txtFormat=amend,86b283cf-16f3-4382-9972-b6ad2f7ff72b
3e5c176b-4147-41b2-a29c-2ecfd568ce0a,application/pdf,http://www.gencourt.state.nh.us/bill_status/legacy/bs2016/billText.aspx?sy=2021&id=2021-0033s&txtFormat=amend,9c39ddfe-2b29-48eb-879c-15a591895885
eb2c025f-3e20-4de4-a862-fcf71bade2d6,application/pdf,http://www.gencourt.state.nh.us/bill_status/legacy/bs2016/billText.aspx?sy=2021&id=2021-1224s&txtFormat=amend,21571c08-f7b3-4c26-86fd-64cbdcf7332b
07ae4f0d-0f11-4a7e-9a20-05c1e27813d6,application/pdf,http://www.gencourt.state.nh.us/bill_status/legacy/bs2016/billText.aspx?sy=2021&id=2021-0168h&txtFormat=amend,b644e661-ffa1-403c-91ad-ade644e91698
c58f79da-45aa-46ee-a05b-413c9f796a8f,application/pdf,http://www.gencourt.state.nh.us/bill_status/legacy/bs2016/billText.aspx?sy=2021&id=2021-2227h&txtFormat=amend,ff5231ab-fc77-444b-8e0c-d23ba82a5bf3
eaa08daf-55d0-44dc-9431-ceeafa8e1c72,application/pdf,http://www.gencourt.state.nh.us/bill_status/legacy/bs2016/billText.aspx?sy=2021&id=2021-2046e&txtFormat=amend,a79db077-90af-422d-b9f3-76058109156b
f1b8858b-c085-4c12-a290-2f0c6d1d86ea,application/pdf,http://www.gencourt.state.nh.us/bill_status/legacy/bs2016/billText.aspx?sy=2021&id=2021-1714s&txtFormat=amend,050091b3-d31c-46a0-b1e9-d4b55242c8bb
8d431a4c-dcc2-4ff0-9af6-d495592efc31,application/pdf,http://www.gencourt.state.nh.us/bill_status/legacy/bs2016/billText.aspx?sy=2021&id=2021-0474h&txtFormat=amend,4c6d3ba2-c65b-40cf-ad13-1735e8e93e8c
0930334f-7488-4c7f-84f3-9af1f0e7295e,application/pdf,http://www.gencourt.state.nh.us/bill_status/legacy/bs2016/billText.aspx?sy=2021&id=2021-1052s&txtFormat=amend,8e206086-89ff-4388-8954-321692700b70
519a2f24-c068-438a-a301-a28f57ad9812,application/pdf,http://www.gencourt.state.nh.us/bill_status/legacy/bs2016/billText.aspx?sy=2021&id=2021-1336e&txtFormat=amend,04ea5dec-18f1-4a0c-a2ed-12d58d323c2b
47853e5d-500b-4181-8319-07b36458b452,application/pdf,http://www.gencourt.state.nh.us/bill_status/legacy/bs2016/billText.aspx?sy=2021&id=2021-2293s&txtFormat=amend,7e1bbb45-e2e4-49f5-b1ea-30675aa8c40b
83893396-fb99-4cd1-8fbe-db06bc103c0c,application/pdf,http://www.gencourt.state.nh.us/bill_status/legacy/bs2016/billText.aspx?sy=2021&id=2021-2201h&txtFormat=amend,766efc57-68f0-402e-93a5-9e9fd069fce1
04cf862e-f3cc-45c2-aff6-494684cf9720,application/pdf,http://www.gencourt.state.nh.us/bill_status/legacy/bs2016/billText.aspx?sy=2021&id=2021-1297s&txtFormat=amend,b064c999-69c6-4c37-b0b4-4f6cc690ad3a
456b34e5-35db-40b4-a069-dba4c2e58b79,application/pdf,http://www.gencourt.state.nh.us/bill_status/legacy/bs2016/billText.aspx?sy=2021&id=2021-2151h&txtFormat=amend,4ce851f2-397f-43e4-9f52-d8cc628f180d
5da57c3d-c137-4542-a3d5-c255f73e90db,application/pdf,http://www.gencourt.state.nh.us/bill_status/legacy/bs2016/billText.aspx?sy=2021&id=2021-2152h&txtFormat=amend,32621b87-8111-4da4-bd0a-d436478a773a
077385ab-a006-45f9-be3a-3815242707ae,application/pdf,http://www.gencourt.state.nh.us/bill_status/legacy/bs2016/billText.aspx?sy=2021&id=2021-1396s&txtFormat=amend,03333b94-9a3a-48bd-8294-d3fc9ddb93f8
dfa888f5-0c18-4460-ac0d-bd36bbb100b0,application/pdf,http://www.gencourt.state.nh.us/bill_status/legacy/bs2016/billText.aspx?sy=2021&id=2021-1220h&txtFormat=amend,da3b1275-82ea-4d2b-a514-380bdb240c98
aa093cd4-4e30-4d93-8d28-7b673cc2777a,application/pdf,http://www.gencourt.state.nh.us/bill_status/legacy/bs2016/billText.aspx?sy=2021&id=2021-1380s&txtFormat=amend,52571b84-784b-4841-a679-c73e93096420
fa8293d5-c1fa-47e4-bc59-8276cd76dc72,application/pdf,http://www.gencourt.state.nh.us/bill_status/legacy/bs2016/billText.aspx?sy=2021&id=2021-1470s&txtFormat=amend,24e22db4-f86d-432e-9eea-1190d98b461e
2debf29e-1d84-4ecc-bd77-219e7a8a0007,application/pdf,http://www.gencourt.state.nh.us/bill_status/legacy/bs2016/billText.aspx?sy=2021&id=2021-2072e&txtFormat=amend,70441865-ddd3-4d8d-8af6-a9beaa9de8c7
80f82feb-85e8-418f-8993-1e8e9b433667,application/pdf,http://www.gencourt.state.nh.us/bill_status/legacy/bs2016/billText.aspx?sy=2021&id=2021-2053e&txtFormat=amend,10b48ffe-9f6d-4885-941e-bb2917258275
7fbd1c93-667e-4adf-ad6d-85b24c301e7f,application/pdf,http://www.gencourt.state.nh.us/bill_status/legacy/bs2016/billText.aspx?sy=2021&id=2021-0208h&txtFormat=amend,8aeb2758-04d3-4c45-9e5f-153a64a2a9b5
fa7bd122-3184-40e2-bc83-51438465dadd,application/pdf,http://www.gencourt.state.nh.us/bill_status/legacy/bs2016/billText.aspx?sy=2021&id=2021-0237h&txtFormat=amend,ea3d41e9-e8dd-4804-bb79-e962f8b31e04
6bfbf892-5126-4fd3-8cb0-88f4615d38e3,application/pdf,http://www.gencourt.state.nh.us/bill_status/legacy/bs2016/billText.aspx?sy=2021&id=2021-1140e&txtFormat=amend,14143229-f21a-4ff5-8142-d3065b3fc6d6
ec5b1624-3f53-4ebb-800d-096696431010,application/pdf,http://www.gencourt.state.nh.us/bill_status/legacy/bs2016/billText.aspx?sy=2021&id=2021-2164h&txtFormat=amend,4729099f-3698-4b43-b426-2cb56b7fa3bc
fb933e39-1f7c-4f39-9423-c2136c23b9f9,application/pdf,http://www.gencourt.state.nh.us/bill_status/legacy/bs2016/billText.aspx?sy=2021&id=2021-0563h&txtFormat=amend,6221d97f-e6ca-4d6b-adc1-1f46d6aa0a74
a12747fc-a252-474b-9077-ceb1e463326f,application/pdf,http://www.gencourt.state.nh.us/bill_status/legacy/bs2016/billText.aspx?sy=2021&id=2021-0746h&txtFormat=amend,e3a3cae1-d669-4e66-a65a-5e1e56c1bc3d
bd5b1030-f4fb-4f9e-a3d0-a9b6c52e22fa,application/pdf,http://www.gencourt.state.nh.us/bill_status/legacy/bs2016/billText.aspx?sy=2021&id=2021-1333s&txtFormat=amend,55f9bdf5-624f-4932-9604-490ef746e653
66e566d1-3857-41f6-aee9-7f9951abf054,application/pdf,http://www.gencourt.state.nh.us/bill_status/legacy/bs2016/billText.aspx?sy=2021&id=2021-0610s&txtFormat=amend,784bde81-f702-4683-89df-8fd351e0f4a6
f374e0c6-6465-47e4-b37f-ebdf0c698b05,application/pdf,http://www.gencourt.state.nh.us/bill_status/legacy/bs2016/billText.aspx?sy=2021&id=2021-1402h&txtFormat=amend,c36ff596-220c-4867-9ea6-8c10cd4d0fc4
ff29ad2a-d583-45ec-ad31-f2485a2cb90d,application/pdf,http://www.gencourt.state.nh.us/bill_status/legacy/bs2016/billText.aspx?sy=2021&id=2021-0247h&txtFormat=amend,218da52e-bdef-4264-851f-a8a16563af88
ea6760c9-94cc-42ef-8b8a-544bbe54f704,application/pdf,http://www.gencourt.state.nh.us/bill_status/legacy/bs2016/billText.aspx?sy=2021&id=2021-1596h&txtFormat=amend,3f96c2ef-6ea2-4a19-9d6e-d70dacca9a5e
71ede51f-1b57-4cc8-8836-30a15a6799b4,application/pdf,http://www.gencourt.state.nh.us/bill_status/legacy/bs2016/billText.aspx?sy=2021&id=2021-2069e&txtFormat=amend,eccaa045-fcee-43fe-8582-1ed233bd987a
8dbd65ac-e8cd-40ca-899a-f7dab4d1f445,application/pdf,http://www.gencourt.state.nh.us/bill_status/legacy/bs2016/billText.aspx?sy=2021&id=2021-0192h&txtFormat=amend,7642c3f4-4015-4497-a376-c5a5ddc2ebc6
36b9f434-5bc0-4535-8a9b-b24ac686e999,application/pdf,http://www.gencourt.state.nh.us/bill_status/legacy/bs2016/billText.aspx?sy=2021&id=2021-0795s&txtFormat=amend,1a267f8e-98cb-4377-8842-404e2beb5759
d74dffd9-dd4c-45c9-93b1-a772ae591af0,application/pdf,http://www.gencourt.state.nh.us/bill_status/legacy/bs2016/billText.aspx?sy=2021&id=2021-1116s&txtFormat=amend,fe960728-06b4-4bcd-ab88-d5b575c7f2c5
f7f85cca-15f5-49b3-8bc1-266e2e496b43,application/pdf,http://www.gencourt.state.nh.us/bill_status/legacy/bs2016/billText.aspx?sy=2021&id=2021-1785s&txtFormat=amend,61f3607d-05b1-4c8b-9039-eaa0bb159c17
8668a929-519a-415a-8965-790682297e4e,application/pdf,http://www.gencourt.state.nh.us/bill_status/legacy/bs2016/billText.aspx?sy=2021&id=2021-2199h&txtFormat=amend,a536c575-3cda-4851-951c-a2e514397131
94706b20-eea8-4f56-b643-594414640ca5,application/pdf,http://www.gencourt.state.nh.us/bill_status/legacy/bs2016/billText.aspx?sy=2021&id=2021-1988e&txtFormat=amend,0b5977c6-ba83-4f61-bd8e-6ffbcb7817e3
bf46051d-462a-4c82-a845-9b2b1011571e,application/pdf,http://www.gencourt.state.nh.us/bill_status/legacy/bs2016/billText.aspx?sy=2021&id=2021-2059e&txtFormat=amend,b17a6fd7-61d0-47e3-a56a-3498a9883c75
454dfbdc-989d-4192-9ada-b87fc55275aa,application/pdf,http://www.gencourt.state.nh.us/bill_status/legacy/bs2016/billText.aspx?sy=2021&id=2021-2217s&txtFormat=amend,8f13d3d2-e81a-409d-b1c4-e787431dfe1d
cc3993aa-fd41-479b-b5a8-5e1ff6b2d077,application/pdf,http://www.gencourt.state.nh.us/bill_status/legacy/bs2016/billText.aspx?sy=2021&id=2021-0877h&txtFormat=amend,639644ae-09bd-4d7d-819e-a61a775414e9
e6161c01-fd02-4f1a-a54a-e57ae6c70598,application/pdf,http://www.gencourt.state.nh.us/bill_status/legacy/bs2016/billText.aspx?sy=2021&id=2021-1007s&txtFormat=amend,dcbb5e51-4ffb-440b-945e-c5e019f71e85
261c4148-c863-45d4-badc-88bf4cb1ec28,application/pdf,http://www.gencourt.state.nh.us/bill_status/legacy/bs2016/billText.aspx?sy=2021&id=2021-0998s&txtFormat=amend,f65aa543-4b95-41e9-abdc-874eb2cb2cf7
9a5670c8-d2a0-4d7a-9c62-18ee59b97fce,application/pdf,http://www.gencourt.state.nh.us/bill_status/legacy/bs2016/billText.aspx?sy=2021&id=2021-0760h&txtFormat=amend,e547b743-6e1b-4d80-bc43-df2c4d495581
2d8256d8-34c3-40c8-b6b6-7bb13c579187,application/pdf,http://www.gencourt.state.nh.us/bill_status/legacy/bs2016/billText.aspx?sy=2021&id=2021-1888s&txtFormat=amend,eee027f8-23cc-480c-afc2-2af9d51214be
63ee0e10-6629-45d2-a04a-058735ea310a,application/pdf,http://www.gencourt.state.nh.us/bill_status/legacy/bs2016/billText.aspx?sy=2021&id=2021-1001s&txtFormat=amend,2cc89076-1120-481b-8a7b-e9f787db1569
9b4fda8b-304a-4d24-8537-7ba3ecc957b3,application/pdf,http://www.gencourt.state.nh.us/bill_status/legacy/bs2016/billText.aspx?sy=2021&id=2021-0461h&txtFormat=amend,364951e0-aeff-405d-a48c-1ca831af3237
70f887fe-877e-455b-a232-f07fa71bf421,application/pdf,http://www.gencourt.state.nh.us/bill_status/legacy/bs2016/billText.aspx?sy=2021&id=2021-1606h&txtFormat=amend,d04a6a7a-8afd-40f1-a528-32d8012ad232
44bf4d4e-e2d5-4e68-94e8-36af126b5c43,application/pdf,http://www.gencourt.state.nh.us/bill_status/legacy/bs2016/billText.aspx?sy=2021&id=2021-2076e&txtFormat=amend,5a8482f6-53ba-405c-8ffb-a4cf1d5442fd
80fec480-1750-4b22-a0c3-fa7c75bb0d93,application/pdf,http://www.gencourt.state.nh.us/bill_status/legacy/bs2016/billText.aspx?sy=2021&id=2021-1444s&txtFormat=amend,e848b780-235c-49dd-b3f0-8076b2297ff9
47c9034e-af27-42b1-b3d2-d76d099992a1,application/pdf,http://www.gencourt.state.nh.us/bill_status/legacy/bs2016/billText.aspx?sy=2021&id=2021-2197h&txtFormat=amend,f76a23cf-cb57-4ba7-84af-a57025c1c32d
7d8feb87-af3d-4f2d-8755-36c7de7cb220,application/pdf,http://www.gencourt.state.nh.us/bill_status/legacy/bs2016/billText.aspx?sy=2021&id=2021-1005s&txtFormat=amend,4c343b04-f590-435a-9228-de70d790fdd5
cf8ff231-5ce0-4aa3-9605-7979da2f867f,application/pdf,http://www.gencourt.state.nh.us/bill_status/legacy/bs2016/billText.aspx?sy=2021&id=2021-1112h&txtFormat=amend,66fd5dbc-50b0-4084-9f07-c6b3b2666b9f
aefc0615-33b1-470d-82d1-96125c99922d,application/pdf,http://www.gencourt.state.nh.us/bill_status/legacy/bs2016/billText.aspx?sy=2021&id=2021-2064e&txtFormat=amend,a0713a8c-3f6c-4912-8907-517bcf8f4105
cb75728b-3b25-4520-af10-5bed7f575dd6,application/pdf,http://www.gencourt.state.nh.us/bill_status/legacy/bs2016/billText.aspx?sy=2021&id=2021-1411s&txtFormat=amend,b16b75cf-f82f-4c8d-ab92-1a9d7bde4009
3d7913a7-bad8-446e-be92-ac4058464acc,application/pdf,http://www.gencourt.state.nh.us/bill_status/legacy/bs2016/billText.aspx?sy=2021&id=2021-1707s&txtFormat=amend,fd9ddcda-5bc1-43ca-8822-5f7111831af9
b42227ab-8e55-437f-953f-411ee2bf4ccd,application/pdf,http://www.gencourt.state.nh.us/bill_status/legacy/bs2016/billText.aspx?sy=2021&id=2021-1527s&txtFormat=amend,88642e66-b15f-4211-abad-e84dc2f10104
8e068607-5c70-4719-928e-6b48f44d7c02,application/pdf,http://www.gencourt.state.nh.us/bill_status/legacy/bs2016/billText.aspx?sy=2021&id=2021-1187h&txtFormat=amend,413adec0-b7f4-4b10-b8bd-7a7cd93419b1
cb58178b-d37e-4d21-b825-6d0fad16a18b,application/pdf,http://www.gencourt.state.nh.us/bill_status/legacy/bs2016/billText.aspx?sy=2021&id=2021-1114s&txtFormat=amend,e780478e-16ca-483b-9270-17ec35032709
6d0efd8f-4dd9-4559-a047-bdedba6662d5,application/pdf,http://www.gencourt.state.nh.us/bill_status/legacy/bs2016/billText.aspx?sy=2021&id=2021-1000s&txtFormat=amend,b5568857-498e-475f-b31f-4d8c6fb9bf31
33e40b77-a25e-4f05-9dac-a3901f0a114f,application/pdf,http://www.gencourt.state.nh.us/bill_status/legacy/bs2016/billText.aspx?sy=2021&id=2021-1608h&txtFormat=amend,29904b12-8ed3-4636-8b5a-391b64c1c61e
5408b4eb-7cee-4e76-84d8-4a7acf21aaa4,application/pdf,http://www.gencourt.state.nh.us/bill_status/legacy/bs2016/billText.aspx?sy=2021&id=2021-0157h&txtFormat=amend,65270f97-8c1c-47f4-9fda-d1040bca52c9
efebfd64-764e-4fb8-9480-e15ed58c2a33,application/pdf,http://www.gencourt.state.nh.us/bill_status/legacy/bs2016/billText.aspx?sy=2021&id=2021-1712s&txtFormat=amend,1adfdd4c-d5be-4c85-bd55-23226dad815b
44be705b-c977-4c22-9da6-de5547ba514d,application/pdf,http://www.gencourt.state.nh.us/bill_status/legacy/bs2016/billText.aspx?sy=2021&id=2021-1525s&txtFormat=amend,b5fa4275-9991-4269-89ca-3511fb96d760
e41e9edb-9728-4dbe-996e-28a2ebaf5c6b,application/pdf,http://www.gencourt.state.nh.us/bill_status/legacy/bs2016/billText.aspx?sy=2021&id=2021-1435h&txtFormat=amend,e0b9f067-ef30-4550-8c92-bd1487f3fce8
398664d0-843a-43fd-a923-6205ebfaa84c,application/pdf,http://www.gencourt.state.nh.us/bill_status/legacy/bs2016/billText.aspx?sy=2021&id=2021-2049e&txtFormat=amend,0aa2b985-8f4e-4503-b497-cd55701ff71a
83010157-4f1d-40e7-ac35-8517518e4163,application/pdf,http://www.gencourt.state.nh.us/bill_status/legacy/bs2016/billText.aspx?sy=2021&id=2021-0567s&txtFormat=amend,fcd3a0b6-b353-4e72-af00-8e98ceb3831e
4129b907-4df0-40ca-952f-6a67e38a354b,application/pdf,http://www.gencourt.state.nh.us/bill_status/legacy/bs2016/billText.aspx?sy=2021&id=2021-1488s&txtFormat=amend,87a79937-a020-48db-8e87-4204b521be83
490430be-3be0-478c-a585-f6f48a0b3584,application/pdf,http://www.gencourt.state.nh.us/bill_status/legacy/bs2016/billText.aspx?sy=2021&id=2021-0239h&txtFormat=amend,6ec135d2-87ac-4b58-9dfe-9803cd211263
77d61b3b-981e-4088-ac24-4f2e38cdc164,application/pdf,http://www.gencourt.state.nh.us/bill_status/legacy/bs2016/billText.aspx?sy=2021&id=2021-0841h&txtFormat=amend,84eeb82e-d25e-4dfa-b4ca-e57bce581b10
6cc9e6ae-a17f-4aed-8f76-7e467c878706,application/pdf,http://www.gencourt.state.nh.us/bill_status/legacy/bs2016/billText.aspx?sy=2021&id=2021-1253h&txtFormat=amend,24ac0c52-384f-47d5-ab7d-fa18595f8003
ae919377-456f-4e44-97e1-8319fcc49785,application/pdf,http://www.gencourt.state.nh.us/bill_status/legacy/bs2016/billText.aspx?sy=2021&id=2021-0400h&txtFormat=amend,9c708b7c-0040-4d8a-ac20-a6f6d824a114
cfbf8b83-24d0-477e-a9db-f63aff64693b,application/pdf,http://www.gencourt.state.nh.us/bill_status/legacy/bs2016/billText.aspx?sy=2021&id=2021-0356h&txtFormat=amend,1562d690-a3d0-4789-b7e3-118fad9219fe
7b6489b0-f07a-47d9-92ea-198e300c2ab4,application/pdf,http://www.gencourt.state.nh.us/bill_status/legacy/bs2016/billText.aspx?sy=2021&id=2021-0488h&txtFormat=amend,10ea4c68-b2af-47ef-96d3-834e864c22ca
4396fdc0-6bf1-4e84-bdc6-86d86709d1b9,application/pdf,http://www.gencourt.state.nh.us/bill_status/legacy/bs2016/billText.aspx?sy=2021&id=2021-0823h&txtFormat=amend,deb68f9a-1e62-4d81-9f86-7418b2949815
6ea867e3-a285-405f-bb25-77ed6fc6223c,application/pdf,http://www.gencourt.state.nh.us/bill_status/legacy/bs2016/billText.aspx?sy=2021&id=2021-1164s&txtFormat=amend,ebda041b-895d-4ec7-91e4-a550588f8fe8
27c25334-5484-4e41-8394-f486bc630a25,application/pdf,http://www.gencourt.state.nh.us/bill_status/legacy/bs2016/billText.aspx?sy=2021&id=2021-0185h&txtFormat=amend,1a805379-5f59-493c-9ce9-0e74dc467c39
0db6bfd9-5f6b-4aa5-bebc-dcd96ff0ae86,application/pdf,http://www.gencourt.state.nh.us/bill_status/legacy/bs2016/billText.aspx?sy=2021&id=2021-0780h&txtFormat=amend,55e22bd5-2599-4a3f-b6ea-9ce9bab8e94b
14f8e3cd-9e2f-4ee8-8cc4-19a93a4e2564,application/pdf,http://www.gencourt.state.nh.us/bill_status/legacy/bs2016/billText.aspx?sy=2021&id=2021-0587h&txtFormat=amend,b6bf9b7f-a644-47cc-aad5-9c24c20af4dd
64edf2ce-9303-404d-b9ea-4cee15c464e7,application/pdf,http://www.gencourt.state.nh.us/bill_status/legacy/bs2016/billText.aspx?sy=2021&id=2021-0306h&txtFormat=amend,bbe4287b-befd-439a-8b0e-54e3cfe06545
412f53eb-7f2d-49cf-9cee-7956232930db,application/pdf,http://www.gencourt.state.nh.us/bill_status/legacy/bs2016/billText.aspx?sy=2021&id=2021-0584s&txtFormat=amend,295e4838-1385-41f0-87da-ed450ca05e13
e0ebfe9d-b6c0-4de5-a126-de60717e4e94,application/pdf,http://www.gencourt.state.nh.us/bill_status/legacy/bs2016/billText.aspx?sy=2021&id=2021-2077e&txtFormat=amend,8933215a-c908-4a89-bdbb-0e3e787b57bd
f940fff8-797d-4f3c-9f15-1454739458d2,application/pdf,http://www.gencourt.state.nh.us/bill_status/legacy/bs2016/billText.aspx?sy=2021&id=2021-0296h&txtFormat=amend,a2453a51-7396-49f2-9900-4a9b16341d70
a8590e91-4840-451d-8d23-04ac87dcfe98,application/pdf,http://www.gencourt.state.nh.us/bill_status/legacy/bs2016/billText.aspx?sy=2021&id=2021-1426s&txtFormat=amend,1a69f1a3-c87c-436f-a4c8-78bea01f7b24
96e29396-b0df-4873-b255-fd3913719628,application/pdf,http://www.gencourt.state.nh.us/bill_status/legacy/bs2016/billText.aspx?sy=2021&id=2021-0404h&txtFormat=amend,6ab1b5db-2544-41cf-b851-2be7881e378b
b6173255-8886-405f-a960-290f5ec7b6c5,application/pdf,http://www.gencourt.state.nh.us/bill_status/legacy/bs2016/billText.aspx?sy=2021&id=2021-1708s&txtFormat=amend,20d78d49-25a4-4e2b-b1c8-9ef5be834cec
ab5f7444-33b5-4195-80a6-1675f9873d76,application/pdf,http://www.gencourt.state.nh.us/bill_status/legacy/bs2016/billText.aspx?sy=2021&id=2021-0611h&txtFormat=amend,a8a6d9b1-d3a2-4185-9052-5df3c4542cc5
ec90dc4d-2377-47a4-9093-ee319596886d,application/pdf,http://www.gencourt.state.nh.us/bill_status/legacy/bs2016/billText.aspx?sy=2021&id=2021-1890e&txtFormat=amend,4b389ac8-f120-47c3-9577-88d5dd8f8e70
de3c2e6a-0cf8-4d18-9d51-9b5ea25e903d,application/pdf,http://www.gencourt.state.nh.us/bill_status/legacy/bs2016/billText.aspx?sy=2021&id=2021-1465s&txtFormat=amend,f63246d6-5e85-453b-a6c9-c6e184bd62d5
5b8a9ef1-65db-447f-a8b1-1e23fa96337b,application/pdf,http://www.gencourt.state.nh.us/bill_status/legacy/bs2016/billText.aspx?sy=2021&id=2021-2223h&txtFormat=amend,73477bf9-38b6-4e48-8197-40ce4a9af037
d0076734-dc0b-4bc1-ba40-af610196eaa6,application/pdf,http://www.gencourt.state.nh.us/bill_status/legacy/bs2016/billText.aspx?sy=2021&id=2021-1126s&txtFormat=amend,d975f644-d8fd-4d4c-a146-ea46adcf63b4
fe7efb95-04c4-4674-889b-6e7f7d21174c,application/pdf,http://www.gencourt.state.nh.us/bill_status/legacy/bs2016/billText.aspx?sy=2021&id=2021-0761s&txtFormat=amend,ef6e1852-57a2-4572-9295-5702b92edafb
f0a8320e-c6d6-401d-9845-d117f590962a,application/pdf,http://www.gencourt.state.nh.us/bill_status/legacy/bs2016/billText.aspx?sy=2021&id=2021-2080e&txtFormat=amend,a1ae0064-108c-47d6-896a-4380795f3172
8b4ac41e-d753-46db-a7b1-b0a32dc9444c,application/pdf,http://www.gencourt.state.nh.us/bill_status/legacy/bs2016/billText.aspx?sy=2021&id=2021-2221s&txtFormat=amend,0f36e9c2-cc6c-4405-afee-1c1347f9af57
24e90cd8-d3da-45fc-a848-0b964330ca27,application/pdf,http://www.gencourt.state.nh.us/bill_status/legacy/bs2016/billText.aspx?sy=2021&id=2021-2078e&txtFormat=amend,6ecb5305-7c74-4ee6-8b32-adaa44a3a64a
17b707a4-3f7a-4ea3-845d-420e3cc8215d,application/pdf,http://www.gencourt.state.nh.us/bill_status/legacy/bs2016/billText.aspx?sy=2021&id=2021-2066e&txtFormat=amend,c91fad41-55d6-479b-ad17-67dde7997df8
514a624c-57ad-4c05-811f-5f56f4229f23,application/pdf,http://www.gencourt.state.nh.us/bill_status/legacy/bs2016/billText.aspx?sy=2021&id=2021-0507h&txtFormat=amend,6eb8d21b-4321-46bf-acb1-957901bdcd64
e96acda0-abc0-45c7-a3d9-d27abb82b1d6,application/pdf,http://www.gencourt.state.nh.us/bill_status/legacy/bs2016/billText.aspx?sy=2021&id=2021-2291s&txtFormat=amend,804589eb-54e9-4297-af06-df3ec17a481c
45c2e7d0-fb31-44e1-81f4-792428c439d0,application/pdf,http://www.gencourt.state.nh.us/bill_status/legacy/bs2016/billText.aspx?sy=2021&id=2021-0436h&txtFormat=amend,a1b9cbbf-6cce-469a-8c56-69116d0eb71c
e9937d81-db70-44f2-a944-cc6c1e4248f5,application/pdf,http://www.gencourt.state.nh.us/bill_status/legacy/bs2016/billText.aspx?sy=2021&id=2021-1295h&txtFormat=amend,7cfdc707-3638-46bb-859b-509a022a3e37
1be0448b-95fe-46de-997d-4885e871ef03,application/pdf,http://www.gencourt.state.nh.us/bill_status/legacy/bs2016/billText.aspx?sy=2021&id=2021-2052e&txtFormat=amend,1450630b-f176-40a3-97a5-569640e0ff1d
3b5ea698-5df9-44ef-b26e-cbddf8efa3ca,application/pdf,http://www.gencourt.state.nh.us/bill_status/legacy/bs2016/billText.aspx?sy=2021&id=2021-2054e&txtFormat=amend,1ca6de62-f206-4395-8f31-5504d36828b4
ba2c0c66-c0ee-478e-b410-ed0c899f0fe6,application/pdf,http://www.gencourt.state.nh.us/bill_status/legacy/bs2016/billText.aspx?sy=2021&id=2021-1495h&txtFormat=amend,c9338344-9b24-4e31-9242-1f06ca9bd134
215a0f51-2c88-4757-9a39-88ba0575da85,application/pdf,http://www.gencourt.state.nh.us/bill_status/legacy/bs2016/billText.aspx?sy=2021&id=2021-0549h&txtFormat=amend,52e49511-bdf0-486e-94ca-11308fff09b6
d33d8248-2758-4449-a4c3-47f03308a5cc,application/pdf,http://www.gencourt.state.nh.us/bill_status/legacy/bs2016/billText.aspx?sy=2021&id=2021-1392h&txtFormat=amend,a05abb47-a9ff-481d-a3c1-f90139928bd4
a9fe2c38-5924-4270-bba0-25f7dabfe151,application/pdf,http://www.gencourt.state.nh.us/bill_status/legacy/bs2016/billText.aspx?sy=2021&id=2021-1418s&txtFormat=amend,82b3afc9-b931-4f70-9a30-036084a09ae6
6c73ee88-dd9b-45cb-b2fe-15d2cb315256,application/pdf,http://www.gencourt.state.nh.us/bill_status/legacy/bs2016/billText.aspx?sy=2021&id=2021-1548s&txtFormat=amend,7278d52c-f417-4bce-b786-4a610d0f022f
013c5c5a-90bd-4b80-96b7-e5bc0960d559,application/pdf,http://www.gencourt.state.nh.us/bill_status/legacy/bs2016/billText.aspx?sy=2021&id=2021-2056e&txtFormat=amend,07ebaf12-d6ac-4d2b-a13f-1cdd880ab942
79ecccfb-167e-4979-9325-926ced59d4d8,application/pdf,http://www.gencourt.state.nh.us/bill_status/legacy/bs2016/billText.aspx?sy=2021&id=2021-0093h&txtFormat=amend,91cff936-3cba-4911-9d4d-6bf3dd14720a
6e93b12a-0b5c-4437-86f7-8536bc50d002,application/pdf,http://www.gencourt.state.nh.us/bill_status/legacy/bs2016/billText.aspx?sy=2021&id=2021-0553h&txtFormat=amend,f8761911-b9a6-434b-946f-874bb9ce4cd5
de645209-69bf-4a04-b2e5-c00d7d695484,application/pdf,http://www.gencourt.state.nh.us/bill_status/legacy/bs2016/billText.aspx?sy=2021&id=2021-2063e&txtFormat=amend,d7324fb2-f894-4471-9afb-8992773b9a84
8dd80544-dc79-4770-afd5-9bcb75fc0d3c,application/pdf,http://www.gencourt.state.nh.us/bill_status/legacy/bs2016/billText.aspx?sy=2021&id=2021-2067E&txtFormat=amend,46dd5f7c-e1c0-4bd8-8678-03cc37408dd6
35ea9545-25c3-4d78-b72a-07bccbb7d50f,application/pdf,http://www.gencourt.state.nh.us/bill_status/legacy/bs2016/billText.aspx?sy=2021&id=2021-1486h&txtFormat=amend,6bf551ba-2bdc-40c5-80e1-9dd5899bcdc8
19d4b491-c213-4478-8b78-f8989e9049aa,application/pdf,http://www.gencourt.state.nh.us/bill_status/legacy/bs2016/billText.aspx?sy=2021&id=2021-1695s&txtFormat=amend,11f26e32-54ac-403f-b7e7-1c2cbe8326bb
a4f0741a-83ba-4efd-96ce-56b532d7a181,application/pdf,http://www.gencourt.state.nh.us/bill_status/legacy/bs2016/billText.aspx?sy=2021&id=2021-0710s&txtFormat=amend,30b41931-ddfc-423f-8571-60ccae12b637
9fd5ded6-f4f9-4dfa-a353-34c56900f9ce,application/pdf,http://www.gencourt.state.nh.us/bill_status/legacy/bs2016/billText.aspx?sy=2021&id=2021-2168h&txtFormat=amend,1bf154c0-289f-4f3c-916e-bbff2d565060
2c5a47cb-a0e1-4af6-8403-55a53e97679f,application/pdf,http://www.gencourt.state.nh.us/bill_status/legacy/bs2016/billText.aspx?sy=2021&id=2021-0944s&txtFormat=amend,1bdf359c-f2f9-4d9b-9fea-50502bde7173
1f88328e-9454-40d0-90fe-7d0b48b23222,application/pdf,http://www.gencourt.state.nh.us/bill_status/legacy/bs2016/billText.aspx?sy=2021&id=2021-1354e&txtFormat=amend,28c9b1af-8dd6-4f1c-ba92-f48dba7e3cb9
d96419c6-b553-4e2a-8b41-b991cb8a00d4,application/pdf,http://www.gencourt.state.nh.us/bill_status/legacy/bs2016/billText.aspx?sy=2021&id=2021-1371s&txtFormat=amend,78b2ae6e-2974-4f1e-af47-9738775489f3
a5a7c69d-82b3-48eb-a582-ca0c310d788a,application/pdf,http://www.gencourt.state.nh.us/bill_status/legacy/bs2016/billText.aspx?sy=2021&id=2021-1165s&txtFormat=amend,aa9120a4-1126-49cd-834d-0ae4c1529eef
787d5b58-8bd9-48b4-8cc9-0b65e5531fe0,application/pdf,http://www.gencourt.state.nh.us/bill_status/legacy/bs2016/billText.aspx?sy=2021&id=2021-1384s&txtFormat=amend,262b8bbc-4089-494a-974a-8de94f9b99fa
a281f71d-2ebb-44e2-aa62-d974fd2f866e,application/pdf,http://www.gencourt.state.nh.us/bill_status/legacy/bs2016/billText.aspx?sy=2021&id=2021-2079e&txtFormat=amend,c50b3725-ae79-47dd-bf1e-be872b9d87db
2714b122-fc68-418a-b2ea-91d8d19aba47,application/pdf,http://www.gencourt.state.nh.us/bill_status/legacy/bs2016/billText.aspx?sy=2021&id=2021-1298s&txtFormat=amend,0b251a38-a63e-4c48-b352-2267ee297592
7d2cf67a-287c-422e-afb5-dd3e8117d248,application/pdf,http://www.gencourt.state.nh.us/bill_status/legacy/bs2016/billText.aspx?sy=2021&id=2021-2075e&txtFormat=amend,d9c3dca3-0bdb-4f05-a8f2-38c52b1eda7f
b729402f-f1d0-4ab9-9a89-e49b5f6b06ca,application/pdf,http://www.gencourt.state.nh.us/bill_status/legacy/bs2016/billText.aspx?sy=2021&id=2021-0419s&txtFormat=amend,0755e53b-fa31-4f60-954b-0f47ef4c33b7
00347ba1-db6a-4bd2-9dbc-76e22bc25b51,application/pdf,http://www.gencourt.state.nh.us/bill_status/legacy/bs2016/billText.aspx?sy=2021&id=2021-0648h&txtFormat=amend,f534f01c-d407-4d4f-8842-51262f846802
143a8dcd-24c9-4f21-bc5a-a2e877f19afb,application/pdf,http://www.gencourt.state.nh.us/bill_status/legacy/bs2016/billText.aspx?sy=2021&id=2021-2162h&txtFormat=amend,2ba1b1c1-5f2f-4777-9db7-549c8dd404f1
7b199999-2de3-4990-86cd-60307462405a,application/pdf,http://www.gencourt.state.nh.us/bill_status/legacy/bs2016/billText.aspx?sy=2021&id=2021-2219s&txtFormat=amend,1a7e85ce-cc77-45e8-bea5-b5f56f8cb985
6c6ad230-3100-493d-8cd1-de91a6490a96,application/pdf,http://www.gencourt.state.nh.us/bill_status/legacy/bs2016/billText.aspx?sy=2021&id=2021-0498h&txtFormat=amend,03e62641-26fc-4831-976f-ea991431b33d
222c5267-680d-415a-9437-538509b3679f,application/pdf,http://www.gencourt.state.nh.us/bill_status/legacy/bs2016/billText.aspx?sy=2021&id=2021-1285e&txtFormat=amend,c605e5b1-d61a-4916-a3c1-6a181edcf901
ab14be5f-90b3-4eff-8f62-40cfc7ff511c,application/pdf,http://www.gencourt.state.nh.us/bill_status/legacy/bs2016/billText.aspx?sy=2021&id=2021-1061s&txtFormat=amend,33128334-b118-4b18-a69c-a616b5018770
8c6dace5-9845-476f-88ec-52ba80bd2c65,application/pdf,http://www.gencourt.state.nh.us/bill_status/legacy/bs2016/billText.aspx?sy=2021&id=2021-1168e&txtFormat=amend,a7a09388-7fbb-417a-a9df-ab85b640be00
a536ed68-9b53-4de7-9699-078c0c4fecd8,application/pdf,http://www.gencourt.state.nh.us/bill_status/legacy/bs2016/billText.aspx?sy=2021&id=2021-0189h&txtFormat=amend,827a9d8e-9243-4819-8e50-172110d0cbb0
af133e5e-80a0-4515-8454-77a8c7e83261,application/pdf,http://www.gencourt.state.nh.us/bill_status/legacy/bs2016/billText.aspx?sy=2021&id=2021-0765s&txtFormat=amend,e8a70c64-bd7c-45dd-99fd-1592b59c2fa6
90946866-01f3-412f-a530-7bad85f0d8ad,application/pdf,http://www.gencourt.state.nh.us/bill_status/legacy/bs2016/billText.aspx?sy=2021&id=2021-2131h&txtFormat=amend,3177f570-c18d-44de-81f2-1600892d2407
b79842b7-b227-429c-8f4a-56c37a4097ea,application/pdf,http://www.gencourt.state.nh.us/bill_status/legacy/bs2016/billText.aspx?sy=2021&id=2021-2216h&txtFormat=amend,33cd80bc-9033-4f07-b7bc-fcb2f6bc9484
00d3b95c-330a-4a69-aa93-dddfd48389e8,application/pdf,http://www.gencourt.state.nh.us/bill_status/legacy/bs2016/billText.aspx?sy=2021&id=2021-2235h&txtFormat=amend,fc837fed-a75f-47f9-9f7a-48005d9e47fb
04102a38-6c3e-485a-b34b-c78196dd1746,application/pdf,http://www.gencourt.state.nh.us/bill_status/legacy/bs2016/billText.aspx?sy=2021&id=2021-0883s&txtFormat=amend,61338595-e96c-4c34-a78c-d3a1e6f095b0
64ecbb5b-b954-4446-abd8-d5ca31005122,application/pdf,http://www.gencourt.state.nh.us/bill_status/legacy/bs2016/billText.aspx?sy=2021&id=2021-1047h&txtFormat=amend,5444790e-9a28-45eb-ac50-f6536050bf5a
243db5e9-e4a0-426b-99df-0c18c2b8e2aa,application/pdf,http://www.gencourt.state.nh.us/bill_status/legacy/bs2016/billText.aspx?sy=2021&id=2021-2175h&txtFormat=amend,bf9f3182-402b-4bf0-8166-68a90f719ca0
fdcc2d4c-4970-4786-b44f-e17bb0af2bde,application/pdf,http://www.gencourt.state.nh.us/bill_status/legacy/bs2016/billText.aspx?sy=2021&id=2021-2097h&txtFormat=amend,0eefc1f5-a428-43e8-b9cd-da0024344f8b
97c52b1a-898b-46bb-9a76-73d6f28f850e,application/pdf,http://www.gencourt.state.nh.us/bill_status/legacy/bs2016/billText.aspx?sy=2021&id=2021-2055e&txtFormat=amend,86dc2497-2df1-48fe-87f7-9591bfd96143
c62fba6d-1100-42f5-b203-b10f2a1872f8,application/pdf,http://www.gencourt.state.nh.us/bill_status/legacy/bs2016/billText.aspx?sy=2021&id=2021-1125e&txtFormat=amend,39b5d540-a9cf-4454-87c6-75e093ff2e1d
833dae69-cbcb-446c-a324-dec5ee352922,application/pdf,http://www.gencourt.state.nh.us/bill_status/legacy/bs2016/billText.aspx?sy=2021&id=2021-0385h&txtFormat=amend,9118b283-cf2f-49fd-9a91-20514c68c528
5766a897-3242-4cce-8fe9-5f35f5ebdaf0,application/pdf,http://www.gencourt.state.nh.us/bill_status/legacy/bs2016/billText.aspx?sy=2021&id=2021-2250h&txtFormat=amend,9153b3cc-ec3f-4b1f-978f-d80d566c53e5
266da269-92ff-42b4-9bda-d292a3c14c32,application/pdf,http://www.gencourt.state.nh.us/bill_status/legacy/bs2016/billText.aspx?sy=2021&id=2021-2058e&txtFormat=amend,1dd71416-811d-4526-9127-ad54748920fa
e69c3dc9-f4b2-4cbf-8f7b-4c6dac0fe206,application/pdf,http://www.gencourt.state.nh.us/bill_status/legacy/bs2016/billText.aspx?sy=2021&id=2021-0291h&txtFormat=amend,04b37ad8-1e48-49f3-a06e-a719ff244304
f2353c18-9713-4529-b647-1f707d612844,application/pdf,http://www.gencourt.state.nh.us/bill_status/legacy/bs2016/billText.aspx?sy=2021&id=2021-0148h&txtFormat=amend,164488c9-d0fe-453f-94f3-537741a073c9
995abe70-383f-443d-aa35-7994f7033113,application/pdf,http://www.gencourt.state.nh.us/bill_status/legacy/bs2016/billText.aspx?sy=2021&id=2021-0715s&txtFormat=amend,472c738f-6d07-4dc4-bab8-272c2a018b46
165e0372-fb3d-4505-a7a7-639a50ae7ac3,application/pdf,http://www.gencourt.state.nh.us/bill_status/legacy/bs2016/billText.aspx?sy=2021&id=2021-1180s&txtFormat=amend,a42eaf5d-99b0-4be8-b023-506c17e3323a
b6ddd63b-d80e-4614-894d-62f67cf845c2,application/pdf,http://www.gencourt.state.nh.us/bill_status/legacy/bs2016/billText.aspx?sy=2021&id=2021-0516h&txtFormat=amend,32c8d71a-edbe-4811-af9c-e46204eabec3
1c506c78-e16a-45bb-9507-a0c95740ba86,application/pdf,http://www.gencourt.state.nh.us/bill_status/legacy/bs2016/billText.aspx?sy=2021&id=2021-0437h&txtFormat=amend,d3e3c3cc-d04b-43e9-b319-44bb907adede
de8d8302-2be4-4227-a885-6ad4de14e238,application/pdf,http://www.gencourt.state.nh.us/bill_status/legacy/bs2016/billText.aspx?sy=2021&id=2021-2081e&txtFormat=amend,f207506c-861a-4ec5-84b2-7be976c34b46
59584078-cf06-45ec-ac44-6d3c16d54ecc,application/pdf,http://www.gencourt.state.nh.us/bill_status/legacy/bs2016/billText.aspx?sy=2021&id=2021-0256h&txtFormat=amend,c023f865-69e6-4bc0-b9a8-76cfa6994042
6eea9857-fba9-4171-9c9c-b5bd6f9709de,application/pdf,http://www.gencourt.state.nh.us/bill_status/legacy/bs2016/billText.aspx?sy=2021&id=2021-1155h&txtFormat=amend,e6aac4ea-6008-4981-af6c-5aacbd3bdde4
c9c2de2d-aaf6-4fb4-8208-3824c9f725ec,application/pdf,http://www.gencourt.state.nh.us/bill_status/legacy/bs2016/billText.aspx?sy=2021&id=2021-1105h&txtFormat=amend,6c34ed3f-8a6c-4334-88ee-bf8029a40141
9b13e254-2aad-4140-9215-ec682bc2b466,application/pdf,http://www.gencourt.state.nh.us/bill_status/legacy/bs2016/billText.aspx?sy=2021&id=2021-2242h&txtFormat=amend,2b5dd936-e24a-4bf9-85bc-0aafdb2b967b
5e0147aa-e63a-4d99-91f4-d6b5034c52cd,application/pdf,http://www.gencourt.state.nh.us/bill_status/legacy/bs2016/billText.aspx?sy=2021&id=2021-2240s&txtFormat=amend,66e9908d-2ffd-4ba4-9f81-f1dc1c7e7bbd
fab357fa-07f1-4406-9a79-cc2116f66525,application/pdf,http://www.gencourt.state.nh.us/bill_status/legacy/bs2016/billText.aspx?sy=2021&id=2021-2118h&txtFormat=amend,a550c8c5-d2c2-43ff-861d-9e52b31b88e2
a8c279b2-9b30-428b-bc54-f0709794755b,application/pdf,http://www.gencourt.state.nh.us/bill_status/legacy/bs2016/billText.aspx?sy=2021&id=2021-0307h&txtFormat=amend,ae282b2e-f76b-48d6-a998-e9ca9b17322e
da258be4-a22e-4885-9d7b-cde00754f25a,application/pdf,http://www.gencourt.state.nh.us/bill_status/legacy/bs2016/billText.aspx?sy=2021&id=2021-1296s&txtFormat=amend,3c8c18fb-8db3-4243-95bc-3e13e175c459
6e314895-6e2b-433b-ac3a-d9c4b638b987,application/pdf,http://www.gencourt.state.nh.us/bill_status/legacy/bs2016/billText.aspx?sy=2021&id=2021-0438s&txtFormat=amend,8e3aaaa7-2d73-416e-8902-74fb0b197bf2
2ca57625-3b5e-47fc-b202-1f4f4caf3b2d,application/pdf,http://www.gencourt.state.nh.us/bill_status/legacy/bs2016/billText.aspx?sy=2021&id=2021-0224h&txtFormat=amend,c8ae2600-fbf0-4df8-929b-be06127b0382
075d09bf-612a-47a1-b1b4-003f26f12c0f,application/pdf,http://www.gencourt.state.nh.us/bill_status/legacy/bs2016/billText.aspx?sy=2021&id=2021-0387h&txtFormat=amend,9392299b-320a-4abe-adff-97d780fb68fb
7291617c-c52b-4dd3-a101-c9fa146e7b19,application/pdf,http://www.gencourt.state.nh.us/bill_status/legacy/bs2016/billText.aspx?sy=2021&id=2021-0027h&txtFormat=amend,345c7e95-9bcc-4267-80a1-7d01adc529b2
191ac9ec-1468-467f-8edc-51a13b099a88,application/pdf,http://www.gencourt.state.nh.us/bill_status/legacy/bs2016/billText.aspx?sy=2021&id=2021-1562h&txtFormat=amend,4a8e9010-6f00-49ab-8cdf-2b21f47e7806
eeae8e96-ba24-48af-af7e-0ff9a24305f5,application/pdf,http://www.gencourt.state.nh.us/bill_status/legacy/bs2016/billText.aspx?sy=2021&id=2021-0136h&txtFormat=amend,c87c8764-c640-40b7-813e-20d580c4e81d
66e02c39-1d7d-423b-b2bf-d79ddd8e4332,application/pdf,http://www.gencourt.state.nh.us/bill_status/legacy/bs2016/billText.aspx?sy=2021&id=2021-1403h&txtFormat=amend,1431a52e-4a38-4d11-8af0-d2db9cf8cb15
aab8494f-bb96-4fe2-81db-67dfd38c6b75,application/pdf,http://www.gencourt.state.nh.us/bill_status/legacy/bs2016/billText.aspx?sy=2021&id=2021-1769s&txtFormat=amend,081e12e8-add1-47e8-ba86-1f2f9cf88542
7964c29a-1492-4c48-abc6-6510d938a016,application/pdf,http://www.gencourt.state.nh.us/bill_status/legacy/bs2016/billText.aspx?sy=2021&id=2021-2205h&txtFormat=amend,efa59116-129b-4dcf-b447-18f3949c19dc
5f4bcb1d-ce67-4ae1-95be-8870c33313f1,application/pdf,http://www.gencourt.state.nh.us/bill_status/legacy/bs2016/billText.aspx?sy=2021&id=2021-0165s&txtFormat=amend,bd74dbba-476a-4ba6-9193-71613516e1ba
0e92cf7c-c0fc-49b8-819c-838ce4017ac1,application/pdf,http://www.gencourt.state.nh.us/bill_status/legacy/bs2016/billText.aspx?sy=2021&id=2021-0631h&txtFormat=amend,9244a710-449c-45e0-a0d4-45c9b3cb4cf2
72fa0656-e2fa-4902-89bd-be2074b87cd2,application/pdf,http://www.gencourt.state.nh.us/bill_status/legacy/bs2016/billText.aspx?sy=2021&id=2021-0221h&txtFormat=amend,4b235b37-7d93-4467-b40c-5d9e0a94a777
93591645-bc3a-49c9-b821-931b94a48287,application/pdf,http://www.gencourt.state.nh.us/bill_status/legacy/bs2016/billText.aspx?sy=2021&id=2021-0422s&txtFormat=amend,b300e98f-b169-4700-afbd-0a4ba1563436
7aa983d3-e73a-4813-a8f0-44d4cb41c7fe,application/pdf,http://www.gencourt.state.nh.us/bill_status/legacy/bs2016/billText.aspx?sy=2021&id=2021-1772s&txtFormat=amend,d0c21f4f-14f6-4248-a866-8ad8ce233b90
fa482e30-0d7d-4020-80f6-f85d8be6a4e3,application/pdf,http://www.gencourt.state.nh.us/bill_status/legacy/bs2016/billText.aspx?sy=2021&id=2021-0612s&txtFormat=amend,55dfcdaf-d562-4ffe-ad2e-970fbfd2b9fe
f2a0b6d3-900a-4af8-95cb-d6b9e0b716f6,application/pdf,http://www.gencourt.state.nh.us/bill_status/legacy/bs2016/billText.aspx?sy=2021&id=2021-0155h&txtFormat=amend,087fecc7-7b7a-437b-9dfe-9c776eac4935
064d6e6b-c9a5-43ab-8d2d-06b4e63ba7a5,application/pdf,http://www.gencourt.state.nh.us/bill_status/legacy/bs2016/billText.aspx?sy=2021&id=2021-0864s&txtFormat=amend,f30c7506-de16-4119-9ee6-094fbe4e1693
7b306bc1-a371-4495-a343-2b2d11cff569,application/pdf,http://www.gencourt.state.nh.us/bill_status/legacy/bs2016/billText.aspx?sy=2021&id=2021-2100h&txtFormat=amend,6d5a9511-1322-49bf-8f98-78156ff8dacb
5ed7afdf-16c0-4352-9fdb-b38bb4e561bd,application/pdf,http://www.gencourt.state.nh.us/bill_status/legacy/bs2016/billText.aspx?sy=2021&id=2021-0494h&txtFormat=amend,551e6b47-9160-46d5-be85-981fbb9265b7
e0ee7109-5ee5-4bc3-898b-6cc2b78483e1,application/pdf,http://www.gencourt.state.nh.us/bill_status/legacy/bs2016/billText.aspx?sy=2021&id=2021-2234s&txtFormat=amend,01fdec03-857a-4c5d-a9d3-bc93340e091b
9ea58ede-ce49-4516-b034-540b986971e6,application/pdf,http://www.gencourt.state.nh.us/bill_status/legacy/bs2016/billText.aspx?sy=2021&id=2021-2180h&txtFormat=amend,52baca01-0c56-4c7e-a749-09244e26edfa
2f5be1a7-8981-48eb-89d5-1bcd38ad11ce,application/pdf,http://www.gencourt.state.nh.us/bill_status/legacy/bs2016/billText.aspx?sy=2021&id=2021-1203s&txtFormat=amend,9755cf22-bbd2-459d-9d7a-5406834f9c3d
87d0438e-7a0a-4d82-bac7-ee31e913c586,application/pdf,http://www.gencourt.state.nh.us/bill_status/legacy/bs2016/billText.aspx?sy=2021&id=2021-1595s&txtFormat=amend,a4488ab7-9064-43af-95b0-0b5f71c3d5da
9e987fbb-bbc0-4f69-9afe-3ab6e6216da9,application/pdf,http://www.gencourt.state.nh.us/bill_status/legacy/bs2016/billText.aspx?sy=2021&id=2021-0680h&txtFormat=amend,def3d45f-eaaa-4b4f-825c-198073367b63
7425d2b1-9241-4412-927b-2eca8633b07b,application/pdf,http://www.gencourt.state.nh.us/bill_status/legacy/bs2016/billText.aspx?sy=2021&id=2021-2273h&txtFormat=amend,74065fa7-ef7e-45e0-a733-27f45b18ed4d
f6568ab4-fd1c-4147-96be-666b6dd23230,application/pdf,http://www.gencourt.state.nh.us/bill_status/legacy/bs2016/billText.aspx?sy=2021&id=2021-1610h&txtFormat=amend,4759f192-c9dc-4422-bfd2-b45c2d6e4da8
0fbca5d2-0249-4909-a6e5-7ed4c6849da6,application/pdf,http://www.gencourt.state.nh.us/bill_status/legacy/bs2016/billText.aspx?sy=2021&id=2021-2050e&txtFormat=amend,043c9ad9-1ec0-4777-8b2c-3031b7f6878b
3bfc09d1-3db5-4c94-b1ac-76e3106fdcfb,application/pdf,http://www.gencourt.state.nh.us/bill_status/legacy/bs2016/billText.aspx?sy=2021&id=2021-0408h&txtFormat=amend,f01c9d77-eddd-4f8b-9d95-60db1a9f8641
161a2bf9-69d7-4e02-ba2b-f308a3cae7b8,application/pdf,http://www.gencourt.state.nh.us/bill_status/legacy/bs2016/billText.aspx?sy=2021&id=2021-1282s&txtFormat=amend,8694a3f6-2a7d-4b63-b656-5f2c3077def6
245a3d0c-fcc9-4878-8cdd-9e3679505d63,application/pdf,http://www.gencourt.state.nh.us/bill_status/legacy/bs2016/billText.aspx?sy=2021&id=2021-0865s&txtFormat=amend,4e6b37c9-a803-4ab8-9cc8-513139c2fcf2
f1557be7-9a7c-40a8-a882-3840b504de96,application/pdf,http://www.gencourt.state.nh.us/bill_status/legacy/bs2016/billText.aspx?sy=2021&id=2021-0211h&txtFormat=amend,86effc9b-8401-4d22-bb2e-e3ef45231645
f92d3d44-95c8-459c-86c2-1677f3cbbac6,application/pdf,http://www.gencourt.state.nh.us/bill_status/legacy/bs2016/billText.aspx?sy=2021&id=2021-1290s&txtFormat=amend,41bc6d2b-f429-4482-a4aa-fb4bb58a94d6
f58e821f-f4fa-44a1-bc39-f898efb9540a,application/pdf,http://www.gencourt.state.nh.us/bill_status/legacy/bs2016/billText.aspx?sy=2021&id=2021-0733s&txtFormat=amend,cb01caad-5bcb-4e16-8126-6757bf64d466
860964c8-b29a-40b6-9428-067e33cfbc91,application/pdf,http://www.gencourt.state.nh.us/bill_status/legacy/bs2016/billText.aspx?sy=2021&id=2021-0188h&txtFormat=amend,87437a1c-a7e4-4ac7-8881-b20046b5addf
b8bb4080-3033-40d2-b037-0c98cd1d4e2a,application/pdf,http://www.gencourt.state.nh.us/bill_status/legacy/bs2016/billText.aspx?sy=2021&id=2021-2277&txtFormat=amend,2e9b305c-2aef-4737-983a-92d416ff79ac
04e1a97b-ca56-4663-92f0-d98fce65dc18,application/pdf,http://www.gencourt.state.nh.us/bill_status/legacy/bs2016/billText.aspx?sy=2021&id=2021-0606s&txtFormat=amend,9ed0b190-77c3-4869-abd0-a019f7d5ce9e
8b5ecc4e-3b6c-43bd-9ec8-aefb2829fdad,application/pdf,http://www.gencourt.state.nh.us/bill_status/legacy/bs2016/billText.aspx?sy=2021&id=2021-2061e&txtFormat=amend,ab7232b2-cc1d-4eb2-8c22-f6fc99ea0b39
c3f2d8c5-2a14-4d32-9aa7-a0905d6a1bc9,application/pdf,http://www.gencourt.state.nh.us/bill_status/legacy/bs2016/billText.aspx?sy=2021&id=2021-1363h&txtFormat=amend,dc529271-ee84-4890-af2d-f2185aa1b733
274a1066-3175-4da4-87a3-1d1ede2f4ab4,application/pdf,http://www.gencourt.state.nh.us/bill_status/legacy/bs2016/billText.aspx?sy=2021&id=2021-2073e&txtFormat=amend,54d370e8-7015-4e07-b452-d70e851b7cc0
7a459300-1dd7-45dd-bfb9-d905e91a6a67,application/pdf,http://www.gencourt.state.nh.us/bill_status/legacy/bs2016/billText.aspx?sy=2021&id=2021-1711s&txtFormat=amend,ad2f83f7-d92b-4852-915f-8bf20aa910a6
922ab0f5-b1ae-4b8d-a56e-78cc54a98789,application/pdf,http://www.gencourt.state.nh.us/bill_status/legacy/bs2016/billText.aspx?sy=2021&id=2021-1526s&txtFormat=amend,f3518452-cb09-4763-a678-1869a8bd520b
d5bce288-d1cd-43b5-a055-a7aea0ea97b0,application/pdf,http://www.gencourt.state.nh.us/bill_status/legacy/bs2016/billText.aspx?sy=2021&id=2021-0605s&txtFormat=amend,60ba055d-9561-44bf-b6c1-f65a561ed015
d4366ba0-846e-4ff5-a99c-75f67e7f6172,application/pdf,http://www.gencourt.state.nh.us/bill_status/legacy/bs2016/billText.aspx?sy=2021&id=2021-2238h&txtFormat=amend,46879cf1-a1a6-4732-bee3-5f57633a3173
49ba49a5-ae41-4fd4-a7c9-32668decfcbe,application/pdf,http://www.gencourt.state.nh.us/bill_status/legacy/bs2016/billText.aspx?sy=2021&id=2021-0005s&txtFormat=amend,e1088d9c-a362-454d-a17e-3e5097e9ed2c
c1d2222d-f386-4631-a54a-37cf72981b73,application/pdf,http://www.gencourt.state.nh.us/bill_status/legacy/bs2016/billText.aspx?sy=2021&id=2021-2117h&txtFormat=amend,37ed0a27-0fe1-4af0-9159-0cfd0358ff1f
6fcad9d3-6078-46e4-87a5-1e6b3391e6a8,application/pdf,http://www.gencourt.state.nh.us/bill_status/legacy/bs2016/billText.aspx?sy=2021&id=2021-0726h&txtFormat=amend,331e6f2e-6666-4671-bdc6-359fcf86b2cb
24a5060a-dd8f-4805-ae28-34f7c66b4d2d,application/pdf,http://www.gencourt.state.nh.us/bill_status/legacy/bs2016/billText.aspx?sy=2021&id=2021-2177h&txtFormat=amend,87984440-80fa-45f1-bef7-e64500d33433
