id,note,url,vote_event_id
6c35c650-c9de-48bc-a3d0-f6717ba9db34,,http://www.gencourt.state.nh.us/dynamicdatadump/RollCallSummary.txt?x=2022121204041670817705,ocd-vote/12dfe6f7-6e7f-48c2-9833-441c59918523
3903c323-3b67-46d5-b080-61d7345f10ca,,http://www.gencourt.state.nh.us/dynamicdatadump/RollCallSummary.txt?x=2022121204041670817705,ocd-vote/ca7b99c1-7d02-40e5-85ef-3e99362a0dff
f4edaed6-a560-4484-a379-b29db6193dde,,http://www.gencourt.state.nh.us/dynamicdatadump/RollCallSummary.txt?x=2022121204041670817705,ocd-vote/fdbfff3a-545b-44ae-8bed-06b8ad6d22b2
3dac8bbc-ffba-4f4e-9b9d-fe5d710b8545,,http://www.gencourt.state.nh.us/dynamicdatadump/RollCallSummary.txt?x=2022121204041670817705,ocd-vote/86c5725a-b76b-4412-baa5-67ae293effdb
597a8d1c-75e9-421b-83d4-cf5bd1fb55cf,,http://www.gencourt.state.nh.us/dynamicdatadump/RollCallSummary.txt?x=2022121204041670817705,ocd-vote/c7d5f4b0-5e76-4224-80b9-4a9bb55a268f
87dda9b9-a3a4-426b-b7cf-45e52ffca990,,http://www.gencourt.state.nh.us/dynamicdatadump/RollCallSummary.txt?x=2022121204041670817705,ocd-vote/7094104b-6f69-4dc0-b98f-607df3b71940
52aad433-4b3c-42d3-b01f-55a0cdb23605,,http://www.gencourt.state.nh.us/dynamicdatadump/RollCallSummary.txt?x=2022121204041670817705,ocd-vote/b211e64e-9ae4-4f13-971a-e0b28a83ac0e
ebd9ce08-29fa-405b-bdb8-e2a3414bbada,,http://www.gencourt.state.nh.us/dynamicdatadump/RollCallSummary.txt?x=2022121204041670817705,ocd-vote/eabde067-9276-4107-88ef-1bb52f8f83f5
d8d8f6c0-dcee-45c8-9e25-012fabc9bb07,,http://www.gencourt.state.nh.us/dynamicdatadump/RollCallSummary.txt?x=2022121204041670817705,ocd-vote/ce1e80a2-ef68-427e-b9a4-59d25ff157f6
ad3d2567-9be8-4bc2-9228-cc42382100ab,,http://www.gencourt.state.nh.us/dynamicdatadump/RollCallSummary.txt?x=2022121204041670817705,ocd-vote/de15d853-631b-44e7-a61c-7f895997a432
3c5a5d67-febb-44a8-abda-ec2c92125bc2,,http://www.gencourt.state.nh.us/dynamicdatadump/RollCallSummary.txt?x=2022121204041670817705,ocd-vote/8e8bdb63-f77b-4560-9714-dc0de20dd680
f9269505-ba85-4eef-a3a4-51d0d3e62a4b,,http://www.gencourt.state.nh.us/dynamicdatadump/RollCallSummary.txt?x=2022121204041670817705,ocd-vote/fd96333c-1c51-44d1-8ae0-4236aaadafb1
a452c922-41fe-48ca-8bc2-faa57c63f0ae,,http://www.gencourt.state.nh.us/dynamicdatadump/RollCallSummary.txt?x=2022121204041670817705,ocd-vote/92798316-7ee3-4289-85ea-0fbe43988180
7b0d2cbc-51a7-4182-a9f3-c2bcfdd778c0,,http://www.gencourt.state.nh.us/dynamicdatadump/RollCallSummary.txt?x=2022121204041670817705,ocd-vote/e9d88e2f-4e7e-4d02-94b6-b638e3e0f939
c78e7c6b-a00c-4fb7-ac6e-456022761788,,http://www.gencourt.state.nh.us/dynamicdatadump/RollCallSummary.txt?x=2022121204041670817705,ocd-vote/37ecf02a-ae41-4e1e-b99c-fc048aa2fba5
8fc994f5-daf6-450f-b6a8-571ebabc15a3,,http://www.gencourt.state.nh.us/dynamicdatadump/RollCallSummary.txt?x=2022121204041670817705,ocd-vote/ad87bdc6-b077-44d4-9524-81eae4f273a5
e7155e36-3843-424f-bc83-8a411fda3c39,,http://www.gencourt.state.nh.us/dynamicdatadump/RollCallSummary.txt?x=2022121204041670817705,ocd-vote/4ab70305-10fe-4ac4-9709-ae0c1b05d28c
1a1db8e9-6244-4657-96d8-4ce6d0a4a8ab,,http://www.gencourt.state.nh.us/dynamicdatadump/RollCallSummary.txt?x=2022121204041670817705,ocd-vote/ba55c6ab-c758-4504-80d8-5930a018ffa5
6bfb1622-0f6b-46e1-bcfe-9f7d7f65cdf6,,http://www.gencourt.state.nh.us/dynamicdatadump/RollCallSummary.txt?x=2022121204041670817705,ocd-vote/5cc2ac21-d7fa-47d5-84a6-4e69a0808310
df108cf3-0092-4e73-82e3-e5527e7b6785,,http://www.gencourt.state.nh.us/dynamicdatadump/RollCallSummary.txt?x=2022121204041670817705,ocd-vote/8ed2c12d-27bd-4c38-b91c-6471d6d4a666
772eab3f-d2e0-40c1-89a9-2a3e60cf80b8,,http://www.gencourt.state.nh.us/dynamicdatadump/RollCallSummary.txt?x=2022121204041670817705,ocd-vote/53462e02-32f7-40b0-a3b9-93fda97ca796
30bd400e-fd44-4d72-b2eb-63c5c168e992,,http://www.gencourt.state.nh.us/dynamicdatadump/RollCallSummary.txt?x=2022121204041670817705,ocd-vote/99d2e443-4e5b-402f-958b-ccc04b23dda7
78d1234a-7323-4ae0-ac5d-ea3f4be06266,,http://www.gencourt.state.nh.us/dynamicdatadump/RollCallSummary.txt?x=2022121204041670817705,ocd-vote/db4ecd02-2455-4ca8-bfbb-2ea0377aa1b4
18d1d4a1-deaf-4052-a234-f7036dfdc278,,http://www.gencourt.state.nh.us/dynamicdatadump/RollCallSummary.txt?x=2022121204041670817705,ocd-vote/b616325c-ea72-41a9-a1a3-50e969cee99d
0b3a156b-5c97-4c34-9d0b-5fdefe78c1ec,,http://www.gencourt.state.nh.us/dynamicdatadump/RollCallSummary.txt?x=2022121204041670817705,ocd-vote/e2c46512-8226-4463-ad24-2ac1a069f8ca
d5b94419-7b05-4861-97cd-1e5ff0740aa3,,http://www.gencourt.state.nh.us/dynamicdatadump/RollCallSummary.txt?x=2022121204041670817705,ocd-vote/d9319bd6-564a-4d76-a431-eadfc29a4048
1720c266-283b-415e-a608-309d5b3792b8,,http://www.gencourt.state.nh.us/dynamicdatadump/RollCallSummary.txt?x=2022121204041670817705,ocd-vote/b5893b3f-8e0e-4933-b966-2b1cbd301db3
2b1d03fe-1efe-4247-8bda-21ba2f54f22f,,http://www.gencourt.state.nh.us/dynamicdatadump/RollCallSummary.txt?x=2022121204041670817705,ocd-vote/a897534c-c84d-438e-830c-8003c3b4bcbf
4fc0c06e-2aff-4fb0-9b41-d2ded46a75b8,,http://www.gencourt.state.nh.us/dynamicdatadump/RollCallSummary.txt?x=2022121204041670817705,ocd-vote/52161d49-35bb-4078-ad63-c2dfc5ffb6b6
0da77265-bff8-44a6-b12e-d707a9c1b42a,,http://www.gencourt.state.nh.us/dynamicdatadump/RollCallSummary.txt?x=2022121204041670817705,ocd-vote/ffb8cc37-7282-487b-a9cb-e2f33cab5d06
dc29ded8-812b-4e1d-bfd4-1fe0e581cdea,,http://www.gencourt.state.nh.us/dynamicdatadump/RollCallSummary.txt?x=2022121204041670817705,ocd-vote/4b0f9960-242a-451f-a4a1-277fc9e0c8cf
a3c9fae9-ba29-4fc9-8bd4-77dd322f852e,,http://www.gencourt.state.nh.us/dynamicdatadump/RollCallSummary.txt?x=2022121204041670817705,ocd-vote/89d6fb6a-148a-49c2-b570-e92998e7409b
b4c19298-8cf2-4d54-ade3-3be8f82ac432,,http://www.gencourt.state.nh.us/dynamicdatadump/RollCallSummary.txt?x=2022121204041670817705,ocd-vote/5764e5f7-3367-48d9-b2da-361d38a99154
fc037ebd-6ffb-4b11-b659-7c41783624d5,,http://www.gencourt.state.nh.us/dynamicdatadump/RollCallSummary.txt?x=2022121204041670817705,ocd-vote/d58b11d8-4c3d-41e5-9698-5a2c77d40a81
48f4e699-8543-4d8a-8abd-d6fffcfaa02c,,http://www.gencourt.state.nh.us/dynamicdatadump/RollCallSummary.txt?x=2022121204041670817705,ocd-vote/05920b65-e760-44ae-a8ac-eb95687188b1
62aa6f5e-645a-4a80-8745-9457e3546c6c,,http://www.gencourt.state.nh.us/dynamicdatadump/RollCallSummary.txt?x=2022121204041670817705,ocd-vote/3868a3fb-bc74-442c-ae51-03b779bc1419
7643f0bd-7dc4-4b30-899b-1c0d67728955,,http://www.gencourt.state.nh.us/dynamicdatadump/RollCallSummary.txt?x=2022121204041670817705,ocd-vote/0ef35a0a-48d2-4cd2-8c0c-34c465eb6def
f27150b5-2ab9-41a5-a498-3d19287bdfd3,,http://www.gencourt.state.nh.us/dynamicdatadump/RollCallSummary.txt?x=2022121204041670817705,ocd-vote/4757ce0e-2638-46e6-8639-42e2892f3a84
bc8f42eb-d32c-4122-9ce8-626db5c6c30d,,http://www.gencourt.state.nh.us/dynamicdatadump/RollCallSummary.txt?x=2022121204041670817705,ocd-vote/7436d151-d6af-48eb-903f-1ac7ce94c23f
c8328787-374b-489c-9bd5-cc96f062523d,,http://www.gencourt.state.nh.us/dynamicdatadump/RollCallSummary.txt?x=2022121204041670817705,ocd-vote/2d646fdc-8c56-41c7-8633-978bd9af60c5
c482f372-7224-4d60-b867-3be7711b23dc,,http://www.gencourt.state.nh.us/dynamicdatadump/RollCallSummary.txt?x=2022121204041670817705,ocd-vote/3e7fe1ec-95ec-4ec3-8e33-463b27e15540
d5a4942b-5e74-442f-82c6-ff420649e61f,,http://www.gencourt.state.nh.us/dynamicdatadump/RollCallSummary.txt?x=2022121204041670817705,ocd-vote/8c9eafe8-9e7f-497e-bbb3-fb470aa6e8f9
15a3a844-2481-4813-a9d2-5aebad8418aa,,http://www.gencourt.state.nh.us/dynamicdatadump/RollCallSummary.txt?x=2022121204041670817705,ocd-vote/97545097-ae7e-4c79-b2f0-433661144f94
ffb2f674-5e3b-409b-af3d-b29bd27fb403,,http://www.gencourt.state.nh.us/dynamicdatadump/RollCallSummary.txt?x=2022121204041670817705,ocd-vote/24edbdf6-e22d-42ed-8dfc-da4e77585cee
82e97d9a-766b-42ba-9947-768e0fac0619,,http://www.gencourt.state.nh.us/dynamicdatadump/RollCallSummary.txt?x=2022121204041670817705,ocd-vote/abc9215b-464f-4dbf-975f-78d4f6343bb6
a4cfe3b7-74d1-47d5-9fef-ae4a787b0a0f,,http://www.gencourt.state.nh.us/dynamicdatadump/RollCallSummary.txt?x=2022121204041670817705,ocd-vote/91db5b84-768e-45a7-8023-dcc625cca6e4
647981f6-a42b-40ab-a078-659c4111977f,,http://www.gencourt.state.nh.us/dynamicdatadump/RollCallSummary.txt?x=2022121204041670817705,ocd-vote/460e832f-92ce-4e95-b2e5-079b0df94ea7
5ac3645a-af96-4d3c-bba6-13f169572fd0,,http://www.gencourt.state.nh.us/dynamicdatadump/RollCallSummary.txt?x=2022121204041670817705,ocd-vote/1e1b89f5-a536-405a-856b-52f92dde18bd
3f40f36b-e568-4623-97be-c3dd09dd5249,,http://www.gencourt.state.nh.us/dynamicdatadump/RollCallSummary.txt?x=2022121204041670817705,ocd-vote/4f9a9b4b-e45b-4d83-bea0-e5efe2252b0f
52a5f92c-d31b-4f50-ab54-ec0230d63c2a,,http://www.gencourt.state.nh.us/dynamicdatadump/RollCallSummary.txt?x=2022121204041670817705,ocd-vote/4e1380bf-db4c-43cd-a6fb-f0c5a71f0c8a
ac31a09a-24d0-4807-80ed-5a67529582e1,,http://www.gencourt.state.nh.us/dynamicdatadump/RollCallSummary.txt?x=2022121204041670817705,ocd-vote/cf0a4025-81ca-48a2-9c2e-e651517ec984
dfdc2e10-d4e3-40fb-83af-92833e86710f,,http://www.gencourt.state.nh.us/dynamicdatadump/RollCallSummary.txt?x=2022121204041670817705,ocd-vote/96462531-1f04-49b2-92dd-a324e7abd61b
284345a6-a418-44b2-a4c5-94b9a217d9ae,,http://www.gencourt.state.nh.us/dynamicdatadump/RollCallSummary.txt?x=2022121204041670817705,ocd-vote/960efd6c-f907-4881-b5b4-0829dd781d72
fbda5ed3-f982-4b68-a879-624006e2dc33,,http://www.gencourt.state.nh.us/dynamicdatadump/RollCallSummary.txt?x=2022121204041670817705,ocd-vote/71d899d8-ae53-4907-988a-c43271142c73
774d0272-70b9-4ff9-a5e2-55455d02b7ad,,http://www.gencourt.state.nh.us/dynamicdatadump/RollCallSummary.txt?x=2022121204041670817705,ocd-vote/d11e03e9-9093-4e3c-92a4-f003a5639242
cebee721-b323-44a4-bfa7-2b0f8b63226f,,http://www.gencourt.state.nh.us/dynamicdatadump/RollCallSummary.txt?x=2022121204041670817705,ocd-vote/077fd359-9a0e-47c2-a97d-988652f45cf3
a0de1036-d71b-446a-b132-0ca3b01813a3,,http://www.gencourt.state.nh.us/dynamicdatadump/RollCallSummary.txt?x=2022121204041670817705,ocd-vote/e14ee7ae-c4e5-4321-900b-6bcc778d3b12
4fc9793e-63ba-4d1e-818d-830afaf4128f,,http://www.gencourt.state.nh.us/dynamicdatadump/RollCallSummary.txt?x=2022121204041670817705,ocd-vote/0359acd5-cb56-4eb4-9dc7-c0eb1022e3fb
61f6ca91-e62f-45b4-a254-df202b6f5a83,,http://www.gencourt.state.nh.us/dynamicdatadump/RollCallSummary.txt?x=2022121204041670817705,ocd-vote/256360f4-ed38-4ba2-8591-8d9a1bdda766
7b562814-caaf-4cde-8ac5-7779fb87b0f8,,http://www.gencourt.state.nh.us/dynamicdatadump/RollCallSummary.txt?x=2022121204041670817705,ocd-vote/f63b4d98-8b5e-4cee-b3d0-9c00a644b08e
8bb7f529-b43f-497f-8e86-eced5672cfe3,,http://www.gencourt.state.nh.us/dynamicdatadump/RollCallSummary.txt?x=2022121204041670817705,ocd-vote/2d3d4e80-585a-490f-91bb-175d1edc2bdf
2b8ccfff-d803-4d87-8a35-982995d06dc4,,http://www.gencourt.state.nh.us/dynamicdatadump/RollCallSummary.txt?x=2022121204041670817705,ocd-vote/f56242d8-c28f-414c-a8ee-03d03d397fa6
09a8a512-22c5-41ee-a25d-4ba8695eaf08,,http://www.gencourt.state.nh.us/dynamicdatadump/RollCallSummary.txt?x=2022121204041670817705,ocd-vote/9bd8ac16-fcf7-4a66-8f25-7a4a3b9064d3
28bec61f-79f4-4095-b2ee-a5afa65d1bde,,http://www.gencourt.state.nh.us/dynamicdatadump/RollCallSummary.txt?x=2022121204041670817705,ocd-vote/44cf55dd-3a40-47e5-82f1-da770f802368
0adddd0f-0ce5-4ff7-a396-739424b594ca,,http://www.gencourt.state.nh.us/dynamicdatadump/RollCallSummary.txt?x=2022121204041670817705,ocd-vote/0d3c7504-b50f-4331-b49a-ba10c4701655
6963b162-422a-4277-bd4e-d85383282b64,,http://www.gencourt.state.nh.us/dynamicdatadump/RollCallSummary.txt?x=2022121204041670817705,ocd-vote/dd7c3013-f9fd-4ec5-8248-5386b88f123b
6b7cace4-c14f-4962-9818-4a07e2ea3629,,http://www.gencourt.state.nh.us/dynamicdatadump/RollCallSummary.txt?x=2022121204041670817705,ocd-vote/0dd4a6b1-0f3c-4baa-82ab-1cd9f77489f7
6b381f40-7079-412e-a8d9-df2ad73c5391,,http://www.gencourt.state.nh.us/dynamicdatadump/RollCallSummary.txt?x=2022121204041670817705,ocd-vote/496f358a-73f3-4163-b7a4-d97c8b01fca8
e3f17032-7fb6-419f-bb31-736292e16492,,http://www.gencourt.state.nh.us/dynamicdatadump/RollCallSummary.txt?x=2022121204041670817705,ocd-vote/6c45f62f-a055-4ee2-965a-b392b6a16cca
5f62894c-598c-4c96-b378-30c681d1a0ba,,http://www.gencourt.state.nh.us/dynamicdatadump/RollCallSummary.txt?x=2022121204041670817705,ocd-vote/93496645-2270-4f0d-9f8c-a4d04215b2af
3136f33f-a31e-4983-be85-d0c2f1c97c55,,http://www.gencourt.state.nh.us/dynamicdatadump/RollCallSummary.txt?x=2022121204041670817705,ocd-vote/813b033c-79a5-47fd-9b51-1f862337f59e
981630f4-cda8-4470-b6af-8ff5f1b342c3,,http://www.gencourt.state.nh.us/dynamicdatadump/RollCallSummary.txt?x=2022121204041670817705,ocd-vote/730a7af3-528a-4880-83d4-d0b8598d4bfb
06d73366-d71d-4dd0-9d85-356966cbb3a1,,http://www.gencourt.state.nh.us/dynamicdatadump/RollCallSummary.txt?x=2022121204041670817705,ocd-vote/0fba5534-3f74-4ebe-b375-5364b05fce6b
227bc424-5c87-468c-8646-ebee76546af3,,http://www.gencourt.state.nh.us/dynamicdatadump/RollCallSummary.txt?x=2022121204041670817705,ocd-vote/3125cedc-8dee-4560-a116-ba53d136c28d
171ddf8c-cfd4-4d4e-a1ed-92088e731bbe,,http://www.gencourt.state.nh.us/dynamicdatadump/RollCallSummary.txt?x=2022121204041670817705,ocd-vote/7580934b-1390-42de-ba63-a4d660d4337e
c46ebdde-9943-445f-84c9-a2eb5b74d2cd,,http://www.gencourt.state.nh.us/dynamicdatadump/RollCallSummary.txt?x=2022121204041670817705,ocd-vote/107e0caa-17d3-4e60-86d7-3948508c398e
c9e9f103-ac1b-45be-8743-7e39cb5669e5,,http://www.gencourt.state.nh.us/dynamicdatadump/RollCallSummary.txt?x=2022121204041670817705,ocd-vote/d325ccbd-99db-4109-b022-b4ff6cc765f6
34e937df-ad88-494a-a928-a07015fd7018,,http://www.gencourt.state.nh.us/dynamicdatadump/RollCallSummary.txt?x=2022121204041670817705,ocd-vote/51a6836b-c896-4a15-8ece-fd89dfd2ae41
ff12e0ea-0fa0-4275-8b64-8ef86a824d04,,http://www.gencourt.state.nh.us/dynamicdatadump/RollCallSummary.txt?x=2022121204041670817705,ocd-vote/7880e620-b6b9-4270-931f-918b5b0d64f4
5371d788-7edc-4ea0-8598-c4786b42cbd3,,http://www.gencourt.state.nh.us/dynamicdatadump/RollCallSummary.txt?x=2022121204041670817705,ocd-vote/b5a1dd95-d59a-46d5-8213-38df1d16bbf7
0b021910-4038-48ef-9c13-7f26bf6a48ed,,http://www.gencourt.state.nh.us/dynamicdatadump/RollCallSummary.txt?x=2022121204041670817705,ocd-vote/b67f98ac-2990-47ab-8a1e-6fa3323a0b92
b6b7f673-68cd-4fd7-95b0-6ff0f3d0873f,,http://www.gencourt.state.nh.us/dynamicdatadump/RollCallSummary.txt?x=2022121204041670817705,ocd-vote/ab916bcd-2b06-43d8-adec-7f131eba0090
2201af65-818e-4ebb-9496-5eb9791379bf,,http://www.gencourt.state.nh.us/dynamicdatadump/RollCallSummary.txt?x=2022121204041670817705,ocd-vote/0a6dc754-7903-45be-b4b2-76005e5b24a8
40479131-09b0-43d9-874b-b129151166c0,,http://www.gencourt.state.nh.us/dynamicdatadump/RollCallSummary.txt?x=2022121204041670817705,ocd-vote/09c3bf66-72f8-4933-a81c-79e6c44833f2
ea2bc8be-a64e-4d1e-9054-e4beaee654ea,,http://www.gencourt.state.nh.us/dynamicdatadump/RollCallSummary.txt?x=2022121204041670817705,ocd-vote/f640f8b4-c042-4093-b0bf-3fe1c4cc0fbf
7371ca87-8873-4101-892f-985625239f6d,,http://www.gencourt.state.nh.us/dynamicdatadump/RollCallSummary.txt?x=2022121204041670817705,ocd-vote/e4648245-fd0a-4f3a-a6c8-3e801777d358
c18bcc88-2607-48a1-89fb-08da9b73325b,,http://www.gencourt.state.nh.us/dynamicdatadump/RollCallSummary.txt?x=2022121204041670817705,ocd-vote/c9187c2a-9245-4e53-891d-1b9e597afe5c
61ee2b92-5921-45c2-aec3-d1bec204e0da,,http://www.gencourt.state.nh.us/dynamicdatadump/RollCallSummary.txt?x=2022121204041670817705,ocd-vote/10f875a9-ad4a-4f27-84ba-4ed795333b3e
5468fcd0-9eed-4f9d-ae92-71b3f39cd34e,,http://www.gencourt.state.nh.us/dynamicdatadump/RollCallSummary.txt?x=2022121204041670817705,ocd-vote/c4d11786-1ced-4b47-a263-2403e6138ee2
21531142-fbcd-419f-8b1f-8ebd0dbab4c9,,http://www.gencourt.state.nh.us/dynamicdatadump/RollCallSummary.txt?x=2022121204041670817705,ocd-vote/b6facbf0-08fa-4107-b7e8-8e30e9adfa36
9a45d8cf-f887-415c-aa9e-de1b0d2b6e00,,http://www.gencourt.state.nh.us/dynamicdatadump/RollCallSummary.txt?x=2022121204041670817705,ocd-vote/a70bb4e3-750b-4f18-a1f4-21c6517e093d
d3d209bd-ecb1-4893-817a-87e6bc3e2583,,http://www.gencourt.state.nh.us/dynamicdatadump/RollCallSummary.txt?x=2022121204041670817705,ocd-vote/0c0498fb-0897-4467-97cd-1607eb673479
c0014752-0d03-457f-8739-f367bc3a5660,,http://www.gencourt.state.nh.us/dynamicdatadump/RollCallSummary.txt?x=2022121204041670817705,ocd-vote/ab4d269a-239f-4b67-adb7-a9415e3b4bc0
8afb5a6f-e51e-49fa-b728-a0bb81ab4c31,,http://www.gencourt.state.nh.us/dynamicdatadump/RollCallSummary.txt?x=2022121204041670817705,ocd-vote/9b5b85ea-4551-4ef0-95af-d733e8c282d7
f61cc504-8517-4462-92f3-0a4d85cb9650,,http://www.gencourt.state.nh.us/dynamicdatadump/RollCallSummary.txt?x=2022121204041670817705,ocd-vote/3fe8eae7-23f4-46b9-b3c9-13a4e1a6069a
81c2d00b-e6e7-4272-8f91-5b7d1497eaaf,,http://www.gencourt.state.nh.us/dynamicdatadump/RollCallSummary.txt?x=2022121204041670817705,ocd-vote/79c72d82-07b3-41c4-9e88-e4b509df83a0
276e43f2-d7d9-4224-9b7a-2e8021999a6c,,http://www.gencourt.state.nh.us/dynamicdatadump/RollCallSummary.txt?x=2022121204041670817705,ocd-vote/f3595e9f-8225-4516-89db-3d5b03d13f2e
46c75021-d06b-451f-b44c-5b775cedcec0,,http://www.gencourt.state.nh.us/dynamicdatadump/RollCallSummary.txt?x=2022121204041670817705,ocd-vote/7656f57f-3632-4892-8b8c-6f11c3daa98b
25ed482a-62ef-4b82-a27e-f5052ddcd576,,http://www.gencourt.state.nh.us/dynamicdatadump/RollCallSummary.txt?x=2022121204041670817705,ocd-vote/5d7cd95c-f6db-4434-935e-87840fd0c174
0764e87c-ab25-4ce8-ac84-fca0c4dd8625,,http://www.gencourt.state.nh.us/dynamicdatadump/RollCallSummary.txt?x=2022121204041670817705,ocd-vote/3f549c18-1223-48ac-b51b-64a59983e8c8
87a0aa90-3438-4f50-a7b5-14246b41cd40,,http://www.gencourt.state.nh.us/dynamicdatadump/RollCallSummary.txt?x=2022121204041670817705,ocd-vote/91202da1-bf42-4b52-b599-a30623e1a020
c71f44ff-c229-4465-ae2d-ec30711cbf91,,http://www.gencourt.state.nh.us/dynamicdatadump/RollCallSummary.txt?x=2022121204041670817705,ocd-vote/800de39f-c203-4bd6-8fcb-21d57572837d
ded0584c-feb3-4b9a-a021-513fc448372e,,http://www.gencourt.state.nh.us/dynamicdatadump/RollCallSummary.txt?x=2022121204041670817705,ocd-vote/7f9ae2b4-22e4-4694-bc44-2039c48487fe
24f54472-ab4d-4ef6-b68f-2f4ff17951da,,http://www.gencourt.state.nh.us/dynamicdatadump/RollCallSummary.txt?x=2022121204041670817705,ocd-vote/dca45833-d236-48d7-bc21-2e5ac1681b7d
4c78cc98-a97f-4455-8888-9ea81fb93492,,http://www.gencourt.state.nh.us/dynamicdatadump/RollCallSummary.txt?x=2022121204041670817705,ocd-vote/eeeae7b3-8e8e-45f5-945c-dc1e418a39d0
8dbbca59-a7a4-4ab4-aed0-1c8b68c15f22,,http://www.gencourt.state.nh.us/dynamicdatadump/RollCallSummary.txt?x=2022121204041670817705,ocd-vote/1925ffbf-3ca6-4e5f-91ee-7b788730aff8
ef7b4876-99c0-4f93-9f3c-8670a55c0901,,http://www.gencourt.state.nh.us/dynamicdatadump/RollCallSummary.txt?x=2022121204041670817705,ocd-vote/9344a07c-832b-4ca1-ab67-a45a437c299c
54ac7a45-b5e5-44b0-b2d1-1a3100726b5f,,http://www.gencourt.state.nh.us/dynamicdatadump/RollCallSummary.txt?x=2022121204041670817705,ocd-vote/eb2ae42a-7fcd-4ad1-bed9-e33181d7894c
d919590b-2bb8-49b5-b6db-029e48b30495,,http://www.gencourt.state.nh.us/dynamicdatadump/RollCallSummary.txt?x=2022121204041670817705,ocd-vote/848ca700-6f16-4408-8b61-a8825f972e60
7c29d335-e9f5-4a9c-9ce3-d446853f1cc4,,http://www.gencourt.state.nh.us/dynamicdatadump/RollCallSummary.txt?x=2022121204041670817705,ocd-vote/966fac6f-1948-42d2-8b63-22fc72b2c0ec
66614e4d-c9ef-4e77-b300-8818fe382b17,,http://www.gencourt.state.nh.us/dynamicdatadump/RollCallSummary.txt?x=2022121204041670817705,ocd-vote/179841db-8646-4092-b9fa-0e0b06f03373
c753ea63-1e13-4287-8fc3-05d0e126e8c3,,http://www.gencourt.state.nh.us/dynamicdatadump/RollCallSummary.txt?x=2022121204041670817705,ocd-vote/1c1cf498-81cc-4554-b00b-e3b0a1e97dbb
cf2bfe2a-891d-4395-8712-0b0e8963e186,,http://www.gencourt.state.nh.us/dynamicdatadump/RollCallSummary.txt?x=2022121204041670817705,ocd-vote/a7039158-2b2e-4b87-b49a-c15fc535d9ee
5e47f4f2-c275-45fc-bcca-29554239bdae,,http://www.gencourt.state.nh.us/dynamicdatadump/RollCallSummary.txt?x=2022121204041670817705,ocd-vote/3fa2c8f4-9ce9-4ce9-a0c7-8069f08dedde
8ac2ae5e-c131-44b6-96ba-0bae54ae3720,,http://www.gencourt.state.nh.us/dynamicdatadump/RollCallSummary.txt?x=2022121204041670817705,ocd-vote/0263ea51-e848-452b-a986-738a1f928c9a
3f797fb1-e37a-405f-a021-adb9bf1ce5f6,,http://www.gencourt.state.nh.us/dynamicdatadump/RollCallSummary.txt?x=2022121204041670817705,ocd-vote/dde84874-2b21-4c96-9a59-225075babb69
f9ccfcf1-da98-4254-a75a-5498ec4a9033,,http://www.gencourt.state.nh.us/dynamicdatadump/RollCallSummary.txt?x=2022121204041670817705,ocd-vote/aa0052dc-4d1c-4c58-9c17-baa164067b02
512520b1-5dba-41bc-965b-2dcb89fb1615,,http://www.gencourt.state.nh.us/dynamicdatadump/RollCallSummary.txt?x=2022121204041670817705,ocd-vote/65bfb59e-5b7e-4c31-a0d7-2bc39d106eab
e6f42ffb-dc43-475e-b142-522ad66daaa2,,http://www.gencourt.state.nh.us/dynamicdatadump/RollCallSummary.txt?x=2022121204041670817705,ocd-vote/6e4c5018-ba2f-46f2-87a9-91734462355a
a44d367d-8d3e-4406-b4c0-eb1806c69740,,http://www.gencourt.state.nh.us/dynamicdatadump/RollCallSummary.txt?x=2022121204041670817705,ocd-vote/0603d83c-06bb-4056-a820-d2d5e014197d
ed612d01-2f6a-46b9-b78a-855efc63cf3c,,http://www.gencourt.state.nh.us/dynamicdatadump/RollCallSummary.txt?x=2022121204041670817705,ocd-vote/5474367d-5f0d-4b6d-9095-87994dcf592b
57a9de10-b044-4998-8f32-68af65da20a3,,http://www.gencourt.state.nh.us/dynamicdatadump/RollCallSummary.txt?x=2022121204041670817705,ocd-vote/57374966-fac4-4d5e-bf80-4e9368b13d64
5c6c8a25-3718-47f5-9e4e-f3a8b05b50dd,,http://www.gencourt.state.nh.us/dynamicdatadump/RollCallSummary.txt?x=2022121204041670817705,ocd-vote/492f0067-8cfb-4711-bdf4-f3c101cd88f5
ec85977a-97c5-4f8d-9846-4324d5412db1,,http://www.gencourt.state.nh.us/dynamicdatadump/RollCallSummary.txt?x=2022121204041670817705,ocd-vote/10457a8d-0307-48a5-8558-4581637c99fe
9fc79037-01a7-489f-ac8a-3bdd43d03f45,,http://www.gencourt.state.nh.us/dynamicdatadump/RollCallSummary.txt?x=2022121204041670817705,ocd-vote/e3eb5ce4-051d-45d5-8dc1-c59ed1d16587
7caf0fb6-3cb0-4624-95e8-fd500f56d180,,http://www.gencourt.state.nh.us/dynamicdatadump/RollCallSummary.txt?x=2022121204041670817705,ocd-vote/e16d9398-a9d1-4d27-9338-42bef6796138
629c9a77-7b92-49c0-ab81-6995d1a072ae,,http://www.gencourt.state.nh.us/dynamicdatadump/RollCallSummary.txt?x=2022121204041670817705,ocd-vote/90051391-b914-4bbe-af03-3cc8c3f3888e
4a964830-298d-436e-bd25-eddea0c6dea7,,http://www.gencourt.state.nh.us/dynamicdatadump/RollCallSummary.txt?x=2022121204041670817705,ocd-vote/3b3f9f95-f358-42ed-8014-f8af1f034c38
81d23ec5-b676-44b7-81bb-739e0d309df3,,http://www.gencourt.state.nh.us/dynamicdatadump/RollCallSummary.txt?x=2022121204041670817705,ocd-vote/76b3332e-3f2d-47f1-9c43-e709bf67f3b8
3fd75316-c956-4cfc-baf6-d50e2021623c,,http://www.gencourt.state.nh.us/dynamicdatadump/RollCallSummary.txt?x=2022121204041670817705,ocd-vote/a44a1b22-4d7b-4200-8c6e-1a0b0d130ad7
7801c83c-1f41-4b6e-822b-0cdfe0139131,,http://www.gencourt.state.nh.us/dynamicdatadump/RollCallSummary.txt?x=2022121204041670817705,ocd-vote/cdd4e769-f4ea-4d80-87fc-e8e0e4c25e7d
0517f6a3-1169-40de-b583-b5bcbee7dd3d,,http://www.gencourt.state.nh.us/dynamicdatadump/RollCallSummary.txt?x=2022121204041670817705,ocd-vote/7af33aac-f8a6-4ad1-8736-1c5b055e8dc6
496c5cd7-ab5f-4478-b9b6-ddd682af7566,,http://www.gencourt.state.nh.us/dynamicdatadump/RollCallSummary.txt?x=2022121204041670817705,ocd-vote/029c60df-28a4-440d-a666-04ae710791bd
243a00e0-4f04-42e6-a8ac-8f6c7bf2ef2c,,http://www.gencourt.state.nh.us/dynamicdatadump/RollCallSummary.txt?x=2022121204041670817705,ocd-vote/3706e57e-6a3c-4161-8d1b-5db2c35aae96
fa50bd9b-dbba-4170-bece-391024c04b68,,http://www.gencourt.state.nh.us/dynamicdatadump/RollCallSummary.txt?x=2022121204041670817705,ocd-vote/b366e0b1-9e6e-4982-97df-20516a6bd28a
bda9b3ee-3582-409c-81bc-e4dcf7de6135,,http://www.gencourt.state.nh.us/dynamicdatadump/RollCallSummary.txt?x=2022121204041670817705,ocd-vote/a51f8440-89aa-4e6e-9058-71d9ef3143b5
475ed3fe-59c9-4e1b-a9f9-6ec37b67c46e,,http://www.gencourt.state.nh.us/dynamicdatadump/RollCallSummary.txt?x=2022121204041670817705,ocd-vote/f779b77c-258b-404a-bb8e-58908dd97bdb
6c3bdd33-b778-4142-adbf-66b4951d6e89,,http://www.gencourt.state.nh.us/dynamicdatadump/RollCallSummary.txt?x=2022121204041670817705,ocd-vote/e3855f7f-edab-4e34-a497-be801aac83b9
cd9da05e-ff85-4c23-89e5-39156ff01861,,http://www.gencourt.state.nh.us/dynamicdatadump/RollCallSummary.txt?x=2022121204041670817705,ocd-vote/44590135-68ee-412e-a9db-6814c62fd073
1de5bbd6-c566-4b2e-a44f-57e3cd9c839f,,http://www.gencourt.state.nh.us/dynamicdatadump/RollCallSummary.txt?x=2022121204041670817705,ocd-vote/9c383a1c-e15e-46cc-84c5-02439558c616
991cdf55-8064-4662-807d-1a6394c3516a,,http://www.gencourt.state.nh.us/dynamicdatadump/RollCallSummary.txt?x=2022121204041670817705,ocd-vote/b8c41989-c78d-4f6c-bb1f-8e9f903a0df6
66331379-0052-4210-98c1-79018ce7bc18,,http://www.gencourt.state.nh.us/dynamicdatadump/RollCallSummary.txt?x=2022121204041670817705,ocd-vote/19a6bb9f-ddda-49b8-a249-f69d3f774538
24e5ae20-927c-402b-9a2c-cdee7db64c5c,,http://www.gencourt.state.nh.us/dynamicdatadump/RollCallSummary.txt?x=2022121204041670817705,ocd-vote/0be226e5-e110-46f1-be6c-bd2fa7b2ed84
4c27e523-34ef-45c4-abcc-068ca1dc4eec,,http://www.gencourt.state.nh.us/dynamicdatadump/RollCallSummary.txt?x=2022121204041670817705,ocd-vote/31f1c02b-55e6-4db3-87bc-11856e7bc2d8
f4feaf94-19fc-41bc-a415-147b54f09a93,,http://www.gencourt.state.nh.us/dynamicdatadump/RollCallSummary.txt?x=2022121204041670817705,ocd-vote/7b971d7d-4c68-46dd-9885-348cd0d4a69c
405ad0ed-e0fc-4c4a-8bfd-9c98bc2540a2,,http://www.gencourt.state.nh.us/dynamicdatadump/RollCallSummary.txt?x=2022121204041670817705,ocd-vote/b5b465af-e6db-4e93-a966-9bc7332f63ad
dd8ee73a-c912-412c-9120-eadbb348e57e,,http://www.gencourt.state.nh.us/dynamicdatadump/RollCallSummary.txt?x=2022121204041670817705,ocd-vote/8cbbb5ef-48d1-4ead-b776-b942125ac3e1
9832915b-a44d-4258-8b0c-d7305a5ed97d,,http://www.gencourt.state.nh.us/dynamicdatadump/RollCallSummary.txt?x=2022121204041670817705,ocd-vote/b0748d40-f554-4a8a-a125-c7c3ee9475e3
876b8984-2ff6-43a7-a474-64517db87ced,,http://www.gencourt.state.nh.us/dynamicdatadump/RollCallSummary.txt?x=2022121204041670817705,ocd-vote/ea704e99-dc17-49f8-9ee6-0547a8a1d609
33a27eb3-e8bb-4d05-9756-9ed6610deee5,,http://www.gencourt.state.nh.us/dynamicdatadump/RollCallSummary.txt?x=2022121204041670817705,ocd-vote/f4991a95-0b69-4a25-85e7-9b0be11db2e9
de61ea7f-cfad-4696-a137-2a9c29c80c98,,http://www.gencourt.state.nh.us/dynamicdatadump/RollCallSummary.txt?x=2022121204041670817705,ocd-vote/4ab5620c-b2fa-4602-9fe8-83d0304d9b4b
2ced0cab-6ede-45c3-bf53-65d4e86de23b,,http://www.gencourt.state.nh.us/dynamicdatadump/RollCallSummary.txt?x=2022191918061647712912,ocd-vote/fa212add-042d-4fe1-935f-3dc4385145d5
ebc391a4-931a-4db6-b821-4cbc368305f6,,http://www.gencourt.state.nh.us/dynamicdatadump/RollCallSummary.txt?x=2022121204041670817705,ocd-vote/cf85d69a-d3fa-4358-8394-ab4fd11afd9c
3da2a4d6-05e9-4043-9cd6-bb26a48d99ef,,http://www.gencourt.state.nh.us/dynamicdatadump/RollCallSummary.txt?x=2022121204041670817705,ocd-vote/9e9025bc-1d96-4d02-a4ad-7ce0c210d830
23cc51f2-3fcd-4302-aa28-104434062fed,,http://www.gencourt.state.nh.us/dynamicdatadump/RollCallSummary.txt?x=2022121204041670817705,ocd-vote/66b9e294-1654-4719-a9af-c4d585d2cfd0
4f2736d6-8cba-4598-a667-47725f502635,,http://www.gencourt.state.nh.us/dynamicdatadump/RollCallSummary.txt?x=2022121204041670817705,ocd-vote/bfc1a396-1d11-4dbe-bb6b-3363fe8d51cb
097dd1d9-d2b4-4cbb-8cec-f6389fd06da7,,http://www.gencourt.state.nh.us/dynamicdatadump/RollCallSummary.txt?x=2022121204041670817705,ocd-vote/980db2aa-a0ac-4daf-82e6-ccb86d35ea8f
1bd8b769-4a0a-48d4-9575-75ffe1678354,,http://www.gencourt.state.nh.us/dynamicdatadump/RollCallSummary.txt?x=2022121204041670817705,ocd-vote/3daa4357-9b01-42d4-b9bd-bab847501d63
2a8fa762-96c7-4691-9a93-78b5f4ac1339,,http://www.gencourt.state.nh.us/dynamicdatadump/RollCallSummary.txt?x=2022121204041670817705,ocd-vote/88823082-37f6-4d37-aa13-d0f9f73a893e
2e6918d3-77f0-47c6-ae3d-07f853876ee1,,http://www.gencourt.state.nh.us/dynamicdatadump/RollCallSummary.txt?x=2022121204041670817705,ocd-vote/b1251adb-4dbb-401f-84f7-c2cfe8a5478e
f7512bb9-4eab-4179-b79a-4192933cae52,,http://www.gencourt.state.nh.us/dynamicdatadump/RollCallSummary.txt?x=2022121204041670817705,ocd-vote/082abb4c-4f02-47a9-b641-8274eff84adc
6d9b5b21-b2b7-4ad4-86d7-c8e2a3d00625,,http://www.gencourt.state.nh.us/dynamicdatadump/RollCallSummary.txt?x=2022121204041670817705,ocd-vote/cacaf2f2-6131-4b89-83ca-e36cfcdcd798
ac683728-a909-4686-a0f3-c847f40f6168,,http://www.gencourt.state.nh.us/dynamicdatadump/RollCallSummary.txt?x=2022121204041670817705,ocd-vote/36e60de3-cc00-4cdb-afa1-1db4a83e818d
4258229d-8ff5-41af-bd03-c1217a7b4b21,,http://www.gencourt.state.nh.us/dynamicdatadump/RollCallSummary.txt?x=2022121204041670817705,ocd-vote/287fdb3a-051c-4e16-b092-dafd4016b806
efb37a9f-1e5c-41e8-a156-a5812b66ebb6,,http://www.gencourt.state.nh.us/dynamicdatadump/RollCallSummary.txt?x=2022121204041670817705,ocd-vote/14cbeeb1-c8e2-4069-8ef8-fcda24e592a0
08d81f4c-cb88-4774-9bf9-344dda3a91de,,http://www.gencourt.state.nh.us/dynamicdatadump/RollCallSummary.txt?x=2022121204041670817705,ocd-vote/3ea3cd11-6def-48c9-8706-111741a469be
a011926b-e418-4a4d-9525-6e8537fade5f,,http://www.gencourt.state.nh.us/dynamicdatadump/RollCallSummary.txt?x=2022121204041670817705,ocd-vote/d69f7f9e-0089-4e77-8013-2312c97e793f
0ab212be-a5ec-43be-8c9d-385c1d0a206e,,http://www.gencourt.state.nh.us/dynamicdatadump/RollCallSummary.txt?x=2022121204041670817705,ocd-vote/2f55cdba-7a50-48f6-a465-c9a9357801f2
326458fa-6973-4949-b788-95e51d2a670c,,http://www.gencourt.state.nh.us/dynamicdatadump/RollCallSummary.txt?x=2022121204041670817705,ocd-vote/80014b3e-15bf-4c2f-a5a5-95e273f28c37
442f0e18-35d1-4fa6-9314-0e5dc09ebb5d,,http://www.gencourt.state.nh.us/dynamicdatadump/RollCallSummary.txt?x=2022121204041670817705,ocd-vote/e030812c-ccc0-40c5-8ae6-c5e608724952
2c083296-2433-447d-92fa-50f05450885f,,http://www.gencourt.state.nh.us/dynamicdatadump/RollCallSummary.txt?x=2022121204041670817705,ocd-vote/200d948c-e675-4219-ac76-00b68e717780
f2d6fd74-7d44-4f87-8a7f-64f4779aa982,,http://www.gencourt.state.nh.us/dynamicdatadump/RollCallSummary.txt?x=2022121204041670817705,ocd-vote/33f9a4c4-de70-4c4f-963b-b8248e2f0e67
440f7346-65ab-4977-bdbf-f8290eb1beb3,,http://www.gencourt.state.nh.us/dynamicdatadump/RollCallSummary.txt?x=2022121204041670817705,ocd-vote/6b181d7f-9101-49e1-9f1b-0f6f46beee1b
5006cc5c-16ac-445e-88bb-28bbd48e809e,,http://www.gencourt.state.nh.us/dynamicdatadump/RollCallSummary.txt?x=2022121204041670817705,ocd-vote/14130a1b-f83a-4dd9-be0b-1d23c4fe38c5
5e315eae-380b-4134-8e00-4287617aff0f,,http://www.gencourt.state.nh.us/dynamicdatadump/RollCallSummary.txt?x=2022121204041670817705,ocd-vote/7d204781-ceb9-4979-b8c3-a2e4ed12c843
cc628541-d7e1-4588-98ed-8a1ba2b1b57d,,http://www.gencourt.state.nh.us/dynamicdatadump/RollCallSummary.txt?x=2022121204041670817705,ocd-vote/e76b6380-77a8-4056-b5d5-27371101ef5f
b15cd08f-f74f-41ab-bf17-ca3996e9aaa8,,http://www.gencourt.state.nh.us/dynamicdatadump/RollCallSummary.txt?x=2022121204041670817705,ocd-vote/a599f944-3ac8-4d58-922e-06c3d0429e45
32bf472a-f424-426a-9427-7e94e51b4ed9,,http://www.gencourt.state.nh.us/dynamicdatadump/RollCallSummary.txt?x=2022121204041670817705,ocd-vote/a304e384-a961-4d1e-9f7b-62981cc5355c
3cda1c39-28b0-4d2a-b046-7a74996b1e45,,http://www.gencourt.state.nh.us/dynamicdatadump/RollCallSummary.txt?x=2022121204041670817705,ocd-vote/86efd7e5-8f90-4f2c-88a6-a8e2c6b84d7e
7bbfeec8-1fc6-4ee3-994f-4333b51c7b27,,http://www.gencourt.state.nh.us/dynamicdatadump/RollCallSummary.txt?x=2022121204041670817705,ocd-vote/6fab68b1-eaab-4d44-91eb-c11bb146a4b3
870d4c0f-ec97-446f-a623-15eaab0ef973,,http://www.gencourt.state.nh.us/dynamicdatadump/RollCallSummary.txt?x=2022121204041670817705,ocd-vote/0ec5cbf9-dd89-483b-b141-f994747c4c38
64f8ff46-2267-4e77-a2fe-0568789c3714,,http://www.gencourt.state.nh.us/dynamicdatadump/RollCallSummary.txt?x=2022121204041670817705,ocd-vote/f2891915-f189-4e1f-bb2b-4950b6f5fc79
f1c5031c-32d0-43a8-974e-5fdae167bfaa,,http://www.gencourt.state.nh.us/dynamicdatadump/RollCallSummary.txt?x=2022121204041670817705,ocd-vote/b9089923-4442-4798-93fa-c51a40201e70
8d1d76b9-4af0-421a-b6e6-e376ab707600,,http://www.gencourt.state.nh.us/dynamicdatadump/RollCallSummary.txt?x=2022121204041670817705,ocd-vote/251630c9-db01-489a-8ba0-4c79610265b9
169ab9d5-9712-4516-853a-565742370537,,http://www.gencourt.state.nh.us/dynamicdatadump/RollCallSummary.txt?x=2022121204041670817705,ocd-vote/8fdd133b-9d0e-4806-9308-63a91a281dfd
a578fa71-69d6-4052-91f5-5cb06adeef22,,http://www.gencourt.state.nh.us/dynamicdatadump/RollCallSummary.txt?x=2022121204041670817705,ocd-vote/ff6ce1bb-3280-4073-a105-86f655421117
ab06998b-37d7-45d5-868a-5a99dc095253,,http://www.gencourt.state.nh.us/dynamicdatadump/RollCallSummary.txt?x=2022121204041670817705,ocd-vote/f3bbc2f3-efdf-4ed4-af87-e61701097979
c9bc9af5-6558-4af1-a108-8d76581da370,,http://www.gencourt.state.nh.us/dynamicdatadump/RollCallSummary.txt?x=2022121204041670817705,ocd-vote/40a3f600-6566-4dc9-a0b3-931ddcd2725d
5145f726-12b4-4b3c-b725-43fa943faadb,,http://www.gencourt.state.nh.us/dynamicdatadump/RollCallSummary.txt?x=2022121204041670817705,ocd-vote/d53fbc90-d89d-43d2-a297-3d58263742ed
4c589ddb-6eb5-45fa-a303-9bcbd5ada090,,http://www.gencourt.state.nh.us/dynamicdatadump/RollCallSummary.txt?x=2022121204041670817705,ocd-vote/3cd1ba07-bb21-4ba8-9f63-2f3964de0225
8eb7d023-88e9-4e8a-86e6-8d568fa4d4cf,,http://www.gencourt.state.nh.us/dynamicdatadump/RollCallSummary.txt?x=2022121204041670817705,ocd-vote/cb17590c-1b11-4554-b693-507814c2951d
a4b4a1ae-228d-4844-a8fb-a74248da4142,,http://www.gencourt.state.nh.us/dynamicdatadump/RollCallSummary.txt?x=2022121204041670817705,ocd-vote/38b510f9-47be-4f0b-860a-541149e2db96
180afba0-a4c5-44c4-a708-e971c0b78731,,http://www.gencourt.state.nh.us/dynamicdatadump/RollCallSummary.txt?x=2022121204041670817705,ocd-vote/6c511956-f36d-4bbe-930a-1e23a8008fc1
0de1032c-6dfa-454f-9226-3a4d24e69585,,http://www.gencourt.state.nh.us/dynamicdatadump/RollCallSummary.txt?x=2022121204041670817705,ocd-vote/2c3ab77c-5455-4035-a750-ec354177527c
e7f4e7c2-0ab5-419c-8861-6c16e384606d,,http://www.gencourt.state.nh.us/dynamicdatadump/RollCallSummary.txt?x=2022121204041670817705,ocd-vote/ffbfd666-09f8-44a9-ae0b-b02860e5f4c7
cdb5e80c-0cbf-45b4-bd8b-586fa835e625,,http://www.gencourt.state.nh.us/dynamicdatadump/RollCallSummary.txt?x=2022121204041670817705,ocd-vote/aedfa840-0ebe-46fb-a71e-c14b11a7b20b
d9da507f-e007-457b-8547-c37f40eba22d,,http://www.gencourt.state.nh.us/dynamicdatadump/RollCallSummary.txt?x=2022121204041670817705,ocd-vote/98404148-7ee5-4e68-9158-14051890dab1
203f555a-8cc4-486e-9447-a255d8abf28c,,http://www.gencourt.state.nh.us/dynamicdatadump/RollCallSummary.txt?x=2022121204041670817705,ocd-vote/e494b424-ad69-4f4d-b591-a97ab0b1fb10
b67cebe0-0923-41c1-a3f3-bc5b6a26b6f1,,http://www.gencourt.state.nh.us/dynamicdatadump/RollCallSummary.txt?x=2022121204041670817705,ocd-vote/d4263753-9ee9-4c20-8650-306d5d68101b
8e0801d5-c035-4392-81ae-4350517eca55,,http://www.gencourt.state.nh.us/dynamicdatadump/RollCallSummary.txt?x=2022121204041670817705,ocd-vote/13898db8-dfdf-4d0e-99dd-b3f47f7a42cd
84585dbe-8d2a-46dd-878e-68d020198c0d,,http://www.gencourt.state.nh.us/dynamicdatadump/RollCallSummary.txt?x=2022121204041670817705,ocd-vote/309bc452-eea8-48a0-9313-863df10356f3
15d045d4-4f78-4c76-912c-92f82e752785,,http://www.gencourt.state.nh.us/dynamicdatadump/RollCallSummary.txt?x=2022121204041670817705,ocd-vote/e069ad0b-ea52-405c-823a-f8decdddee7c
4905b673-37fb-4f6d-8875-964483b25610,,http://www.gencourt.state.nh.us/dynamicdatadump/RollCallSummary.txt?x=2022121204041670817705,ocd-vote/60ed3450-168b-49b4-81d7-32c05f452a1d
4352ca76-e720-442a-9d18-a8231a3662ed,,http://www.gencourt.state.nh.us/dynamicdatadump/RollCallSummary.txt?x=2022121204041670817705,ocd-vote/6dc58e69-bef4-46e0-872f-bc1a54881972
7e1cc605-a791-45c9-bab1-128fd389bc74,,http://www.gencourt.state.nh.us/dynamicdatadump/RollCallSummary.txt?x=2022121204041670817705,ocd-vote/590e0d8c-53a2-4d97-bc81-f7964e06dd05
1a174fcd-a861-4b3c-a3af-81953f3f7354,,http://www.gencourt.state.nh.us/dynamicdatadump/RollCallSummary.txt?x=2022121204041670817705,ocd-vote/d0660841-d303-4539-9261-861638cece8b
92c4bc8e-ab4c-40a5-85c8-1f4da1b59edc,,http://www.gencourt.state.nh.us/dynamicdatadump/RollCallSummary.txt?x=2022121204041670817705,ocd-vote/85fad4d0-3428-42d1-a910-b50ee1592823
46fce3b7-4682-4db5-b314-d9782c698a51,,http://www.gencourt.state.nh.us/dynamicdatadump/RollCallSummary.txt?x=2022121204041670817705,ocd-vote/c3230171-0970-47c9-a748-6da9b1561b0b
256765db-76bd-4130-8ea8-54ae559050b5,,http://www.gencourt.state.nh.us/dynamicdatadump/RollCallSummary.txt?x=2022121204041670817705,ocd-vote/bf3ce5dd-6f79-46dd-881e-ea64eb32286a
ba5e9d06-4802-43f1-b801-a2fbf24a9e2f,,http://www.gencourt.state.nh.us/dynamicdatadump/RollCallSummary.txt?x=2022121204041670817705,ocd-vote/8b5f03f9-83d0-4ab5-b070-bce7be787410
0e5e6f34-2e49-42cd-953a-2726e67ab832,,http://www.gencourt.state.nh.us/dynamicdatadump/RollCallSummary.txt?x=2022121204041670817705,ocd-vote/28775a0f-5451-4f50-b546-00575b95bbe0
dcf0e609-2c2e-4b8a-bcb8-ed3909cd4877,,http://www.gencourt.state.nh.us/dynamicdatadump/RollCallSummary.txt?x=2022121204041670817705,ocd-vote/338fee39-f907-4bcc-97a7-1af76e59f96c
2d2f616b-e653-4774-bf1e-895341317c82,,http://www.gencourt.state.nh.us/dynamicdatadump/RollCallSummary.txt?x=2022121204041670817705,ocd-vote/243aae0e-588e-4881-ba60-99b0b1720f01
cf94bf62-cf29-434c-a4f5-6e0e4e834bf2,,http://www.gencourt.state.nh.us/dynamicdatadump/RollCallSummary.txt?x=2022121204041670817705,ocd-vote/86a97f24-7b37-4c15-870c-3c88e5e7742c
1d33d8a9-e59d-45ea-b82b-aa7dd35f9617,,http://www.gencourt.state.nh.us/dynamicdatadump/RollCallSummary.txt?x=2022121204041670817705,ocd-vote/0db0e730-e330-4380-a18f-7a533de83164
5203ae89-6863-44cf-95bd-69677d8c2692,,http://www.gencourt.state.nh.us/dynamicdatadump/RollCallSummary.txt?x=2022121204041670817705,ocd-vote/c7042b88-1fab-49da-89d7-5bf5a9e3a352
38906f28-f8cc-43d2-aee4-fb49692151fe,,http://www.gencourt.state.nh.us/dynamicdatadump/RollCallSummary.txt?x=2022121204041670817705,ocd-vote/d607d51b-0666-4dfb-b48b-c768fda3369c
9ed70b50-0b8a-4c6f-8f4f-b66868849598,,http://www.gencourt.state.nh.us/dynamicdatadump/RollCallSummary.txt?x=2022121204041670817705,ocd-vote/6f334da0-c79b-4c10-8b6e-80b56fa56c13
ae070a95-13d2-4cc4-997d-c3e2491c10a7,,http://www.gencourt.state.nh.us/dynamicdatadump/RollCallSummary.txt?x=2022121204041670817705,ocd-vote/237e4a4e-3db2-418c-8479-2f4ada290808
e49bdb66-8f43-4335-9afd-1c27c520beb0,,http://www.gencourt.state.nh.us/dynamicdatadump/RollCallSummary.txt?x=2022121204041670817705,ocd-vote/b9f964fb-9ce9-4d7c-86ac-5fa8aaf06ef0
4a353e56-92fa-4aac-97b6-62e7209994af,,http://www.gencourt.state.nh.us/dynamicdatadump/RollCallSummary.txt?x=2022121204041670817705,ocd-vote/4fb67a2b-1f34-4cf9-8426-98d1f19ac770
d24c4803-3303-4744-9798-3cd88d43658b,,http://www.gencourt.state.nh.us/dynamicdatadump/RollCallSummary.txt?x=2022121204041670817705,ocd-vote/869c21aa-b501-4831-a597-482fe4163dee
8211cec6-f1a6-49d2-99b8-82341fafeb47,,http://www.gencourt.state.nh.us/dynamicdatadump/RollCallSummary.txt?x=2022121204041670817705,ocd-vote/87ecf6a4-d100-4f7c-a68c-95eb75f5c57f
2b7811f6-bcab-479e-8d52-f5c09dce5b46,,http://www.gencourt.state.nh.us/dynamicdatadump/RollCallSummary.txt?x=2022121204041670817705,ocd-vote/d89cd648-976a-4bea-a514-be865b6a94a8
bdb52171-1fb6-4feb-b7e5-f5ba6baf9cd9,,http://www.gencourt.state.nh.us/dynamicdatadump/RollCallSummary.txt?x=2022121204041670817705,ocd-vote/c488c7a1-382c-4b42-8623-68682364ca00
5a5d7a0c-c864-4ed8-8dda-4df41a6e6bbe,,http://www.gencourt.state.nh.us/dynamicdatadump/RollCallSummary.txt?x=2022121204041670817705,ocd-vote/c48c2a6a-63fb-4674-a867-405e6d372bb5
f81547ec-b18e-460d-a55f-068720e4fa66,,http://www.gencourt.state.nh.us/dynamicdatadump/RollCallSummary.txt?x=2022121204041670817705,ocd-vote/989b1366-4c55-482f-9466-1330b21f326b
0b2b5032-86d6-45a1-8e3c-ad161dc68333,,http://www.gencourt.state.nh.us/dynamicdatadump/RollCallSummary.txt?x=2022121204041670817705,ocd-vote/e4127ad9-e4a3-4607-8213-95da52c45b08
53b79593-71e7-4be8-866c-49e7c8e2d4d1,,http://www.gencourt.state.nh.us/dynamicdatadump/RollCallSummary.txt?x=2022121204041670817705,ocd-vote/31959b5f-6008-4bb9-98cd-b7de5af677ed
d5e87de2-5654-46d0-b5dd-80ddcefd9445,,http://www.gencourt.state.nh.us/dynamicdatadump/RollCallSummary.txt?x=2022121204041670817705,ocd-vote/4c3a170c-580b-4bfc-bb07-e0a127b20811
2694c0c3-8cc0-4d65-8ed1-127ba3cd38e1,,http://www.gencourt.state.nh.us/dynamicdatadump/RollCallSummary.txt?x=2022121204041670817705,ocd-vote/49e2e97c-612f-41c4-96f4-9f1bce7f475a
e507e5d3-37a7-4702-ad45-ff89dc279bd9,,http://www.gencourt.state.nh.us/dynamicdatadump/RollCallSummary.txt?x=2022121204041670817705,ocd-vote/87322aea-1e19-47ff-8c36-883787cdec4f
de846731-a566-4f17-81be-37789f2f8790,,http://www.gencourt.state.nh.us/dynamicdatadump/RollCallSummary.txt?x=2022121204041670817705,ocd-vote/d46e079c-491b-4e74-8f40-ce9b534df86d
06fae505-2d59-49f1-ae5a-05e59d5e0eb9,,http://www.gencourt.state.nh.us/dynamicdatadump/RollCallSummary.txt?x=2022121204041670817705,ocd-vote/4cca9b21-5ce6-48a3-b10c-48b5b8098d12
60761fdc-0d24-4a5e-93ee-87fd61e8c01f,,http://www.gencourt.state.nh.us/dynamicdatadump/RollCallSummary.txt?x=2022121204041670817705,ocd-vote/4acc3f29-a897-4566-a2ef-c3dc2bbbce02
801fe50a-c3c8-47f0-9ab6-bf7e8944c5d4,,http://www.gencourt.state.nh.us/dynamicdatadump/RollCallSummary.txt?x=2022121204041670817705,ocd-vote/8fa9f8b5-3d61-4523-bbde-980e9df7c32d
45a41d44-519b-44e5-a024-a8425690aac8,,http://www.gencourt.state.nh.us/dynamicdatadump/RollCallSummary.txt?x=2022121204041670817705,ocd-vote/2ed6ea5c-236a-4ea5-996c-b9d432ca76f8
022aba4f-eb0a-4b82-bbc7-db7ad3d95347,,http://www.gencourt.state.nh.us/dynamicdatadump/RollCallSummary.txt?x=2022121204041670817705,ocd-vote/26261e6a-a988-4a16-9762-ba1fcea51029
b7ee9964-5aa5-41e9-a7e1-05a30a97e3c7,,http://www.gencourt.state.nh.us/dynamicdatadump/RollCallSummary.txt?x=2022121204041670817705,ocd-vote/31771507-f189-4d92-b561-598c626af776
686d47bb-369d-433d-b284-299a7567be39,,http://www.gencourt.state.nh.us/dynamicdatadump/RollCallSummary.txt?x=2022121204041670817705,ocd-vote/eca17a5c-dfad-4661-a3bd-efaf80aa0f60
04e5bb8f-ed34-4995-a9d4-719988771036,,http://www.gencourt.state.nh.us/dynamicdatadump/RollCallSummary.txt?x=2022121204041670817705,ocd-vote/d939e828-bea6-4e04-829c-3a3030a51933
6a197cd2-8c4b-4466-98b7-ff199ca95a85,,http://www.gencourt.state.nh.us/dynamicdatadump/RollCallSummary.txt?x=2022121204041670817705,ocd-vote/ff90a0fc-72a9-4ccb-a723-3d8a093a28cc
e0fcff73-49cb-4e11-b16f-664300442b5c,,http://www.gencourt.state.nh.us/dynamicdatadump/RollCallSummary.txt?x=2022121204041670817705,ocd-vote/33b989ae-8358-4cb6-8e44-434af8016177
06307e82-faf0-4e4e-92c1-5e6b2c89d5a7,,http://www.gencourt.state.nh.us/dynamicdatadump/RollCallSummary.txt?x=2022121204041670817705,ocd-vote/51a076de-cdf4-44f9-9ebb-edfe4fae203b
1cbaf090-56c7-406d-82b8-fe7f090e173c,,http://www.gencourt.state.nh.us/dynamicdatadump/RollCallSummary.txt?x=2022121204041670817705,ocd-vote/8142cc27-85b0-44b8-aa24-13f3bd26be45
a5978324-ba7b-4bb4-be93-f39f5b45d600,,http://www.gencourt.state.nh.us/dynamicdatadump/RollCallSummary.txt?x=2022121204041670817705,ocd-vote/b2ea4440-02b5-4232-85a9-db1226c475e6
8604e9bc-febb-4f70-9427-745ca8afef70,,http://www.gencourt.state.nh.us/dynamicdatadump/RollCallSummary.txt?x=2022121204041670817705,ocd-vote/afa7da42-0292-4f0a-9ba6-eef93821b1db
b7f54fb2-cbe8-4e1d-aa67-b93a84af50c2,,http://www.gencourt.state.nh.us/dynamicdatadump/RollCallSummary.txt?x=2022121204041670817705,ocd-vote/aae2e8e6-e5ae-46a4-bdeb-57e5305bc439
8ecb5e1b-799e-4bda-8b24-ff28c50af27a,,http://www.gencourt.state.nh.us/dynamicdatadump/RollCallSummary.txt?x=2022121204041670817705,ocd-vote/8dd85f63-36e0-405e-bbb3-17da2795637a
9ccbc753-6a96-41ff-b6e4-9e3e138aa4ec,,http://www.gencourt.state.nh.us/dynamicdatadump/RollCallSummary.txt?x=2022121204041670817705,ocd-vote/652408d4-5a8f-4083-9af5-c2dfbcea033a
daf374aa-d0e4-4e3d-906a-31fef22b9c4a,,http://www.gencourt.state.nh.us/dynamicdatadump/RollCallSummary.txt?x=2022121204041670817705,ocd-vote/5cb91f61-308c-48dd-849a-3f36d36af048
aff0baec-c81b-4999-b520-b1e4cdd96af5,,http://www.gencourt.state.nh.us/dynamicdatadump/RollCallSummary.txt?x=2022121204041670817705,ocd-vote/f66ef32e-32de-4b00-bad7-30edf7d8cad9
766e99f5-317c-4365-bd0a-06604ca79350,,http://www.gencourt.state.nh.us/dynamicdatadump/RollCallSummary.txt?x=2022121204041670817705,ocd-vote/ccece81b-ba9d-48e3-aff1-8d26b34fccc0
734bf160-2dff-4333-99e3-391e3979edf5,,http://www.gencourt.state.nh.us/dynamicdatadump/RollCallSummary.txt?x=2022121204041670817705,ocd-vote/b33dab34-2d4d-462f-81a5-71683ee6ce89
8db0589d-26bc-4f4e-b234-38822ab44530,,http://www.gencourt.state.nh.us/dynamicdatadump/RollCallSummary.txt?x=2022121204041670817705,ocd-vote/e9b4ddac-9a0f-4162-bcdc-3649735892b3
3a8acccc-5e52-471d-a93c-c18d288ad89d,,http://www.gencourt.state.nh.us/dynamicdatadump/RollCallSummary.txt?x=2022121204041670817705,ocd-vote/196c152b-6f36-46eb-a8aa-babd7dda04ba
64de3478-e2e0-40dd-878d-a3ef7659aad8,,http://www.gencourt.state.nh.us/dynamicdatadump/RollCallSummary.txt?x=2022121204041670817705,ocd-vote/963999c2-5a88-4e3c-8519-906a350fbca2
9ac03cce-e3b8-4504-8cdc-e32a5414fc61,,http://www.gencourt.state.nh.us/dynamicdatadump/RollCallSummary.txt?x=2022121204041670817705,ocd-vote/63b1f151-309e-4905-a61b-82a6f3ad0be9
6b9b8b58-70dd-4a82-92ed-85e8a66a2b7f,,http://www.gencourt.state.nh.us/dynamicdatadump/RollCallSummary.txt?x=2022121204041670817705,ocd-vote/f1752379-dbce-41ba-9c0d-e24c35975ca3
c79887d4-0fbb-4c5b-8cb9-73f34ee4b08c,,http://www.gencourt.state.nh.us/dynamicdatadump/RollCallSummary.txt?x=2022121204041670817705,ocd-vote/877f5703-f9dd-459f-9b1a-f30102d8d8a8
7d0183c9-b764-4a5c-988e-e3570fbbb3da,,http://www.gencourt.state.nh.us/dynamicdatadump/RollCallSummary.txt?x=2022121204041670817705,ocd-vote/ed3fb91b-ac03-4a3a-a628-005b35180cc5
2701921b-d834-401b-8f62-f5304960206e,,http://www.gencourt.state.nh.us/dynamicdatadump/RollCallSummary.txt?x=2022121204041670817705,ocd-vote/48b3470d-127c-4647-8d0f-7defe65cba73
f7c017d9-7d95-47e5-bd99-b44dc63b2598,,http://www.gencourt.state.nh.us/dynamicdatadump/RollCallSummary.txt?x=2022121204041670817705,ocd-vote/48655400-982d-40fe-a714-674b24f9b410
b7212e40-34ca-4c14-8009-2fb491497e7c,,http://www.gencourt.state.nh.us/dynamicdatadump/RollCallSummary.txt?x=2022121204041670817705,ocd-vote/3572889d-df34-4fea-b201-36af90aa944f
421aabcd-a4cb-4878-9a4b-f3332c94cdae,,http://www.gencourt.state.nh.us/dynamicdatadump/RollCallSummary.txt?x=2022121204041670817705,ocd-vote/b0e79182-d38f-473f-9c3d-d26746035313
c46c312f-7688-48d0-a569-66af00193557,,http://www.gencourt.state.nh.us/dynamicdatadump/RollCallSummary.txt?x=2022121204041670817705,ocd-vote/04ea55fa-6b66-4ec0-b8bf-95a29f69f5bc
e4eb3f81-7498-4458-bfb9-40bcfcbcf32a,,http://www.gencourt.state.nh.us/dynamicdatadump/RollCallSummary.txt?x=2022121204041670817705,ocd-vote/b644242b-2e39-404d-af9a-e424d5bac667
4fd75df5-9907-4ba8-bafa-ba5477d0562f,,http://www.gencourt.state.nh.us/dynamicdatadump/RollCallSummary.txt?x=2022121204041670817705,ocd-vote/5b871446-6be2-48e1-9a6d-3089fd631da6
a67c8184-eef5-4898-8926-a332d1419467,,http://www.gencourt.state.nh.us/dynamicdatadump/RollCallSummary.txt?x=2022121204041670817705,ocd-vote/4d973287-5f36-41a3-b4a3-8c21f1ef4d7a
5e27bc8b-d165-4b36-a59e-42b86a9b4f6f,,http://www.gencourt.state.nh.us/dynamicdatadump/RollCallSummary.txt?x=2022121204041670817705,ocd-vote/b86f7d56-4efe-418b-a61c-55aeea89e14d
35a8a8bf-b6ac-4b25-8596-6514c325daf9,,http://www.gencourt.state.nh.us/dynamicdatadump/RollCallSummary.txt?x=2022121204041670817705,ocd-vote/1bdbad9a-2c74-4b56-bf78-2c0601706706
41a150df-a003-4932-aaef-93d1bbc5523f,,http://www.gencourt.state.nh.us/dynamicdatadump/RollCallSummary.txt?x=2022121204041670817705,ocd-vote/70c071ff-c4f3-402c-a780-3cfe0ba57142
eb4b1377-ee7e-441d-b113-7e8b66a130ad,,http://www.gencourt.state.nh.us/dynamicdatadump/RollCallSummary.txt?x=2022121204041670817705,ocd-vote/02c1ed8f-78e9-43c6-b43f-7b8f114ddb39
a3779955-0965-4ba2-944e-9c4bb3f63431,,http://www.gencourt.state.nh.us/dynamicdatadump/RollCallSummary.txt?x=2022121204041670817705,ocd-vote/073ef176-269b-44d0-aae3-c35fdc1eb88e
3aee4a1e-6f95-4eb3-a802-50e138478453,,http://www.gencourt.state.nh.us/dynamicdatadump/RollCallSummary.txt?x=2022121204041670817705,ocd-vote/7452364d-6b40-4649-93ac-cc95775debdd
a3c04ff1-b081-445c-8714-8677b5276b33,,http://www.gencourt.state.nh.us/dynamicdatadump/RollCallSummary.txt?x=2022121204041670817705,ocd-vote/23518e39-3585-444a-8695-0eeaf70fb704
6fdfb7a1-f6ae-4129-b0ac-8439f03b2214,,http://www.gencourt.state.nh.us/dynamicdatadump/RollCallSummary.txt?x=2022121204041670817705,ocd-vote/a0d7938c-3d7d-4f40-a340-a0a99e7691ab
c637ad77-abdd-49c7-9b72-170317653eec,,http://www.gencourt.state.nh.us/dynamicdatadump/RollCallSummary.txt?x=2022121204041670817705,ocd-vote/762bf84e-010f-40a8-8667-25881a1b213f
633f40c5-cacd-4ede-baff-dd67d0c954bd,,http://www.gencourt.state.nh.us/dynamicdatadump/RollCallSummary.txt?x=2022121204041670817705,ocd-vote/0826d857-050b-44b7-b107-c1823f4ed3ed
f91fe96f-8d2f-4dac-9a13-141747f8d399,,http://www.gencourt.state.nh.us/dynamicdatadump/RollCallSummary.txt?x=2022121204041670817705,ocd-vote/f8abeb20-dce9-4653-b23c-9f41365c9c36
9fa59c73-03a0-4ab6-a71d-7dbc40243946,,http://www.gencourt.state.nh.us/dynamicdatadump/RollCallSummary.txt?x=2022121204041670817705,ocd-vote/4713e09a-ed93-4fe2-bbbd-642c01d221c3
eb2e7492-063a-4ecf-9fc3-403fa92fe951,,http://www.gencourt.state.nh.us/dynamicdatadump/RollCallSummary.txt?x=2022121204041670817705,ocd-vote/18b422cf-8436-4168-b624-606f0511a167
cccb4bc7-39a2-4f30-bc79-6dec5a1c4679,,http://www.gencourt.state.nh.us/dynamicdatadump/RollCallSummary.txt?x=2022121204041670817705,ocd-vote/b350b8a2-63c7-491a-9fb6-6d7124a37673
4acf4620-494b-4626-8829-d0345201810f,,http://www.gencourt.state.nh.us/dynamicdatadump/RollCallSummary.txt?x=2022121204041670817705,ocd-vote/42318a00-9467-4420-b816-34a2803051f9
00a8280e-287d-47fe-b22d-71e4f00d37e4,,http://www.gencourt.state.nh.us/dynamicdatadump/RollCallSummary.txt?x=2022121204041670817705,ocd-vote/0e33992e-bffb-4b08-826d-04688380f2e9
3873ec9c-51e9-44da-bd33-e20a0755a6e3,,http://www.gencourt.state.nh.us/dynamicdatadump/RollCallSummary.txt?x=2022121204041670817705,ocd-vote/12f503ed-3c77-497f-8024-13eaef8591ab
f22f862e-286a-47b8-8de6-87878d6d3317,,http://www.gencourt.state.nh.us/dynamicdatadump/RollCallSummary.txt?x=2022121204041670817705,ocd-vote/594d0ab5-2233-454f-a1d7-bf0843a7cd89
f2b3419d-dca6-4b0e-b3cb-c6d8b5a511bd,,http://www.gencourt.state.nh.us/dynamicdatadump/RollCallSummary.txt?x=2022121204041670817705,ocd-vote/5abd7891-b759-4506-94c0-8a8a86077a10
6206ade2-c57c-475b-b7b4-1ec61c790915,,http://www.gencourt.state.nh.us/dynamicdatadump/RollCallSummary.txt?x=2022121204041670817705,ocd-vote/0e18dae8-7e47-40ce-a4be-2d15252d3164
333e9342-ab0c-42cb-b73a-b705b3e3fdb9,,http://www.gencourt.state.nh.us/dynamicdatadump/RollCallSummary.txt?x=2022121204041670817705,ocd-vote/7f737cc4-4bd9-42a2-89b3-70241f6503a5
bf928396-7f09-40a9-bd13-4a8c33b37520,,http://www.gencourt.state.nh.us/dynamicdatadump/RollCallSummary.txt?x=2022121204041670817705,ocd-vote/11d0ff29-8f23-4d00-b0df-e1e5c1131aed
61ba9920-f909-434a-ae10-dc757be0743e,,http://www.gencourt.state.nh.us/dynamicdatadump/RollCallSummary.txt?x=2022121204041670817705,ocd-vote/38eaffeb-b3ab-4637-83c9-70c7c0fe0074
0a9528dc-996c-410a-89f8-159e53f255e8,,http://www.gencourt.state.nh.us/dynamicdatadump/RollCallSummary.txt?x=2022121204041670817705,ocd-vote/d2f4275e-d438-4b95-a408-707e0fbccec0
5d29afec-72b7-4827-be34-2c2d207cce2a,,http://www.gencourt.state.nh.us/dynamicdatadump/RollCallSummary.txt?x=2022121204041670817705,ocd-vote/be99f587-5405-477a-9f50-58546ced4e84
95dfa887-3571-4f69-b169-4bd63a03da9c,,http://www.gencourt.state.nh.us/dynamicdatadump/RollCallSummary.txt?x=2022121204041670817705,ocd-vote/c0548544-13cc-4a27-bddd-f5dcb42b8491
234fa586-67dd-4fc7-86dd-3cd3b1456c54,,http://www.gencourt.state.nh.us/dynamicdatadump/RollCallSummary.txt?x=2022121204041670817705,ocd-vote/ce7af217-76fc-4497-a597-48ed9208196c
05206e7a-da63-445f-b6b7-3e890834ab85,,http://www.gencourt.state.nh.us/dynamicdatadump/RollCallSummary.txt?x=2022121204041670817705,ocd-vote/0121de81-3d26-47d5-abde-39ae851cc2ea
0270c1c1-c2f4-4260-af9d-4a5ae9d0afc5,,http://www.gencourt.state.nh.us/dynamicdatadump/RollCallSummary.txt?x=2022121204041670817705,ocd-vote/d373538c-74aa-432c-a5d3-aa9f062b4a02
cbc09c17-9e98-490e-81a0-73037af7bb38,,http://www.gencourt.state.nh.us/dynamicdatadump/RollCallSummary.txt?x=2022121204041670817705,ocd-vote/fb9a6e45-6b7e-4ce5-ad2c-0c3bb470f0fd
d50f052c-f035-4da9-8075-9f39e894ed32,,http://www.gencourt.state.nh.us/dynamicdatadump/RollCallSummary.txt?x=2022121204041670817705,ocd-vote/3e63e858-2c9d-460b-8d89-0f1787bc1ed4
180ace94-52d4-42fd-8b79-b658becd36ea,,http://www.gencourt.state.nh.us/dynamicdatadump/RollCallSummary.txt?x=2022121204041670817705,ocd-vote/cad7cd90-494d-4c70-a570-8d239a8cd077
6de24f74-621e-491f-a7e5-bb4739779355,,http://www.gencourt.state.nh.us/dynamicdatadump/RollCallSummary.txt?x=2022121204041670817705,ocd-vote/1d32018b-ddc4-4d06-b440-118bae5e02a3
6f44c106-b547-4fa5-9f77-1cb1fab7a79e,,http://www.gencourt.state.nh.us/dynamicdatadump/RollCallSummary.txt?x=2022121204041670817705,ocd-vote/a283096b-f842-4323-8101-777d9c49f246
ce64d476-60a2-4771-8a8f-12f232e37f90,,http://www.gencourt.state.nh.us/dynamicdatadump/RollCallSummary.txt?x=2022121204041670817705,ocd-vote/c55bd6ff-4b17-4b64-9f86-00731f8bed15
fe6d1d89-eb6a-4e98-87df-fc161660764a,,http://www.gencourt.state.nh.us/dynamicdatadump/RollCallSummary.txt?x=2022121204041670817705,ocd-vote/88a79a34-e2d7-4049-96ac-746196ae1a68
93907641-164b-4bcf-a610-04f0e4417b47,,http://www.gencourt.state.nh.us/dynamicdatadump/RollCallSummary.txt?x=2022121204041670817705,ocd-vote/0c7181bf-3a6a-4165-af46-66ac13c586c7
9a118357-3581-4ba9-9017-f80364b09a12,,http://www.gencourt.state.nh.us/dynamicdatadump/RollCallSummary.txt?x=2022121204041670817705,ocd-vote/1af285d1-1f5f-4907-8470-a2e982b4a0f4
24a5b3ba-b35d-4958-922a-fd0972e2a1d0,,http://www.gencourt.state.nh.us/dynamicdatadump/RollCallSummary.txt?x=2022121204041670817705,ocd-vote/e26bbc54-dae7-46c5-96b6-85196c658560
b5f62703-3949-4bd4-93b6-c8437ad9ed5e,,http://www.gencourt.state.nh.us/dynamicdatadump/RollCallSummary.txt?x=2022121204041670817705,ocd-vote/a3ee9781-6b60-45dc-beec-fa2c1186527f
7b52e864-a19b-491d-a015-1856b6142950,,http://www.gencourt.state.nh.us/dynamicdatadump/RollCallSummary.txt?x=2022121204041670817705,ocd-vote/0e296d27-f883-4155-b665-b601b9bebc2c
7a5da935-83e5-4c14-84b0-a5f31f7149ea,,http://www.gencourt.state.nh.us/dynamicdatadump/RollCallSummary.txt?x=2022121204041670817705,ocd-vote/6f2f0ed2-c49a-4481-8f66-1f76e0dd6916
3bb98610-394b-4fd1-b327-aa46e53bbf05,,http://www.gencourt.state.nh.us/dynamicdatadump/RollCallSummary.txt?x=2022121204041670817705,ocd-vote/ec04574d-1c66-4858-b00c-187b59b280f7
700e1ddb-0f9f-4f14-8a3d-d309fc8933e8,,http://www.gencourt.state.nh.us/dynamicdatadump/RollCallSummary.txt?x=2022121204041670817705,ocd-vote/93b9dc4e-42d8-44f8-99d9-966a7abefb5e
bffbcebd-0694-421c-b49f-92188000b14f,,http://www.gencourt.state.nh.us/dynamicdatadump/RollCallSummary.txt?x=2022121204041670817705,ocd-vote/dd231a3d-7db5-494e-a5e2-2a807e47ac43
ffd4328e-547d-42d6-95d2-31e67632438d,,http://www.gencourt.state.nh.us/dynamicdatadump/RollCallSummary.txt?x=2022121204041670817705,ocd-vote/2be89a6d-0a20-470e-ae23-8e0eaf862d75
3e37aef3-bdf8-4f19-b934-4006d3607f2e,,http://www.gencourt.state.nh.us/dynamicdatadump/RollCallSummary.txt?x=2022121204041670817705,ocd-vote/91ec7ada-b340-403e-a981-f2c9e766726f
34470bc8-5117-4668-9a84-e1450ac9fa9a,,http://www.gencourt.state.nh.us/dynamicdatadump/RollCallSummary.txt?x=2022121204041670817705,ocd-vote/efd3b793-a535-451f-aa47-74e7ed027a29
d151d8c5-2977-4580-82ef-7c8b9afe8783,,http://www.gencourt.state.nh.us/dynamicdatadump/RollCallSummary.txt?x=2022121204041670817705,ocd-vote/850399dd-91c3-4bf2-bfac-50502e1acc31
589cfe9f-ed50-4465-9809-e0c1850efb6a,,http://www.gencourt.state.nh.us/dynamicdatadump/RollCallSummary.txt?x=2022121204041670817705,ocd-vote/7df343da-ba61-474d-a652-fc7f3e205538
9684367b-b13b-4d45-b609-1d2ce7702b93,,http://www.gencourt.state.nh.us/dynamicdatadump/RollCallSummary.txt?x=2022121204041670817705,ocd-vote/6c801d76-08e8-45d9-ac79-8c9e0740aa43
ae2c92c0-8328-44d9-9307-afd421f67ace,,http://www.gencourt.state.nh.us/dynamicdatadump/RollCallSummary.txt?x=2022121204041670817705,ocd-vote/af8e279c-0455-4beb-9cec-5e894b86bfce
efb879d4-889f-4201-b64f-ae8ec1ad0940,,http://www.gencourt.state.nh.us/dynamicdatadump/RollCallSummary.txt?x=2022121204041670817705,ocd-vote/4936778a-b9f9-4387-80b0-6872fa4f5dda
47881b18-e55b-4ac9-bf3f-2d3b6317dbff,,http://www.gencourt.state.nh.us/dynamicdatadump/RollCallSummary.txt?x=2022121204041670817705,ocd-vote/6f4c9d02-548a-4276-b02e-35c315c1f79e
96cfed2b-af9c-469b-9f10-61563714d023,,http://www.gencourt.state.nh.us/dynamicdatadump/RollCallSummary.txt?x=2022121204041670817705,ocd-vote/4cd10982-6b09-4eda-a77e-810e4f9cd6ba
f5edd7b7-7070-41aa-a3f9-7225eed82551,,http://www.gencourt.state.nh.us/dynamicdatadump/RollCallSummary.txt?x=2022121204041670817705,ocd-vote/9ce5d4b7-01ab-49ca-964d-2dc7be3c4f37
b4fc6312-00b7-40e1-a11f-31f430185486,,http://www.gencourt.state.nh.us/dynamicdatadump/RollCallSummary.txt?x=2022121204041670817705,ocd-vote/db94f242-c9e7-48a2-a7bd-a01c3aa96f31
c325a474-7cbe-43b7-9654-cc86478435e5,,http://www.gencourt.state.nh.us/dynamicdatadump/RollCallSummary.txt?x=2022121204041670817705,ocd-vote/2f756d47-a0f3-40bd-b6e3-1632933d9ed9
cdb20cc4-7441-4efc-9f46-66164e75fbd3,,http://www.gencourt.state.nh.us/dynamicdatadump/RollCallSummary.txt?x=2022121204041670817705,ocd-vote/f3aade70-caaa-40f0-9c48-7c6267093df7
86578b05-60e2-45cc-8b04-104a624122e9,,http://www.gencourt.state.nh.us/dynamicdatadump/RollCallSummary.txt?x=2022121204041670817705,ocd-vote/a9623f90-11c2-4a8f-bad8-b386fc962780
b96480d4-4423-4f3c-a28e-81bcb6d2a9cc,,http://www.gencourt.state.nh.us/dynamicdatadump/RollCallSummary.txt?x=2022121204041670817705,ocd-vote/26d2b6d3-5c89-44c0-9f68-2021e1d247e6
3e2258ee-5da0-4b42-9306-2017fd85bc86,,http://www.gencourt.state.nh.us/dynamicdatadump/RollCallSummary.txt?x=2022121204041670817705,ocd-vote/d77ad704-7e04-44a5-8dcd-ff411d7fb6ef
b3ee2856-b939-4720-8891-9a7d3d701813,,http://www.gencourt.state.nh.us/dynamicdatadump/RollCallSummary.txt?x=2022121204041670817705,ocd-vote/afd181a3-679e-4487-8c9a-2900d7fe59d5
d19fff9e-b8fc-47de-9e32-7ddc3060e814,,http://www.gencourt.state.nh.us/dynamicdatadump/RollCallSummary.txt?x=2022121204041670817705,ocd-vote/9bfc4d4d-0422-45cf-b06f-5652a232e0e2
081cf0ca-4f4b-4ffc-a06f-f9302b38432c,,http://www.gencourt.state.nh.us/dynamicdatadump/RollCallSummary.txt?x=2022121204041670817705,ocd-vote/fbcaca84-6d4c-4e14-b9b2-462a924c390e
9bf2e22a-2881-4d3a-9866-c72f714d9a96,,http://www.gencourt.state.nh.us/dynamicdatadump/RollCallSummary.txt?x=2022121204041670817705,ocd-vote/3b04d261-668f-4be9-bf9e-cb43d8002bf3
a9c402d9-dc38-4289-a2c0-9022e55f3c91,,http://www.gencourt.state.nh.us/dynamicdatadump/RollCallSummary.txt?x=2022121204041670817705,ocd-vote/0ea9c456-570f-4a29-a45e-452dbde01ad9
3849a6f5-e47c-4e58-aaf5-dac78869eccc,,http://www.gencourt.state.nh.us/dynamicdatadump/RollCallSummary.txt?x=2022121204041670817705,ocd-vote/b6befaca-c342-4b5c-ac51-69b0859dfc70
a9de3eff-4e3a-427d-a8bc-9a9e97bcc106,,http://www.gencourt.state.nh.us/dynamicdatadump/RollCallSummary.txt?x=2022121204041670817705,ocd-vote/e7d1f343-3fab-4d1f-99b8-570f74b05309
5f3d5bc6-07e9-4b08-9b77-100b93c701a7,,http://www.gencourt.state.nh.us/dynamicdatadump/RollCallSummary.txt?x=2022121204041670817705,ocd-vote/ce0ee799-b6d4-47e4-a880-b65cb4306de6
6b71ab20-3292-4c0e-8ac8-04c778cfe49a,,http://www.gencourt.state.nh.us/dynamicdatadump/RollCallSummary.txt?x=2022121204041670817705,ocd-vote/f1d96a0b-6940-4c05-88f3-fb8f41109c25
61d32567-9c39-4e62-bc22-0923c894c830,,http://www.gencourt.state.nh.us/dynamicdatadump/RollCallSummary.txt?x=2022121204041670817705,ocd-vote/41c155f6-7779-472c-9a8f-2febf9bbe906
bc3fa6d0-70f3-49be-a614-0be2c3984425,,http://www.gencourt.state.nh.us/dynamicdatadump/RollCallSummary.txt?x=2022121204041670817705,ocd-vote/3d4fee4b-2719-4449-9258-500b6c6f371d
67f4433b-2610-4951-9450-61b0ce9db2cc,,http://www.gencourt.state.nh.us/dynamicdatadump/RollCallSummary.txt?x=2022121204041670817705,ocd-vote/3e35f64d-b715-4b2c-aa68-56a52d4ca7b4
4ed9c409-9881-4562-9955-fbac0a0b5e91,,http://www.gencourt.state.nh.us/dynamicdatadump/RollCallSummary.txt?x=2022121204041670817705,ocd-vote/08ecd3b0-3985-4a62-a7f4-d6516a098005
401bc79a-475a-430c-bcd7-0d21260d5217,,http://www.gencourt.state.nh.us/dynamicdatadump/RollCallSummary.txt?x=2022121204041670817705,ocd-vote/1e7e5424-12b8-4bac-bd4c-80f5e11afede
0e2b642e-7b25-4ac0-b6bf-a3ee4916e477,,http://www.gencourt.state.nh.us/dynamicdatadump/RollCallSummary.txt?x=2022121204041670817705,ocd-vote/726fed6e-b86a-4b3b-9610-c4da64ad00ec
65ed0b24-4b3e-4d8a-af66-b0ef799e7d26,,http://www.gencourt.state.nh.us/dynamicdatadump/RollCallSummary.txt?x=2022121204041670817705,ocd-vote/910266aa-84c2-4c23-9ffa-dd727e7f7a60
c75aafe4-9a01-4e94-99ff-f9eca98e42ec,,http://www.gencourt.state.nh.us/dynamicdatadump/RollCallSummary.txt?x=2022121204041670817705,ocd-vote/4f5c8172-a3f4-4b6e-90d2-a3f13dc3a83c
bd4cde28-435c-429d-aa28-71587bf0f331,,http://www.gencourt.state.nh.us/dynamicdatadump/RollCallSummary.txt?x=2022121204041670817705,ocd-vote/f3cc44ed-376d-4cbb-a8ce-cd5c3e2dacc1
59c7be98-099a-42bc-b607-3e009f7cf1ef,,http://www.gencourt.state.nh.us/dynamicdatadump/RollCallSummary.txt?x=2022121204041670817705,ocd-vote/e9d8faf8-5351-4d96-9d0e-92c082a3e226
625fe63b-da91-4180-8684-cd98cd69ecb1,,http://www.gencourt.state.nh.us/dynamicdatadump/RollCallSummary.txt?x=2022121204041670817705,ocd-vote/c4f365df-6d5b-44a9-8869-da25964139d5
09e2edbc-93ef-461e-a773-6b84c2debfb8,,http://www.gencourt.state.nh.us/dynamicdatadump/RollCallSummary.txt?x=2022121204041670817705,ocd-vote/74b63092-cc12-4f2b-a76f-e874183e15b7
131f682c-13f7-4a4f-9924-5b83ef16cdb1,,http://www.gencourt.state.nh.us/dynamicdatadump/RollCallSummary.txt?x=2022121204041670817705,ocd-vote/f33723f6-ddce-49a6-b604-7879dbf58b6b
c0c89222-f4fc-4454-9745-0d2af56896c3,,http://www.gencourt.state.nh.us/dynamicdatadump/RollCallSummary.txt?x=2022121204041670817705,ocd-vote/b1a4e860-1218-4e09-845b-507cba8032a5
82e6163d-313c-4467-bb62-e36342ba0698,,http://www.gencourt.state.nh.us/dynamicdatadump/RollCallSummary.txt?x=2022121204041670817705,ocd-vote/26a4b6d7-c067-4437-979b-8421976568ba
e01b2143-cf5e-43c4-a01d-4815e4414cf3,,http://www.gencourt.state.nh.us/dynamicdatadump/RollCallSummary.txt?x=2022121204041670817705,ocd-vote/1c121b25-ca40-494f-badd-91708a858f5f
81915a82-fb4c-4c30-a2ec-bb44d84e7912,,http://www.gencourt.state.nh.us/dynamicdatadump/RollCallSummary.txt?x=2022121204041670817705,ocd-vote/0cdf190f-af84-40ab-ba41-c6fa5680c645
db608b81-5a16-4fc3-8f01-e3e3577e0e9a,,http://www.gencourt.state.nh.us/dynamicdatadump/RollCallSummary.txt?x=2022121204041670817705,ocd-vote/53be3797-ce85-46aa-ba43-6f66ad3c44e7
63e268c9-011c-457f-9101-f345e310e287,,http://www.gencourt.state.nh.us/dynamicdatadump/RollCallSummary.txt?x=2022121204041670817705,ocd-vote/c97f2a95-92c5-421f-9509-0405637a0cb2
3ae478a6-2d0b-45c4-b63c-b93926d9d9b2,,http://www.gencourt.state.nh.us/dynamicdatadump/RollCallSummary.txt?x=2022121204041670817705,ocd-vote/38f85175-3337-4436-bcf3-dd6d372b8088
0a7302c3-6e58-4597-b54e-eb4207fafb92,,http://www.gencourt.state.nh.us/dynamicdatadump/RollCallSummary.txt?x=2022121204041670817705,ocd-vote/c52523de-a033-4983-9f25-5a270ab14787
c03faab7-02bc-40b1-9a24-0c86c9a41b35,,http://www.gencourt.state.nh.us/dynamicdatadump/RollCallSummary.txt?x=2022121204041670817705,ocd-vote/73d4082e-6b27-49a3-aa67-553e465cf573
dd946ff5-2332-4716-ad13-3cd887ebf553,,http://www.gencourt.state.nh.us/dynamicdatadump/RollCallSummary.txt?x=2022121204041670817705,ocd-vote/c49d10e1-987d-42dd-944f-dbd84ed4725a
bfdb87d7-ec3d-4017-b17e-4015e42e8675,,http://www.gencourt.state.nh.us/dynamicdatadump/RollCallSummary.txt?x=2022121204041670817705,ocd-vote/95521d53-0b0a-4d9e-979a-c7b48673daa6
63bc0167-0a7d-4d56-8936-2a7f1da1c485,,http://www.gencourt.state.nh.us/dynamicdatadump/RollCallSummary.txt?x=2022121204041670817705,ocd-vote/da4cce2d-b937-4c4b-ac79-ce119e740dce
bf8cef9e-e126-4358-958c-a665d6f79aad,,http://www.gencourt.state.nh.us/dynamicdatadump/RollCallSummary.txt?x=2022121204041670817705,ocd-vote/1563aa8c-2149-41f7-ae04-134c298a7645
bac847f7-e274-4fa4-8ceb-386f98e190fc,,http://www.gencourt.state.nh.us/dynamicdatadump/RollCallSummary.txt?x=2022121204041670817705,ocd-vote/3a652e72-7513-46f7-a696-6b9e8333bc55
ebd3e98e-c14d-400d-b870-1954d4ee9740,,http://www.gencourt.state.nh.us/dynamicdatadump/RollCallSummary.txt?x=2022121204041670817705,ocd-vote/26f8a620-6daa-4540-9d79-3d008a44ff47
4877df59-3640-477e-b801-534e26668684,,http://www.gencourt.state.nh.us/dynamicdatadump/RollCallSummary.txt?x=2022121204041670817705,ocd-vote/a0f25366-cd7b-45da-8bcd-dbd24a26d836
2c35f905-7311-4508-a2e8-2572acd6dc39,,http://www.gencourt.state.nh.us/dynamicdatadump/RollCallSummary.txt?x=2022121204041670817705,ocd-vote/3715ffe5-b450-4629-bbee-362421d608bc
7db14e04-fbca-451f-a860-038e0b481b9c,,http://www.gencourt.state.nh.us/dynamicdatadump/RollCallSummary.txt?x=2022121204041670817705,ocd-vote/5986f324-a0bb-4eda-a85d-714b07668c61
555b4b1b-a01f-4150-9e06-9e3d97d45c80,,http://www.gencourt.state.nh.us/dynamicdatadump/RollCallSummary.txt?x=2022121204041670817705,ocd-vote/325ef1c2-0755-41de-8fff-bc217def2985
97153c2e-1ca8-42ee-b448-117ceddc1ade,,http://www.gencourt.state.nh.us/dynamicdatadump/RollCallSummary.txt?x=2022121204041670817705,ocd-vote/441619d5-c1d8-444b-8781-f14ddcbd4973
e2d06108-efc4-46e0-8cad-4bd7491921d0,,http://www.gencourt.state.nh.us/dynamicdatadump/RollCallSummary.txt?x=2022121204041670817705,ocd-vote/a01fc77f-249a-40f3-bd61-5303cdf105df
faae3b52-c7dc-4c23-9e73-7b491e990bb6,,http://www.gencourt.state.nh.us/dynamicdatadump/RollCallSummary.txt?x=2022121204041670817705,ocd-vote/7561b201-330f-46ab-b49c-392f2d7cde6a
74297f21-bce6-4063-a8e3-2e0ff71b484b,,http://www.gencourt.state.nh.us/dynamicdatadump/RollCallSummary.txt?x=2022121204041670817705,ocd-vote/a9ccf28e-2989-44a1-a826-1e6f871b2f05
ab9565fa-5115-468d-a5e9-3f6e4ffb9d19,,http://www.gencourt.state.nh.us/dynamicdatadump/RollCallSummary.txt?x=2022121204041670817705,ocd-vote/41c9b1a8-abac-4d55-80d2-01ab81062c75
1b7dbba7-c778-44d5-be4e-91fbd822a3b5,,http://www.gencourt.state.nh.us/dynamicdatadump/RollCallSummary.txt?x=2022121204041670817705,ocd-vote/32a30bc5-cca1-4ff8-bfb8-4d4ab8b76ab9
ac05b2c2-7ecd-4985-9466-e0c3fed66413,,http://www.gencourt.state.nh.us/dynamicdatadump/RollCallSummary.txt?x=2022121204041670817705,ocd-vote/23bc356c-7bba-45a1-9b0f-1a77b2efe438
a80707a2-78cf-4e5f-bed4-92606d04c355,,http://www.gencourt.state.nh.us/dynamicdatadump/RollCallSummary.txt?x=2022121204041670817705,ocd-vote/a9c35675-bfc8-4a8b-b70c-2d025760ec47
f5a2c9f3-1f4d-4de3-ba60-2111e7be95fb,,http://www.gencourt.state.nh.us/dynamicdatadump/RollCallSummary.txt?x=2022121204041670817705,ocd-vote/bd669d4b-dab8-4a89-bca8-33d05043d23b
2f414347-bcd7-4082-a128-643b59b7593e,,http://www.gencourt.state.nh.us/dynamicdatadump/RollCallSummary.txt?x=2022121204041670817705,ocd-vote/cf9813e0-179e-41a5-8760-eb82ed672cd5
3e5d6f78-a4e3-4f3c-93e1-e361114ae47d,,http://www.gencourt.state.nh.us/dynamicdatadump/RollCallSummary.txt?x=2022121204041670817705,ocd-vote/1d38a0e1-3f96-4397-9e9a-013764a79de0
9f1154fe-a4e9-480f-af83-9fdc13b05bdc,,http://www.gencourt.state.nh.us/dynamicdatadump/RollCallSummary.txt?x=2022121204041670817705,ocd-vote/d5bd0086-b4e9-40ed-a0bf-fa41ea7e4022
ac3d1067-e847-4426-ac24-01d6ba4d87cd,,http://www.gencourt.state.nh.us/dynamicdatadump/RollCallSummary.txt?x=2022121204041670817705,ocd-vote/56fc1df2-c881-47a1-961f-c33a32b63882
7a6e72d1-4723-49d1-9857-d56debc08055,,http://www.gencourt.state.nh.us/dynamicdatadump/RollCallSummary.txt?x=2022121204041670817705,ocd-vote/ac6d99e0-9dcf-4ecf-b255-544d05de6e89
11750905-e825-47d8-b661-7f50a11bd4cb,,http://www.gencourt.state.nh.us/dynamicdatadump/RollCallSummary.txt?x=2022121204041670817705,ocd-vote/b298b9fe-4131-4fe5-872a-495961c1a895
7c961d48-6955-4678-ab9e-b0c4d50c6792,,http://www.gencourt.state.nh.us/dynamicdatadump/RollCallSummary.txt?x=2022121204041670817705,ocd-vote/0ac1b8bc-99b0-4159-8ce6-dc8bbae736b6
ec96e129-d492-4d1f-96d0-e3f4e2beef86,,http://www.gencourt.state.nh.us/dynamicdatadump/RollCallSummary.txt?x=2022121204041670817705,ocd-vote/9436ab08-b163-4119-b801-47e369866c66
cb9f6d04-3710-4b8d-84c5-ba1d178fdda8,,http://www.gencourt.state.nh.us/dynamicdatadump/RollCallSummary.txt?x=2022121204041670817705,ocd-vote/96b3ddff-484b-4122-b77c-ca2b3782bab4
c2f08950-bf9b-4f44-bd4f-621c904395c0,,http://www.gencourt.state.nh.us/dynamicdatadump/RollCallSummary.txt?x=2022121204041670817705,ocd-vote/27bbfb57-6773-470c-86e9-0c9b20c19b18
8d5611d2-9d26-40eb-bf42-d13092b41f59,,http://www.gencourt.state.nh.us/dynamicdatadump/RollCallSummary.txt?x=2022121204041670817705,ocd-vote/f27eff49-caa8-4513-875a-3ce24607f3c5
cf3c84c3-2e3a-4483-818f-f042dba5b1f3,,http://www.gencourt.state.nh.us/dynamicdatadump/RollCallSummary.txt?x=2022121204041670817705,ocd-vote/1ba4c7ec-cd14-44c2-a367-36d4bb690f52
27f15062-ee4f-4cbb-83a2-0ce92a67f581,,http://www.gencourt.state.nh.us/dynamicdatadump/RollCallSummary.txt?x=2022121204041670817705,ocd-vote/21e3eb4f-ddb8-478a-ab11-8089b0311c27
17112c39-c17c-4401-99b3-5443e8763a84,,http://www.gencourt.state.nh.us/dynamicdatadump/RollCallSummary.txt?x=2022121204041670817705,ocd-vote/c17191af-4532-4616-8c7a-577b77dd7b5d
44707861-bf93-4944-ae66-fa38175fcfb7,,http://www.gencourt.state.nh.us/dynamicdatadump/RollCallSummary.txt?x=2022121204041670817705,ocd-vote/83ff5b8b-73eb-4d70-89f2-623d48896fd7
778645d4-3b1c-4d33-8a37-b2163c2e3f2e,,http://www.gencourt.state.nh.us/dynamicdatadump/RollCallSummary.txt?x=2022121204041670817705,ocd-vote/6fc1b2d5-02ec-4ec0-be7f-c7be870599f4
118289da-5f43-45b0-9c28-90e1a25b2f68,,http://www.gencourt.state.nh.us/dynamicdatadump/RollCallSummary.txt?x=2022121204041670817705,ocd-vote/13027c42-e548-4fb3-bac8-9c1377f06adb
ea9cea19-764c-4800-a7ed-6468311abae3,,http://www.gencourt.state.nh.us/dynamicdatadump/RollCallSummary.txt?x=2022121204041670817705,ocd-vote/ce482731-78f9-49cc-9952-278c96bab87a
a37633fe-b254-4020-b92f-0a2424fb8bac,,http://www.gencourt.state.nh.us/dynamicdatadump/RollCallSummary.txt?x=2022121204041670817705,ocd-vote/8ab2dd93-b8aa-4e9d-89a2-bdc663baf985
48e56e0b-fd5f-488b-8262-584569bd2ec7,,http://www.gencourt.state.nh.us/dynamicdatadump/RollCallSummary.txt?x=2022121204041670817705,ocd-vote/5fd13d08-2116-4da9-886f-a6f47a14a68c
5e1c2472-342d-4750-915b-92bde41e1ef3,,http://www.gencourt.state.nh.us/dynamicdatadump/RollCallSummary.txt?x=2022121204041670817705,ocd-vote/4b919e5e-72f3-4437-aa0c-51dc5d90e4ee
b549bf9b-acec-407e-a0c7-fc328d57e46c,,http://www.gencourt.state.nh.us/dynamicdatadump/RollCallSummary.txt?x=2022121204041670817705,ocd-vote/9ef674a7-df9f-4e0a-9ada-0bd750526e2d
39b429c7-d3c1-4a21-b66b-69b59d667447,,http://www.gencourt.state.nh.us/dynamicdatadump/RollCallSummary.txt?x=2022121204041670817705,ocd-vote/34c083ab-cf2d-40d0-a26c-dc8794ea2182
29dd9e33-f58c-40e7-8cfa-86f61b5f2ce3,,http://www.gencourt.state.nh.us/dynamicdatadump/RollCallSummary.txt?x=2022121204041670817705,ocd-vote/47308720-2fc5-4531-965e-3316f4ee0336
f7d91b8e-8593-4527-a338-345f79ffc4b6,,http://www.gencourt.state.nh.us/dynamicdatadump/RollCallSummary.txt?x=2022121204041670817705,ocd-vote/9de9e56b-bdab-4729-b35d-8cf59ee2c81a
68500d9e-0578-498d-8f44-d40d43c6168e,,http://www.gencourt.state.nh.us/dynamicdatadump/RollCallSummary.txt?x=2022121204041670817705,ocd-vote/19b97964-2d44-4cd3-bbb6-6198375bb598
24414e67-2147-4b06-841c-24ac7e88d2d1,,http://www.gencourt.state.nh.us/dynamicdatadump/RollCallSummary.txt?x=2022121204041670817705,ocd-vote/2b6a6bc6-17cc-45d6-bc40-5b8ad253fc33
ee57da11-1f79-4f39-aa26-c17077140ee7,,http://www.gencourt.state.nh.us/dynamicdatadump/RollCallSummary.txt?x=2022121204041670817705,ocd-vote/89897a56-a5a1-47aa-b074-322caed00c14
15ff8acb-1fb3-4942-8ed3-73f128186692,,http://www.gencourt.state.nh.us/dynamicdatadump/RollCallSummary.txt?x=2022121204041670817705,ocd-vote/5f821371-e1e8-4cf4-b5a8-00810af41b55
aa562e91-14b4-4770-8c24-0b81c9db89ae,,http://www.gencourt.state.nh.us/dynamicdatadump/RollCallSummary.txt?x=2022121204041670817705,ocd-vote/e44bea6e-d1bc-4d6b-a35f-5ac04af8f04c
dd15baf9-1c18-4f0c-a074-f4ebd65c75b6,,http://www.gencourt.state.nh.us/dynamicdatadump/RollCallSummary.txt?x=2022121204041670817705,ocd-vote/b1ba4180-ac67-48d7-a14c-74e2ccdaf026
69fc22e0-b588-4ad0-b623-421d9cbda522,,http://www.gencourt.state.nh.us/dynamicdatadump/RollCallSummary.txt?x=2022121204041670817705,ocd-vote/f63ceb8e-6502-4ae7-8145-6f24514426f8
