id,identifier,motion_text,motion_classification,start_date,result,organization_id,bill_id,bill_action_id,jurisdiction,session_identifier
ocd-vote/480b686f-0234-4e23-bea4-81512c94b5f3,,Inexpedient to Legislate,['passage'],2020-01-08T00:00:00-05:00,pass,ocd-organization/c95932a0-2ac1-4f14-a0c4-ade8568daac6,ocd-bill/89079530-0b80-4263-8ccc-b72a8f9b127d,,New Hampshire,2020
ocd-vote/72590350-1039-4f28-8275-bcc0d46adda0,,Ought to Pass w/Amendment,['passage'],2020-01-08T00:00:00-05:00,pass,ocd-organization/c95932a0-2ac1-4f14-a0c4-ade8568daac6,ocd-bill/e035c2b6-b63b-430a-936a-caded7df4d57,,New Hampshire,2020
ocd-vote/bf37ac4c-3c8a-478f-98c2-f85d7ac9f732,,Floor Amendment 0022s,['passage'],2020-01-08T00:00:00-05:00,pass,ocd-organization/c95932a0-2ac1-4f14-a0c4-ade8568daac6,ocd-bill/ff4a94fb-42d5-4dd4-99f1-dc291ebb6d3c,,New Hampshire,2020
ocd-vote/8c022761-67d3-42d7-b8e8-29d93fe00255,,Laid on Table,['passage'],2020-01-08T00:00:00-05:00,pass,ocd-organization/c95932a0-2ac1-4f14-a0c4-ade8568daac6,ocd-bill/ce2e44d8-3a7a-423d-8125-5b94a23ccccb,,New Hampshire,2020
ocd-vote/8bb750eb-7c1c-4f4f-a95b-0cb4f6e4508c,,Ought to Pass w/Amendment,['passage'],2020-01-08T00:00:00-05:00,pass,ocd-organization/c95932a0-2ac1-4f14-a0c4-ade8568daac6,ocd-bill/9d919a33-52d2-4462-aaca-b8871a2bb9db,,New Hampshire,2020
ocd-vote/38f78141-b191-4cfa-8ef1-9dea763afb8b,,Ought to Pass w/Amendment,['passage'],2020-01-08T00:00:00-05:00,pass,ocd-organization/c95932a0-2ac1-4f14-a0c4-ade8568daac6,ocd-bill/ff4a94fb-42d5-4dd4-99f1-dc291ebb6d3c,,New Hampshire,2020
ocd-vote/be285a50-4af4-4916-9a9e-b17cfc952af5,,Ought to Pass w/Amendment,['passage'],2020-01-08T00:00:00-05:00,pass,ocd-organization/c95932a0-2ac1-4f14-a0c4-ade8568daac6,ocd-bill/ff4a94fb-42d5-4dd4-99f1-dc291ebb6d3c,,New Hampshire,2020
ocd-vote/e5ac6270-7419-4e71-a8bf-f5071a77b8ce,,Inexpedient to Legislate,['passage'],2020-01-08T00:00:00-05:00,pass,ocd-organization/c95932a0-2ac1-4f14-a0c4-ade8568daac6,ocd-bill/a0e7689e-e691-419b-9f25-c997d26843e6,,New Hampshire,2020
ocd-vote/2c38cd38-6638-4f7e-8544-0b3b44534205,,OTPA,['passage'],2020-01-08T10:58:51-05:00,pass,ocd-organization/3b857974-4029-4508-94d4-ce3b86c64602,ocd-bill/b6812cb0-dcc0-4c12-810f-f22eb4c23dec,,New Hampshire,2020
ocd-vote/9d54a1ea-1f8a-4005-95f5-0ecb08df7ffb,,OTP,['passage'],2020-01-08T11:08:11-05:00,pass,ocd-organization/3b857974-4029-4508-94d4-ce3b86c64602,ocd-bill/2420b214-7e64-4b57-8820-dab3da557603,,New Hampshire,2020
ocd-vote/5a3a7eb6-1816-4d54-aa65-b106eedf4931,,Adopt Amendment,['passage'],2020-01-08T11:44:48-05:00,pass,ocd-organization/3b857974-4029-4508-94d4-ce3b86c64602,ocd-bill/22eb6e99-8fb0-40e9-8cb4-42b4fa371ff7,,New Hampshire,2020
ocd-vote/efc2f845-9dc0-4352-84ea-21551a2215f8,,OTPA,['passage'],2020-01-08T12:20:16-05:00,pass,ocd-organization/3b857974-4029-4508-94d4-ce3b86c64602,ocd-bill/22eb6e99-8fb0-40e9-8cb4-42b4fa371ff7,,New Hampshire,2020
ocd-vote/2fbf5cdd-11c3-44d4-bcc8-e0f53347c5e1,,OTPA,['passage'],2020-01-08T13:48:40-05:00,pass,ocd-organization/3b857974-4029-4508-94d4-ce3b86c64602,ocd-bill/461bf845-1bb9-44af-b5ab-a779acaafb9d,,New Hampshire,2020
ocd-vote/4c6fe17b-1b0d-443f-865d-cc765d4d8546,,OTPA,['passage'],2020-01-08T14:04:09-05:00,pass,ocd-organization/3b857974-4029-4508-94d4-ce3b86c64602,ocd-bill/11b6b3c1-3209-4b01-bf6a-d0f0aa21e09f,,New Hampshire,2020
ocd-vote/1156428a-0dcf-47eb-90a2-da4c6ef88e70,,OTPA,['passage'],2020-01-08T14:11:56-05:00,pass,ocd-organization/3b857974-4029-4508-94d4-ce3b86c64602,ocd-bill/c150cdf9-6c06-4a96-9808-7cf6acbc54dc,,New Hampshire,2020
ocd-vote/1e6c7496-bd66-4e76-99fe-4694a5492de0,,OTPA,['passage'],2020-01-08T14:24:40-05:00,pass,ocd-organization/3b857974-4029-4508-94d4-ce3b86c64602,ocd-bill/afcea61e-364b-408b-a52e-27541e4622d9,,New Hampshire,2020
ocd-vote/50469c03-ce72-4def-89bb-78f0ef255647,,OTPA,['passage'],2020-01-08T14:39:53-05:00,pass,ocd-organization/3b857974-4029-4508-94d4-ce3b86c64602,ocd-bill/f3dd3e3e-bcf1-4dfe-8097-2dc90d840328,,New Hampshire,2020
ocd-vote/8eac30d0-6ad1-4be3-8a3b-4a6a7a2dc910,,Table,['passage'],2020-01-08T15:02:18-05:00,pass,ocd-organization/3b857974-4029-4508-94d4-ce3b86c64602,ocd-bill/5d682e87-1a8a-47a8-83b2-5b305fc72716,,New Hampshire,2020
ocd-vote/9de98ee2-78c2-40f7-87f6-96946ef2bfe2,,Adopt Amendment,['passage'],2020-01-08T15:11:06-05:00,pass,ocd-organization/3b857974-4029-4508-94d4-ce3b86c64602,ocd-bill/1705975a-f1c1-48e2-8579-4b2e0960a70a,,New Hampshire,2020
ocd-vote/e6e01cdd-9430-4326-854b-e15253005928,,OTPA,['passage'],2020-01-08T15:24:41-05:00,pass,ocd-organization/3b857974-4029-4508-94d4-ce3b86c64602,ocd-bill/00cb0aa8-fe99-4b07-9236-3da0b0dc5d50,,New Hampshire,2020
ocd-vote/b68e5944-2a32-411e-9b79-6abd646e368b,,ITL,['passage'],2020-01-08T15:44:16-05:00,pass,ocd-organization/3b857974-4029-4508-94d4-ce3b86c64602,ocd-bill/fcf1a2ce-b27b-4353-a1ab-26b88808c404,,New Hampshire,2020
ocd-vote/378caa8a-73c2-4df8-81f1-80349646718e,,OTPA,['passage'],2020-01-08T15:53:55-05:00,pass,ocd-organization/3b857974-4029-4508-94d4-ce3b86c64602,ocd-bill/aa65e5cb-6ed9-4081-9743-82cba430c4e9,,New Hampshire,2020
ocd-vote/f3727896-d815-4dfa-9c79-f17e61f7de59,,OTPA,['passage'],2020-01-08T15:59:07-05:00,pass,ocd-organization/3b857974-4029-4508-94d4-ce3b86c64602,ocd-bill/7bc33eff-62b0-4fcf-be22-eef01a7ae193,,New Hampshire,2020
ocd-vote/e06c94ae-f563-48ba-b92d-115cd6d4cc89,,Adopt Amendment,['passage'],2020-01-09T10:24:11-05:00,pass,ocd-organization/3b857974-4029-4508-94d4-ce3b86c64602,ocd-bill/5e65f48d-06ec-4cb2-b1f3-56c9185fa51e,,New Hampshire,2020
ocd-vote/e438afd7-d5dc-4b9e-ae24-5ab9127672aa,,Adopt Amendment,['passage'],2020-01-09T10:36:23-05:00,pass,ocd-organization/3b857974-4029-4508-94d4-ce3b86c64602,ocd-bill/5e65f48d-06ec-4cb2-b1f3-56c9185fa51e,,New Hampshire,2020
ocd-vote/82bc6900-6fef-4343-908d-d80fd75f8a4e,,OTPA,['passage'],2020-01-09T10:46:06-05:00,pass,ocd-organization/3b857974-4029-4508-94d4-ce3b86c64602,ocd-bill/5e65f48d-06ec-4cb2-b1f3-56c9185fa51e,,New Hampshire,2020
ocd-vote/2c766218-eb51-4030-9240-6b675b333784,,Adopt Amendment,['passage'],2020-01-09T11:01:57-05:00,fail,ocd-organization/3b857974-4029-4508-94d4-ce3b86c64602,ocd-bill/d3385e91-d2f1-423c-91f7-b6e9559f285b,,New Hampshire,2020
ocd-vote/2bd089d2-feb7-4a8e-9580-96bd1b75f2d1,,OTPA,['passage'],2020-01-09T11:05:41-05:00,pass,ocd-organization/3b857974-4029-4508-94d4-ce3b86c64602,ocd-bill/d3385e91-d2f1-423c-91f7-b6e9559f285b,,New Hampshire,2020
ocd-vote/8cd8349a-7fab-413c-86e4-879c17530927,,OTPA,['passage'],2020-01-09T11:30:06-05:00,pass,ocd-organization/3b857974-4029-4508-94d4-ce3b86c64602,ocd-bill/a1a411cb-c309-424d-bf39-692ca3ab1e43,,New Hampshire,2020
ocd-vote/30e6ca76-2254-4066-a652-6e0d530e2bd9,,OTPA,['passage'],2020-01-09T12:03:56-05:00,pass,ocd-organization/3b857974-4029-4508-94d4-ce3b86c64602,ocd-bill/45181f9c-a618-4068-bf00-7df80d3597f4,,New Hampshire,2020
ocd-vote/b80d79fb-9cbc-494c-852d-b1e40f2439ac,,OTPA,['passage'],2020-01-09T13:39:59-05:00,fail,ocd-organization/3b857974-4029-4508-94d4-ce3b86c64602,ocd-bill/19946cec-606b-4a12-bf9a-c65800f7bc2b,,New Hampshire,2020
ocd-vote/ebe27ac5-7a06-4073-8289-d0e4695ce389,,ITL,['passage'],2020-01-09T13:47:22-05:00,pass,ocd-organization/3b857974-4029-4508-94d4-ce3b86c64602,ocd-bill/19946cec-606b-4a12-bf9a-c65800f7bc2b,,New Hampshire,2020
ocd-vote/e84a7409-1656-4b10-a12b-783c75ca4c44,,Table,['passage'],2020-01-09T14:11:42-05:00,pass,ocd-organization/3b857974-4029-4508-94d4-ce3b86c64602,ocd-bill/f77f3525-a774-4116-86d0-92f6d82bacf0,,New Hampshire,2020
ocd-vote/c403a031-514d-44fc-974d-594218ee1351,,OTPA,['passage'],2020-01-09T14:23:09-05:00,pass,ocd-organization/3b857974-4029-4508-94d4-ce3b86c64602,ocd-bill/2e8b1d8b-424b-46d9-bbd9-c9411b6fb492,,New Hampshire,2020
ocd-vote/3db0acaf-4397-48d3-9160-ee4c8c3d681c,,OTPA,['passage'],2020-01-09T14:34:20-05:00,pass,ocd-organization/3b857974-4029-4508-94d4-ce3b86c64602,ocd-bill/953f6064-7173-4551-bb5b-a7a4269491de,,New Hampshire,2020
ocd-vote/b8ea9ccb-faf8-4448-b4d9-79013f2bf754,,OTPA,['passage'],2020-01-09T15:02:11-05:00,pass,ocd-organization/3b857974-4029-4508-94d4-ce3b86c64602,ocd-bill/9bfc71ef-c289-4b50-9734-f957520959ac,,New Hampshire,2020
ocd-vote/9664aba3-0546-45fb-9c5d-b31dee87c05a,,OTPA,['passage'],2020-01-09T15:11:37-05:00,pass,ocd-organization/3b857974-4029-4508-94d4-ce3b86c64602,ocd-bill/28249e89-fab6-4e77-b55a-27853b73b631,,New Hampshire,2020
ocd-vote/b5b44c38-16b2-4f00-ad84-8cfb0e6f6116,,ITL,['passage'],2020-01-09T15:24:17-05:00,pass,ocd-organization/3b857974-4029-4508-94d4-ce3b86c64602,ocd-bill/647eb65b-e76e-4089-9bc6-dff2d3124f3d,,New Hampshire,2020
ocd-vote/f0493030-fbb5-497d-a90e-d31878c032db,,Laid on Table,['passage'],2020-01-30T00:00:00-05:00,pass,ocd-organization/c95932a0-2ac1-4f14-a0c4-ade8568daac6,ocd-bill/2ebe9e0a-adb1-427d-b0db-a96ee26a4984,,New Hampshire,2020
ocd-vote/b6aa0d36-157d-44ae-804f-3d4759b0950a,,Floor Amendment 0324s,['passage'],2020-01-30T00:00:00-05:00,fail,ocd-organization/c95932a0-2ac1-4f14-a0c4-ade8568daac6,ocd-bill/083fd272-6879-4985-9844-0d674552fe8e,,New Hampshire,2020
ocd-vote/69376d48-b915-4c39-a36e-efae1263a46c,,Refer to Interim Study,['passage'],2020-01-30T00:00:00-05:00,fail,ocd-organization/c95932a0-2ac1-4f14-a0c4-ade8568daac6,ocd-bill/9d919a33-52d2-4462-aaca-b8871a2bb9db,,New Hampshire,2020
ocd-vote/4d666db0-4896-408a-91c9-51f90595a05c,,Ought to Pass,['passage'],2020-01-30T00:00:00-05:00,pass,ocd-organization/c95932a0-2ac1-4f14-a0c4-ade8568daac6,ocd-bill/9c8b60bd-e8fc-4f39-ad02-660f846a0b50,,New Hampshire,2020
ocd-vote/435446b6-6049-4401-83aa-74f8fe69b5ca,,Ought to Pass,['passage'],2020-01-30T00:00:00-05:00,pass,ocd-organization/c95932a0-2ac1-4f14-a0c4-ade8568daac6,ocd-bill/9d919a33-52d2-4462-aaca-b8871a2bb9db,,New Hampshire,2020
ocd-vote/1056e545-1e1c-4ba6-82bd-8859dece8ef7,,Ought to Pass,['passage'],2020-01-30T00:00:00-05:00,pass,ocd-organization/c95932a0-2ac1-4f14-a0c4-ade8568daac6,ocd-bill/d1a22217-2aa6-42f4-b15e-dc9c57c099b3,,New Hampshire,2020
ocd-vote/899444a9-b83f-4a0e-bade-f105c6f721aa,,Ought to Pass,['passage'],2020-01-30T00:00:00-05:00,pass,ocd-organization/c95932a0-2ac1-4f14-a0c4-ade8568daac6,ocd-bill/2c7f5230-d76f-4a87-8283-77d422edc87d,,New Hampshire,2020
ocd-vote/62671290-d1d8-48ed-8ad7-17182eb57eeb,,Ought to Pass,['passage'],2020-01-30T00:00:00-05:00,pass,ocd-organization/c95932a0-2ac1-4f14-a0c4-ade8568daac6,ocd-bill/083fd272-6879-4985-9844-0d674552fe8e,,New Hampshire,2020
ocd-vote/9bcf01fe-a943-419e-9991-8e616f1e4d22,,Floor Amendment 0540s,['passage'],2020-02-06T00:00:00-05:00,fail,ocd-organization/c95932a0-2ac1-4f14-a0c4-ade8568daac6,ocd-bill/b7269be2-a8b2-4533-998b-6b5b0db5a364,,New Hampshire,2020
ocd-vote/8412ca1e-077f-4738-9c6d-3e4a00de92f9,,Ought to Pass,['passage'],2020-02-06T00:00:00-05:00,pass,ocd-organization/c95932a0-2ac1-4f14-a0c4-ade8568daac6,ocd-bill/76dd97da-c3a2-4074-9410-0232906d6466,,New Hampshire,2020
ocd-vote/4be4a61b-402d-4a3f-9918-52791deb20ac,,Inexpedient to Legislate,['passage'],2020-02-06T00:00:00-05:00,pass,ocd-organization/c95932a0-2ac1-4f14-a0c4-ade8568daac6,ocd-bill/dfe1fe43-4000-4add-8302-b5913d94f19e,,New Hampshire,2020
ocd-vote/7e221fb0-da57-41bf-884d-a201210ff08a,,Inexpedient to Legislate,['passage'],2020-02-13T00:00:00-05:00,pass,ocd-organization/c95932a0-2ac1-4f14-a0c4-ade8568daac6,ocd-bill/09b003a5-f1e5-4299-a304-17b30dddcf95,,New Hampshire,2020
ocd-vote/f8fffedf-dd0f-41e0-88e0-430fa0854bef,,Inexpedient to Legislate,['passage'],2020-02-13T00:00:00-05:00,pass,ocd-organization/c95932a0-2ac1-4f14-a0c4-ade8568daac6,ocd-bill/ea642ccb-20b2-4385-80b8-7307c70004e5,,New Hampshire,2020
ocd-vote/83bcf528-37a0-431a-8b06-5fa2516398c6,,Laid on Table,['passage'],2020-02-13T00:00:00-05:00,pass,ocd-organization/c95932a0-2ac1-4f14-a0c4-ade8568daac6,ocd-bill/2e37cab6-d073-4ad9-9a16-2a9480f9aa8a,,New Hampshire,2020
ocd-vote/8ff45ab3-d450-45e9-966b-4e31bb06b2ed,,Ought to Pass,['passage'],2020-02-13T00:00:00-05:00,pass,ocd-organization/c95932a0-2ac1-4f14-a0c4-ade8568daac6,ocd-bill/a639c27f-e5c8-4e3c-b79a-caed0ad3b0cc,,New Hampshire,2020
ocd-vote/e26d8064-a429-446f-b2b6-db631fda84cb,,Inexpedient to Legislate,['passage'],2020-02-13T00:00:00-05:00,pass,ocd-organization/c95932a0-2ac1-4f14-a0c4-ade8568daac6,ocd-bill/c59b3e0e-95ca-4c83-bf37-676a91a7bc10,,New Hampshire,2020
ocd-vote/ba139462-7e2a-4572-8e35-97ddab770061,,Ought to Pass w/Amendment,['passage'],2020-02-13T00:00:00-05:00,pass,ocd-organization/c95932a0-2ac1-4f14-a0c4-ade8568daac6,ocd-bill/214f2c36-87f7-498f-80df-45fe48655cac,,New Hampshire,2020
ocd-vote/b9baf9b4-8fe5-4bee-a5a1-f1bc529c35f7,,Inexpedient to Legislate,['passage'],2020-02-13T00:00:00-05:00,fail,ocd-organization/c95932a0-2ac1-4f14-a0c4-ade8568daac6,ocd-bill/fdfa4893-1969-4f1d-8d4c-77fe55f39754,,New Hampshire,2020
ocd-vote/7b79600f-feaf-40ef-b554-2aa79e2c7795,,Floor Amendment 0621s,['passage'],2020-02-13T00:00:00-05:00,pass,ocd-organization/c95932a0-2ac1-4f14-a0c4-ade8568daac6,ocd-bill/fdfa4893-1969-4f1d-8d4c-77fe55f39754,,New Hampshire,2020
ocd-vote/f650bb34-03b0-4c4d-a464-e2e477e9ac70,,Laid on Table,['passage'],2020-02-13T00:00:00-05:00,pass,ocd-organization/c95932a0-2ac1-4f14-a0c4-ade8568daac6,ocd-bill/75f2e069-b2a3-426b-aa4b-7aecbdd4323a,,New Hampshire,2020
ocd-vote/88ec9cc7-6512-435e-bff3-b97922bec882,,Ought to Pass w/Amendment,['passage'],2020-02-13T00:00:00-05:00,pass,ocd-organization/c95932a0-2ac1-4f14-a0c4-ade8568daac6,ocd-bill/c0f31ab5-69a9-4219-bdae-3198073098d1,,New Hampshire,2020
ocd-vote/c5ca456d-bd5e-47c7-b401-f6f78042ac0c,,Ought to Pass,['passage'],2020-02-13T00:00:00-05:00,pass,ocd-organization/c95932a0-2ac1-4f14-a0c4-ade8568daac6,ocd-bill/bff641de-5ae1-4911-b978-9ce325fa324c,,New Hampshire,2020
ocd-vote/ca1be5b9-d802-4be8-a34f-03e6c284a70c,,ITL,['passage'],2020-02-13T13:46:14-05:00,pass,ocd-organization/3b857974-4029-4508-94d4-ce3b86c64602,ocd-bill/e8d786f3-9fef-47b5-8a00-5fdef8bb1393,,New Hampshire,2020
ocd-vote/431be6cc-18b5-4b35-b0f6-b39f51dafb4b,,ITL,['passage'],2020-02-13T15:02:53-05:00,pass,ocd-organization/3b857974-4029-4508-94d4-ce3b86c64602,ocd-bill/e4cfc0a0-4834-4713-956c-4282ef424fda,,New Hampshire,2020
ocd-vote/4eeb833a-4aae-4e44-a1ee-56dbf646c11c,,ITL,['passage'],2020-02-13T15:15:58-05:00,pass,ocd-organization/3b857974-4029-4508-94d4-ce3b86c64602,ocd-bill/8623b00b-2dcb-4f91-9fe3-284a70ea8dd4,,New Hampshire,2020
ocd-vote/274c0502-682d-4e1c-9d05-44167281ddcb,,ITL,['passage'],2020-02-13T15:36:10-05:00,pass,ocd-organization/3b857974-4029-4508-94d4-ce3b86c64602,ocd-bill/0f3385f7-c2aa-4390-afaa-bab00197319f,,New Hampshire,2020
ocd-vote/02d180d1-aa92-4730-85b9-b2dfd9d3806f,,Table,['passage'],2020-02-13T15:43:29-05:00,fail,ocd-organization/3b857974-4029-4508-94d4-ce3b86c64602,ocd-bill/5e8b41df-4d08-4f49-86b4-d7f9f1aabef6,,New Hampshire,2020
ocd-vote/3ac50a19-5654-44a3-8fd4-c252ce1b8553,,OTPA,['passage'],2020-02-13T16:29:03-05:00,fail,ocd-organization/3b857974-4029-4508-94d4-ce3b86c64602,ocd-bill/5e8b41df-4d08-4f49-86b4-d7f9f1aabef6,,New Hampshire,2020
ocd-vote/0963bb7b-1c30-428c-8f9f-91a296e8572e,,OTP,['passage'],2020-02-13T16:55:13-05:00,pass,ocd-organization/3b857974-4029-4508-94d4-ce3b86c64602,ocd-bill/a8722f3d-3082-4007-a96b-9aa25ea81baf,,New Hampshire,2020
ocd-vote/f4bcf513-9f43-40b4-b2a6-680280bcd7c9,,OTP,['passage'],2020-02-19T10:26:42-05:00,pass,ocd-organization/3b857974-4029-4508-94d4-ce3b86c64602,ocd-bill/c1970cad-e974-46c2-81d4-23bfe0bf3c7b,,New Hampshire,2020
ocd-vote/9bd69ebe-1af0-42c2-a473-2d5b5e2e883a,,Indefinitely Postpone,['passage'],2020-02-19T11:12:22-05:00,fail,ocd-organization/3b857974-4029-4508-94d4-ce3b86c64602,ocd-bill/a00dd780-d9a9-4a89-944c-42c4a4506ee9,,New Hampshire,2020
ocd-vote/18c65f9d-acb7-42dd-b176-a321121b1324,,OTPA,['passage'],2020-02-19T13:32:55-05:00,pass,ocd-organization/3b857974-4029-4508-94d4-ce3b86c64602,ocd-bill/1a537b1b-a59b-450e-8536-1777b8850e81,,New Hampshire,2020
ocd-vote/a30f12be-8a30-4d8f-a937-6b57235e5e72,,OTPA,['passage'],2020-02-19T13:49:22-05:00,pass,ocd-organization/3b857974-4029-4508-94d4-ce3b86c64602,ocd-bill/47d377ec-2924-42de-a890-2884a6c7b3c8,,New Hampshire,2020
ocd-vote/66a018ca-d828-40b5-97ed-f44cd141be39,,OTPA,['passage'],2020-02-19T15:24:14-05:00,pass,ocd-organization/3b857974-4029-4508-94d4-ce3b86c64602,ocd-bill/7e8932d2-0b5a-4b5e-a9e7-5b67032ceba9,,New Hampshire,2020
ocd-vote/7b14b4de-9d80-45f5-80c3-38847eb1bca3,,Interim Study,['passage'],2020-02-19T15:44:41-05:00,pass,ocd-organization/3b857974-4029-4508-94d4-ce3b86c64602,ocd-bill/cb359aac-b7cb-4f25-bc2f-11da4eeb62cd,,New Hampshire,2020
ocd-vote/679be095-2e0b-4efd-a528-c3443bac3f77,,ITL,['passage'],2020-02-19T15:57:01-05:00,pass,ocd-organization/3b857974-4029-4508-94d4-ce3b86c64602,ocd-bill/23dd6dfe-36c2-405a-80ed-306a28bf9184,,New Hampshire,2020
ocd-vote/d491253b-62a2-414c-a2e1-de496928b152,,OTPA,['passage'],2020-02-19T16:14:45-05:00,pass,ocd-organization/3b857974-4029-4508-94d4-ce3b86c64602,ocd-bill/25c427b2-cff3-45e5-bff7-0fe9e7b7f912,,New Hampshire,2020
ocd-vote/cf649275-f152-4959-8075-b9a39bc106d7,,OTPA,['passage'],2020-02-19T16:32:29-05:00,pass,ocd-organization/3b857974-4029-4508-94d4-ce3b86c64602,ocd-bill/d2dfd545-aa04-4279-a949-a1751f125a9f,,New Hampshire,2020
ocd-vote/d2bbef6b-8493-45e2-baba-06f44f04e3b5,,OTPA,['passage'],2020-02-19T16:50:47-05:00,pass,ocd-organization/3b857974-4029-4508-94d4-ce3b86c64602,ocd-bill/2aad371d-98a3-4a32-be43-8a0b518358ec,,New Hampshire,2020
ocd-vote/b0f4bb8b-5c16-41eb-bd7b-b926f502a1f2,,OTP,['passage'],2020-02-20T10:56:03-05:00,pass,ocd-organization/3b857974-4029-4508-94d4-ce3b86c64602,ocd-bill/0439ce56-b2bc-4551-b288-083e46a283c9,,New Hampshire,2020
ocd-vote/3f831c16-68af-4323-9d60-bba910680181,,OTPA,['passage'],2020-02-20T11:21:26-05:00,pass,ocd-organization/3b857974-4029-4508-94d4-ce3b86c64602,ocd-bill/2be43225-1d23-49fc-8e46-ad1e67ee3468,,New Hampshire,2020
ocd-vote/ddb491e6-e12c-49b6-95ec-ae261d492ab2,,OTP,['passage'],2020-02-20T12:15:50-05:00,pass,ocd-organization/3b857974-4029-4508-94d4-ce3b86c64602,ocd-bill/d9ac3c06-0eae-4898-a0e6-e6e2099e8628,,New Hampshire,2020
ocd-vote/6113b3a3-b958-45cb-b2df-cafcbb769283,,Inexpedient to Legislate,['passage'],2020-03-05T00:00:00-05:00,pass,ocd-organization/c95932a0-2ac1-4f14-a0c4-ade8568daac6,ocd-bill/79375237-8c1e-4475-80e4-38956d433589,,New Hampshire,2020
ocd-vote/5f1be0c0-cc7a-41ac-85e7-7b88d0961c6c,,VETO MESSAGE - Roll Call Required,['passage'],2020-03-05T00:00:00-05:00,pass,ocd-organization/c95932a0-2ac1-4f14-a0c4-ade8568daac6,ocd-bill/9bfc71ef-c289-4b50-9734-f957520959ac,,New Hampshire,2020
ocd-vote/03e6db0e-aace-459c-aaa0-3b88fe479f8b,,OTPA,['passage'],2020-03-05T13:59:11-05:00,pass,ocd-organization/3b857974-4029-4508-94d4-ce3b86c64602,ocd-bill/e55b6737-867e-416e-a1ba-1b3fcb8842b6,,New Hampshire,2020
ocd-vote/0315e8b0-b416-4784-a020-d7b6191386b8,,OTPA,['passage'],2020-03-05T14:12:39-05:00,pass,ocd-organization/3b857974-4029-4508-94d4-ce3b86c64602,ocd-bill/b60f1e41-2771-4b66-b195-2e8bf52bcfa8,,New Hampshire,2020
ocd-vote/9d7fe594-7770-4bad-9d60-ec0da9a4d148,,OTP,['passage'],2020-03-05T14:22:57-05:00,pass,ocd-organization/3b857974-4029-4508-94d4-ce3b86c64602,ocd-bill/abe5c5e5-3ea0-4be0-8876-e182b2e33ffb,,New Hampshire,2020
ocd-vote/1350163b-2071-4e5b-b5f6-fb1217da924c,,OTPA,['passage'],2020-03-05T14:33:03-05:00,pass,ocd-organization/3b857974-4029-4508-94d4-ce3b86c64602,ocd-bill/0f52aef6-ab7d-4c80-89ed-ce8e9106dcf0,,New Hampshire,2020
ocd-vote/b1b5179f-5ed6-45c1-9433-9933f4c721f7,,ITL,['passage'],2020-03-05T14:38:54-05:00,pass,ocd-organization/3b857974-4029-4508-94d4-ce3b86c64602,ocd-bill/38e5a789-0e8e-4d15-bbba-10119e5c8414,,New Hampshire,2020
ocd-vote/fee80e1f-8e05-4ea5-af19-b0db554ea67a,,OTP,['passage'],2020-03-05T15:30:05-05:00,pass,ocd-organization/3b857974-4029-4508-94d4-ce3b86c64602,ocd-bill/a8d119db-b0da-4ec1-aca1-67adc13a4fa1,,New Hampshire,2020
ocd-vote/6abe1528-292f-4343-9332-a616f6d86fb1,,ITL,['passage'],2020-03-05T15:39:16-05:00,pass,ocd-organization/3b857974-4029-4508-94d4-ce3b86c64602,ocd-bill/5d28aba8-a14d-4d1c-8cff-a3b367a4b978,,New Hampshire,2020
ocd-vote/8c893238-89fa-437f-8ebb-3a0663de9101,,OTPA,['passage'],2020-03-05T16:07:40-05:00,pass,ocd-organization/3b857974-4029-4508-94d4-ce3b86c64602,ocd-bill/c5e16163-eaae-4464-a0eb-13f0aa8ec653,,New Hampshire,2020
ocd-vote/8d019c49-3d9e-43a1-b002-ba2c04bf32e2,,ITL,['passage'],2020-03-05T16:24:23-05:00,pass,ocd-organization/3b857974-4029-4508-94d4-ce3b86c64602,ocd-bill/d870b87a-e1a0-4c6c-a3c9-2a98135c0391,,New Hampshire,2020
ocd-vote/d7978814-a652-45ad-a2bd-027e1df25fad,,Table,['passage'],2020-03-05T16:30:54-05:00,pass,ocd-organization/3b857974-4029-4508-94d4-ce3b86c64602,ocd-bill/62240c96-8054-4282-83e7-7cd55c075f2e,,New Hampshire,2020
ocd-vote/1da3edf2-05f3-4ded-9c05-5526023d6459,,ITL,['passage'],2020-03-05T16:40:17-05:00,pass,ocd-organization/3b857974-4029-4508-94d4-ce3b86c64602,ocd-bill/d5f64738-4868-4fd7-8a07-9293865526b4,,New Hampshire,2020
ocd-vote/04a4f6d8-79fe-42f9-aac6-7292abd8a98d,,ITL,['passage'],2020-03-05T16:44:52-05:00,pass,ocd-organization/3b857974-4029-4508-94d4-ce3b86c64602,ocd-bill/c0352d96-2839-4d3d-bce2-81705b75333c,,New Hampshire,2020
ocd-vote/1ea415b9-7512-47e9-9c76-f3e004c16d35,,Table,['passage'],2020-03-05T16:50:11-05:00,fail,ocd-organization/3b857974-4029-4508-94d4-ce3b86c64602,ocd-bill/d85ea136-d1f3-4bb9-8579-c298862bd055,,New Hampshire,2020
ocd-vote/e9253802-0815-4903-83ab-27e3f1b3c59d,,OTP,['passage'],2020-03-05T17:14:01-05:00,pass,ocd-organization/3b857974-4029-4508-94d4-ce3b86c64602,ocd-bill/d85ea136-d1f3-4bb9-8579-c298862bd055,,New Hampshire,2020
ocd-vote/da58db31-9e13-48e5-b5cb-02168630e578,,Ought to Pass w/Amendment,['passage'],2020-03-11T00:00:00-04:00,pass,ocd-organization/c95932a0-2ac1-4f14-a0c4-ade8568daac6,ocd-bill/0375271f-8740-4bac-b7c7-53139c02d952,,New Hampshire,2020
ocd-vote/3fc59d53-1685-4dfd-b407-914e9dc60b22,,Ought to Pass,['passage'],2020-03-11T00:00:00-04:00,pass,ocd-organization/c95932a0-2ac1-4f14-a0c4-ade8568daac6,ocd-bill/55ea74a5-81e8-4bc6-a542-b4069c1651ab,,New Hampshire,2020
ocd-vote/1aadde1b-c74f-42bc-918e-72f8528a554b,,Ought to Pass,['passage'],2020-03-11T00:00:00-04:00,pass,ocd-organization/c95932a0-2ac1-4f14-a0c4-ade8568daac6,ocd-bill/1ec0b0b5-c240-4230-8379-6684c22692b6,,New Hampshire,2020
ocd-vote/c6babb9f-bb79-4ce1-a006-bd4391e88213,,Ought to Pass,['passage'],2020-03-11T00:00:00-04:00,pass,ocd-organization/c95932a0-2ac1-4f14-a0c4-ade8568daac6,ocd-bill/591e9341-d93d-4f33-b683-4826319b4ee5,,New Hampshire,2020
ocd-vote/ba41e295-d2b7-45a6-9fe8-6c85d21b8b5a,,Ought to Pass w/Amendment,['passage'],2020-03-11T00:00:00-04:00,pass,ocd-organization/c95932a0-2ac1-4f14-a0c4-ade8568daac6,ocd-bill/291f3cc0-0d7e-4d77-8620-70ffb1d18b31,,New Hampshire,2020
ocd-vote/9ac17b79-a21e-460d-b3e8-f02d96d31b33,,Ought to Pass,['passage'],2020-03-11T00:00:00-04:00,pass,ocd-organization/c95932a0-2ac1-4f14-a0c4-ade8568daac6,ocd-bill/55ea74a5-81e8-4bc6-a542-b4069c1651ab,,New Hampshire,2020
ocd-vote/20cbceab-804d-4815-aed4-af1e3a33a4c9,,Laid on Table,['passage'],2020-03-11T00:00:00-04:00,fail,ocd-organization/c95932a0-2ac1-4f14-a0c4-ade8568daac6,ocd-bill/591e9341-d93d-4f33-b683-4826319b4ee5,,New Hampshire,2020
ocd-vote/97f59a14-dbdc-4d46-bd92-8805bd06df25,,Floor Amendment 1135s,['passage'],2020-03-11T00:00:00-04:00,fail,ocd-organization/c95932a0-2ac1-4f14-a0c4-ade8568daac6,ocd-bill/591e9341-d93d-4f33-b683-4826319b4ee5,,New Hampshire,2020
ocd-vote/dcebc33b-fe61-4cd7-a130-148f73a74dde,,OTPA,['passage'],2020-03-11T09:27:33-04:00,pass,ocd-organization/3b857974-4029-4508-94d4-ce3b86c64602,ocd-bill/bfb1a5a7-694e-466f-858c-2e63d2365a0b,,New Hampshire,2020
ocd-vote/3ed96411-8601-4688-8739-1d3d63176421,,OTP,['passage'],2020-03-11T10:06:28-04:00,pass,ocd-organization/3b857974-4029-4508-94d4-ce3b86c64602,ocd-bill/a0a60675-0789-4763-9be9-418257d0bcdf,,New Hampshire,2020
ocd-vote/84dddcad-6822-426a-951f-c69af692e904,,Table,['passage'],2020-03-11T10:15:45-04:00,fail,ocd-organization/3b857974-4029-4508-94d4-ce3b86c64602,ocd-bill/e24d7b10-9541-4bb7-9b0f-b7736fd7e557,,New Hampshire,2020
ocd-vote/3444d4d1-2b0b-4d68-baf1-c2ceac64a9ed,,Adopt Amendment,['passage'],2020-03-11T10:30:30-04:00,fail,ocd-organization/3b857974-4029-4508-94d4-ce3b86c64602,ocd-bill/e24d7b10-9541-4bb7-9b0f-b7736fd7e557,,New Hampshire,2020
ocd-vote/26d5b946-e700-45d8-b5e6-c7a4fe6bf8fc,,Adopt Amendment,['passage'],2020-03-11T10:34:59-04:00,pass,ocd-organization/3b857974-4029-4508-94d4-ce3b86c64602,ocd-bill/e24d7b10-9541-4bb7-9b0f-b7736fd7e557,,New Hampshire,2020
ocd-vote/cae106e2-3696-418d-9e06-46bbb432c67e,,Adopt Amendment,['passage'],2020-03-11T10:41:39-04:00,fail,ocd-organization/3b857974-4029-4508-94d4-ce3b86c64602,ocd-bill/e24d7b10-9541-4bb7-9b0f-b7736fd7e557,,New Hampshire,2020
ocd-vote/7c072dc6-5cd5-4fa6-88ec-7734a68cb044,,Limit Debate,['passage'],2020-03-11T10:54:54-04:00,pass,ocd-organization/3b857974-4029-4508-94d4-ce3b86c64602,ocd-bill/e24d7b10-9541-4bb7-9b0f-b7736fd7e557,,New Hampshire,2020
ocd-vote/59437a8a-890e-4126-a2c4-ca72d59b28c0,,OTPA,['passage'],2020-03-11T11:21:59-04:00,pass,ocd-organization/3b857974-4029-4508-94d4-ce3b86c64602,ocd-bill/e24d7b10-9541-4bb7-9b0f-b7736fd7e557,,New Hampshire,2020
ocd-vote/43c028f7-f693-4980-8194-7fd4c2c91b85,,OTPA,['passage'],2020-03-11T11:42:49-04:00,pass,ocd-organization/3b857974-4029-4508-94d4-ce3b86c64602,ocd-bill/00cb0aa8-fe99-4b07-9236-3da0b0dc5d50,,New Hampshire,2020
ocd-vote/88a9cabe-4552-4615-91d5-b1b844edbb71,,OTPA,['passage'],2020-03-11T12:00:41-04:00,pass,ocd-organization/3b857974-4029-4508-94d4-ce3b86c64602,ocd-bill/3e3e971e-16ee-4aec-874f-16ac51562055,,New Hampshire,2020
ocd-vote/ab4b943f-ee45-499e-abde-0b3e1de0d230,,OTPA,['passage'],2020-03-11T14:16:12-04:00,pass,ocd-organization/3b857974-4029-4508-94d4-ce3b86c64602,ocd-bill/24f17696-bc5f-4f5f-80d8-4f213a498c70,,New Hampshire,2020
ocd-vote/a970b7df-974a-4a33-9f9b-e5f626f99989,,OTPA,['passage'],2020-03-11T14:26:46-04:00,pass,ocd-organization/3b857974-4029-4508-94d4-ce3b86c64602,ocd-bill/fc3fb91e-de89-4c42-be56-b3dd039b4499,,New Hampshire,2020
ocd-vote/81978f6e-d7cf-43af-908c-88e000ae1d22,,OTPA,['passage'],2020-03-11T14:44:56-04:00,pass,ocd-organization/3b857974-4029-4508-94d4-ce3b86c64602,ocd-bill/5570180a-0de8-42b9-8de9-cdc6c1f9ac19,,New Hampshire,2020
ocd-vote/1850d18f-73d2-4ad5-a81c-69e10ba5eb55,,OTPA,['passage'],2020-03-11T15:19:17-04:00,pass,ocd-organization/3b857974-4029-4508-94d4-ce3b86c64602,ocd-bill/80130a20-d5c4-4a50-a2b4-8123f9019c3a,,New Hampshire,2020
ocd-vote/fa1acd72-a0ff-4cb7-ae3b-3b2d128dc502,,OTPA,['passage'],2020-03-11T15:25:32-04:00,pass,ocd-organization/3b857974-4029-4508-94d4-ce3b86c64602,ocd-bill/13f9c318-f4b2-4b55-b806-f179a036f473,,New Hampshire,2020
ocd-vote/ac80be88-9946-43f5-ad89-0447922f19a0,,OTPA,['passage'],2020-03-11T15:31:51-04:00,pass,ocd-organization/3b857974-4029-4508-94d4-ce3b86c64602,ocd-bill/b48af911-4423-446d-a843-22124cf57dc2,,New Hampshire,2020
ocd-vote/715dde10-822d-4394-a489-f014b8f57dc0,,OTPA,['passage'],2020-03-11T15:37:34-04:00,pass,ocd-organization/3b857974-4029-4508-94d4-ce3b86c64602,ocd-bill/30dbfd65-2a0e-4c4f-b552-c09505acc8db,,New Hampshire,2020
ocd-vote/0566b2e6-ee91-416e-95a0-fa634dadcdff,,ITL,['passage'],2020-03-11T15:58:11-04:00,pass,ocd-organization/3b857974-4029-4508-94d4-ce3b86c64602,ocd-bill/6d798be5-de2e-483e-9bb7-ee40e16d97b1,,New Hampshire,2020
ocd-vote/104e9e4e-e2f5-45a4-935f-1bdb106f884e,,OTP,['passage'],2020-03-11T16:12:45-04:00,pass,ocd-organization/3b857974-4029-4508-94d4-ce3b86c64602,ocd-bill/00c91b39-5a7b-4acd-a477-9b201fe636ad,,New Hampshire,2020
ocd-vote/5169e3f1-97fa-4791-8113-f79f15109e85,,Interim Study,['passage'],2020-03-11T17:08:42-04:00,pass,ocd-organization/3b857974-4029-4508-94d4-ce3b86c64602,ocd-bill/8cc89169-8e55-4381-a218-6ddfe3ea1984,,New Hampshire,2020
ocd-vote/a55c4205-a26b-4452-9f10-4890f60b3f41,,OTPA,['passage'],2020-03-11T17:55:34-04:00,pass,ocd-organization/3b857974-4029-4508-94d4-ce3b86c64602,ocd-bill/faa95b62-de68-458e-9c06-c3562042d820,,New Hampshire,2020
ocd-vote/d96bcf2b-c654-475c-93d0-8aedad640650,,Ought to Pass w/Amendment,['passage'],2020-03-12T00:00:00-04:00,pass,ocd-organization/c95932a0-2ac1-4f14-a0c4-ade8568daac6,ocd-bill/f62a6749-e119-45c9-a5cb-e7f3766a1681,,New Hampshire,2020
ocd-vote/356a46ea-8690-431f-b2fe-514e9dee1d3e,,Ought to Pass w/Amendment,['passage'],2020-03-12T00:00:00-04:00,pass,ocd-organization/c95932a0-2ac1-4f14-a0c4-ade8568daac6,ocd-bill/176451ab-3611-4bfe-bc22-3a4f2916359f,,New Hampshire,2020
ocd-vote/24f3f1d3-eb38-4be4-975e-02ad28dc9c81,,Ought to Pass,['passage'],2020-03-12T00:00:00-04:00,pass,ocd-organization/c95932a0-2ac1-4f14-a0c4-ade8568daac6,ocd-bill/aa65e5cb-6ed9-4081-9743-82cba430c4e9,,New Hampshire,2020
ocd-vote/0a36f665-46fc-44c8-bae5-7d02775e956e,,Ought to Pass w/Amendment,['passage'],2020-03-12T00:00:00-04:00,pass,ocd-organization/c95932a0-2ac1-4f14-a0c4-ade8568daac6,ocd-bill/a5e349eb-b864-4148-8f57-d4662cd116c0,,New Hampshire,2020
ocd-vote/20e17582-537d-410c-b8b9-6c006128a7be,,Ought to Pass w/Amendment,['passage'],2020-03-12T00:00:00-04:00,pass,ocd-organization/c95932a0-2ac1-4f14-a0c4-ade8568daac6,ocd-bill/291f3cc0-0d7e-4d77-8620-70ffb1d18b31,,New Hampshire,2020
ocd-vote/285050c5-a6c2-4d16-9aa0-27ce2b26fc34,,Ought to Pass,['passage'],2020-03-12T00:00:00-04:00,pass,ocd-organization/c95932a0-2ac1-4f14-a0c4-ade8568daac6,ocd-bill/911bdaac-c70c-4c1e-bc2f-01cdd3f1187a,,New Hampshire,2020
ocd-vote/ffffd763-88cd-48b7-be16-91cf2a5e232b,,Ought to Pass w/Amendment,['passage'],2020-03-12T00:00:00-04:00,pass,ocd-organization/c95932a0-2ac1-4f14-a0c4-ade8568daac6,ocd-bill/182c3903-0103-4037-9f86-54a8f42930e6,,New Hampshire,2020
ocd-vote/c24eb938-2192-4513-9246-4da1c599ea6e,,Floor Amendment 1144s,['passage'],2020-03-12T00:00:00-04:00,fail,ocd-organization/c95932a0-2ac1-4f14-a0c4-ade8568daac6,ocd-bill/f62a6749-e119-45c9-a5cb-e7f3766a1681,,New Hampshire,2020
ocd-vote/e10f3e63-c87e-44a8-a3b4-69bb39ecde32,,Ought to Pass w/Amendment,['passage'],2020-03-12T00:00:00-04:00,pass,ocd-organization/c95932a0-2ac1-4f14-a0c4-ade8568daac6,ocd-bill/eef1ea7a-5db7-4962-8dbb-6690ed0689aa,,New Hampshire,2020
ocd-vote/efdbe343-9fc5-4f63-b930-1ad394bdc0fc,,Ought to Pass w/Amendment,['passage'],2020-03-12T00:00:00-04:00,pass,ocd-organization/c95932a0-2ac1-4f14-a0c4-ade8568daac6,ocd-bill/e3e0cef5-d6f4-4106-aa43-dcc022231f8e,,New Hampshire,2020
ocd-vote/3da22d03-daa0-4319-bf35-dace20677a24,,Refer to Interim Study,['passage'],2020-03-12T00:00:00-04:00,pass,ocd-organization/c95932a0-2ac1-4f14-a0c4-ade8568daac6,ocd-bill/46ba4f56-7e89-45e8-a0ce-4aefc5210747,,New Hampshire,2020
ocd-vote/4b30fdf0-5c8d-40d2-950f-ddc0a479b706,,Ought to Pass w/Amendment,['passage'],2020-03-12T00:00:00-04:00,pass,ocd-organization/c95932a0-2ac1-4f14-a0c4-ade8568daac6,ocd-bill/2ddf50bb-396b-46b4-beee-06e5dd48c1c7,,New Hampshire,2020
ocd-vote/1114769a-e81b-4b74-93fe-f9a5e4b36465,,Ought to Pass,['passage'],2020-03-12T00:00:00-04:00,pass,ocd-organization/c95932a0-2ac1-4f14-a0c4-ade8568daac6,ocd-bill/763d8842-cc22-47d0-81a7-02014a5a099a,,New Hampshire,2020
ocd-vote/1809154f-1f1a-4c54-8ac4-f4797e0bd321,,Ought to Pass w/Amendment,['passage'],2020-03-12T00:00:00-04:00,pass,ocd-organization/c95932a0-2ac1-4f14-a0c4-ade8568daac6,ocd-bill/e7530d9f-3532-4bce-b0f9-f7ba5ca8fd24,,New Hampshire,2020
ocd-vote/2031f1b3-b047-4104-a36d-fba49c6a9928,,Ought to Pass,['passage'],2020-03-12T00:00:00-04:00,pass,ocd-organization/c95932a0-2ac1-4f14-a0c4-ade8568daac6,ocd-bill/47d377ec-2924-42de-a890-2884a6c7b3c8,,New Hampshire,2020
ocd-vote/94e0b972-968f-437a-878e-981594c3db32,,Laid on Table,['passage'],2020-03-12T00:00:00-04:00,fail,ocd-organization/c95932a0-2ac1-4f14-a0c4-ade8568daac6,ocd-bill/aa65e5cb-6ed9-4081-9743-82cba430c4e9,,New Hampshire,2020
ocd-vote/d027a6b7-311b-4ccb-affc-6cead3fa51a1,,Floor Amendment 1197s,['passage'],2020-03-12T00:00:00-04:00,fail,ocd-organization/c95932a0-2ac1-4f14-a0c4-ade8568daac6,ocd-bill/aa65e5cb-6ed9-4081-9743-82cba430c4e9,,New Hampshire,2020
ocd-vote/0a12d3a2-d349-4a41-b46f-49a0e8b2923f,,Floor Amendment 1208s,['passage'],2020-03-12T00:00:00-04:00,pass,ocd-organization/c95932a0-2ac1-4f14-a0c4-ade8568daac6,ocd-bill/f62a6749-e119-45c9-a5cb-e7f3766a1681,,New Hampshire,2020
ocd-vote/c2db5b0e-9220-4e7f-85d8-b9c79a8380b7,,Ought to Pass w/Amendment,['passage'],2020-03-12T00:00:00-04:00,pass,ocd-organization/c95932a0-2ac1-4f14-a0c4-ade8568daac6,ocd-bill/c1d4f47e-5371-4f1a-96f5-75a2dc98d345,,New Hampshire,2020
ocd-vote/48e39750-1093-4fef-9ce4-f30c5ed23697,,Ought to Pass w/Amendment,['passage'],2020-03-12T00:00:00-04:00,pass,ocd-organization/c95932a0-2ac1-4f14-a0c4-ade8568daac6,ocd-bill/ff6ebe58-8453-4ecc-afe7-d48d6637ab96,,New Hampshire,2020
ocd-vote/fb7c0fa7-704a-42d5-803f-03da07e4c26f,,Ought to Pass w/Amendment,['passage'],2020-03-12T00:00:00-04:00,pass,ocd-organization/c95932a0-2ac1-4f14-a0c4-ade8568daac6,ocd-bill/ae7c37a7-e6fc-4cf0-88f1-df1403095962,,New Hampshire,2020
ocd-vote/5de24a2a-dace-44f9-8393-8925d574cfd3,,ITL,['passage'],2020-03-12T09:53:04-04:00,pass,ocd-organization/3b857974-4029-4508-94d4-ce3b86c64602,ocd-bill/7ab278e7-af63-4a00-b837-e93590ebcbbf,,New Hampshire,2020
ocd-vote/9ed38f87-aa13-49f6-8eac-4d2a3a3b19c8,,ITL,['passage'],2020-03-12T10:10:36-04:00,pass,ocd-organization/3b857974-4029-4508-94d4-ce3b86c64602,ocd-bill/11a9e127-dcfe-4ee0-a7c7-864fad350982,,New Hampshire,2020
ocd-vote/2426cb7f-4d06-403e-9b87-1fd2e6fc8802,,ITL,['passage'],2020-03-12T11:13:45-04:00,pass,ocd-organization/3b857974-4029-4508-94d4-ce3b86c64602,ocd-bill/1df63e81-1884-446f-8923-040a3447992b,,New Hampshire,2020
ocd-vote/7028cecf-d64b-41fa-ae98-fff97a82b833,,OTPA,['passage'],2020-03-12T11:40:04-04:00,pass,ocd-organization/3b857974-4029-4508-94d4-ce3b86c64602,ocd-bill/3e31957f-52ca-4e09-adf9-b1fef57e19d3,,New Hampshire,2020
ocd-vote/942602ed-eaf5-4ae4-b2c9-592c89049bf0,,OTP,['passage'],2020-03-12T11:47:15-04:00,pass,ocd-organization/3b857974-4029-4508-94d4-ce3b86c64602,ocd-bill/43864e6e-47d5-466f-a1a0-18d61532abd2,,New Hampshire,2020
ocd-vote/17f439be-c0f8-46ff-ab67-fafb7210bd6a,,OTPA,['passage'],2020-03-12T11:57:39-04:00,pass,ocd-organization/3b857974-4029-4508-94d4-ce3b86c64602,ocd-bill/b1c5ef68-aa0f-4a16-9feb-d9d3bdc3d9c0,,New Hampshire,2020
ocd-vote/a0c6b558-21e5-45d4-999c-b9ee340ba7c4,,ITL,['passage'],2020-03-12T12:08:30-04:00,pass,ocd-organization/3b857974-4029-4508-94d4-ce3b86c64602,ocd-bill/10cb6c8d-9309-47f4-995b-43ca395de824,,New Hampshire,2020
ocd-vote/2cb770a3-73f2-4e11-9fbd-87da8339462b,,ITL,['passage'],2020-03-12T13:57:33-04:00,pass,ocd-organization/3b857974-4029-4508-94d4-ce3b86c64602,ocd-bill/1a5f65e9-700c-4007-a108-4c793b3da551,,New Hampshire,2020
ocd-vote/bad5f449-0d8a-4a37-9939-4fa7de386aa8,,OTP,['passage'],2020-03-12T14:02:07-04:00,pass,ocd-organization/3b857974-4029-4508-94d4-ce3b86c64602,ocd-bill/94ea28b9-4ea4-4ee3-99e3-75139a255825,,New Hampshire,2020
ocd-vote/3b635fb6-6069-4943-956b-9f66de63878e,,OTPA,['passage'],2020-03-12T14:08:46-04:00,pass,ocd-organization/3b857974-4029-4508-94d4-ce3b86c64602,ocd-bill/0de8b827-308d-43c5-8796-46ec3e42c236,,New Hampshire,2020
ocd-vote/135afee6-4955-4e98-9deb-af215e5e2341,,OTPA,['passage'],2020-03-12T14:22:07-04:00,pass,ocd-organization/3b857974-4029-4508-94d4-ce3b86c64602,ocd-bill/ed13a4ee-4bf9-4c9a-8882-2aabce5faa92,,New Hampshire,2020
ocd-vote/07430df0-238d-46e4-ae97-4ce1d154cfa9,,OTPA,['passage'],2020-03-12T14:26:04-04:00,pass,ocd-organization/3b857974-4029-4508-94d4-ce3b86c64602,ocd-bill/77b351ac-7676-4056-bf00-d7dc0240fab7,,New Hampshire,2020
ocd-vote/3262cd53-ac7f-442b-b0e5-125cacf3812e,,ITL,['passage'],2020-03-12T14:34:36-04:00,pass,ocd-organization/3b857974-4029-4508-94d4-ce3b86c64602,ocd-bill/e97b038a-ff5f-44c2-a438-5d9d5c534ab1,,New Hampshire,2020
ocd-vote/fea5e99f-d738-441f-b5f5-7d7eeb768c2f,,OTP,['passage'],2020-03-12T15:10:10-04:00,pass,ocd-organization/3b857974-4029-4508-94d4-ce3b86c64602,ocd-bill/35be43c3-955b-4c91-aae5-a7fcc82eaa01,,New Hampshire,2020
ocd-vote/a52ceff2-31b4-4b03-be94-ac2c72637dd1,,OTP,['passage'],2020-03-12T15:16:45-04:00,pass,ocd-organization/3b857974-4029-4508-94d4-ce3b86c64602,ocd-bill/3e7bda99-3c10-45ef-acd7-61bcba88b0d7,,New Hampshire,2020
ocd-vote/d7fa6f1d-93c4-4a96-8338-c86315e9414d,,Interim Study,['passage'],2020-03-12T15:21:31-04:00,pass,ocd-organization/3b857974-4029-4508-94d4-ce3b86c64602,ocd-bill/eec3a5dc-cdd5-4a43-b14e-a4184106002e,,New Hampshire,2020
ocd-vote/df12a718-5717-4702-bb57-5b8158d2ba82,,OTP,['passage'],2020-03-12T15:28:36-04:00,pass,ocd-organization/3b857974-4029-4508-94d4-ce3b86c64602,ocd-bill/fd98cbed-82c9-48ba-83e9-bbd433fc2b28,,New Hampshire,2020
ocd-vote/0c23bea4-0389-4f72-865e-c1da690a1be3,,OTP,['passage'],2020-03-12T15:38:00-04:00,pass,ocd-organization/3b857974-4029-4508-94d4-ce3b86c64602,ocd-bill/adb90c05-74fc-42b8-a84f-a4557a57bd66,,New Hampshire,2020
ocd-vote/5bfa2bee-4339-4100-aa21-f23a7704747c,,OTPA,['passage'],2020-03-12T15:46:53-04:00,pass,ocd-organization/3b857974-4029-4508-94d4-ce3b86c64602,ocd-bill/a0a8f63b-95f8-4a65-a347-b1ca906fdf7e,,New Hampshire,2020
ocd-vote/06c25261-6e35-4c2d-b27e-ae041b2e46ce,,OTP,['passage'],2020-03-12T15:51:38-04:00,pass,ocd-organization/3b857974-4029-4508-94d4-ce3b86c64602,ocd-bill/579b4583-a300-42e7-8b5e-a837a72c525a,,New Hampshire,2020
ocd-vote/1bacb154-d983-4a45-a33c-55504c0609d8,,OTPA,['passage'],2020-03-12T15:59:27-04:00,pass,ocd-organization/3b857974-4029-4508-94d4-ce3b86c64602,ocd-bill/77b70336-714d-49da-8c75-64cd732ca551,,New Hampshire,2020
ocd-vote/37f10ec4-32d1-4cbe-90c2-f08658985697,,Interim Study,['passage'],2020-03-12T16:05:33-04:00,pass,ocd-organization/3b857974-4029-4508-94d4-ce3b86c64602,ocd-bill/5f6ebffe-7fe8-4dda-8908-697fb38ac03c,,New Hampshire,2020
ocd-vote/7f6b24e0-3dce-4dd9-9951-78ab54485997,,OTPA,['passage'],2020-03-12T16:27:17-04:00,pass,ocd-organization/3b857974-4029-4508-94d4-ce3b86c64602,ocd-bill/877e4cc0-8433-4722-8bdc-8224bd11a237,,New Hampshire,2020
ocd-vote/a79324e5-7eaf-4c85-94f3-7b6816f39e34,,Table,['passage'],2020-03-12T16:32:42-04:00,fail,ocd-organization/3b857974-4029-4508-94d4-ce3b86c64602,ocd-bill/50cba28f-33cb-4e55-9d1a-43a7d5daa678,,New Hampshire,2020
ocd-vote/cf9fb609-8ba6-4c76-bc9c-0e126b2ffa37,,OTPA,['passage'],2020-03-12T16:42:23-04:00,pass,ocd-organization/3b857974-4029-4508-94d4-ce3b86c64602,ocd-bill/50cba28f-33cb-4e55-9d1a-43a7d5daa678,,New Hampshire,2020
ocd-vote/23339bde-8aff-4017-8b18-9e65427ae5a5,,OTPA,['passage'],2020-03-12T16:56:06-04:00,pass,ocd-organization/3b857974-4029-4508-94d4-ce3b86c64602,ocd-bill/e36e5cb6-5455-46d2-b206-5e362cea6884,,New Hampshire,2020
ocd-vote/fb66bb66-ad44-424f-8c6f-8975477ba44a,,OTP,['passage'],2020-03-12T17:00:55-04:00,pass,ocd-organization/3b857974-4029-4508-94d4-ce3b86c64602,ocd-bill/1a52227a-bced-4643-8ab1-d3390f8958b3,,New Hampshire,2020
ocd-vote/781cdc5a-3dea-431d-9628-0dca35e0b332,,Table,['passage'],2020-03-12T17:15:13-04:00,pass,ocd-organization/3b857974-4029-4508-94d4-ce3b86c64602,ocd-bill/908482bf-70c2-4e0f-9220-91002ebcbc9e,,New Hampshire,2020
ocd-vote/959d83c1-8e0f-4300-8fe3-595f5207c76d,,ITL,['passage'],2020-03-12T17:48:39-04:00,pass,ocd-organization/3b857974-4029-4508-94d4-ce3b86c64602,ocd-bill/1a887ce7-dbf4-496a-9711-868d71782f78,,New Hampshire,2020
ocd-vote/742948f3-ad21-407e-a596-a86e81cd9c9f,,Adopt Amendment,['passage'],2020-03-12T18:01:07-04:00,pass,ocd-organization/3b857974-4029-4508-94d4-ce3b86c64602,ocd-bill/179372a8-97b3-4832-a983-721625a383a2,,New Hampshire,2020
ocd-vote/a52ae01d-0c6e-4991-9692-4936be00d11f,,OTPA,['passage'],2020-03-12T18:12:42-04:00,pass,ocd-organization/3b857974-4029-4508-94d4-ce3b86c64602,ocd-bill/179372a8-97b3-4832-a983-721625a383a2,,New Hampshire,2020
ocd-vote/c17e34bf-43e5-4f6b-a738-39c7a7653ad4,,OTPA,['passage'],2020-03-12T20:00:09-04:00,pass,ocd-organization/3b857974-4029-4508-94d4-ce3b86c64602,ocd-bill/8ca5e31d-a4b2-4f1a-998d-cdbd29a15a8a,,New Hampshire,2020
ocd-vote/435b1178-13ca-4f8a-995f-9b413c869dc8,,OTPA,['passage'],2020-03-12T20:07:24-04:00,pass,ocd-organization/3b857974-4029-4508-94d4-ce3b86c64602,ocd-bill/d73397b8-d667-4997-95b7-be434872d809,,New Hampshire,2020
ocd-vote/253e4f6a-927a-4de4-9e06-c50d00a3e05c,,OTP,['passage'],2020-03-12T20:39:22-04:00,pass,ocd-organization/3b857974-4029-4508-94d4-ce3b86c64602,ocd-bill/b32ef778-2318-40ca-8176-a85733603997,,New Hampshire,2020
ocd-vote/899f8b31-e02c-4cac-8f07-9bfd2df20fad,,OTPA,['passage'],2020-03-12T21:10:45-04:00,pass,ocd-organization/3b857974-4029-4508-94d4-ce3b86c64602,ocd-bill/2fa597bf-c520-43c8-835b-6f2511849b8f,,New Hampshire,2020
ocd-vote/6e2ce906-8115-40bd-a761-15d43126653c,,Table,['passage'],2020-03-12T21:23:46-04:00,pass,ocd-organization/3b857974-4029-4508-94d4-ce3b86c64602,ocd-bill/43e225e9-29e0-4b33-8336-bed89076e535,,New Hampshire,2020
ocd-vote/58aab561-d7a3-4588-91f4-6ef609e3bb78,,ITL,['passage'],2020-03-12T21:38:44-04:00,pass,ocd-organization/3b857974-4029-4508-94d4-ce3b86c64602,ocd-bill/f4bef364-64d2-4f63-abf1-9046bff4c753,,New Hampshire,2020
ocd-vote/9c96fc98-9f4f-4916-af6c-77933e9c5a5a,,OTPA,['passage'],2020-03-12T21:51:05-04:00,pass,ocd-organization/3b857974-4029-4508-94d4-ce3b86c64602,ocd-bill/fa201f6e-c4fe-4e57-9783-a5aecfc52076,,New Hampshire,2020
ocd-vote/1ea5227d-59e2-45ee-9e9d-21326d2407d9,,ITL,['passage'],2020-03-12T22:10:30-04:00,pass,ocd-organization/3b857974-4029-4508-94d4-ce3b86c64602,ocd-bill/edd9d31f-e7be-4d86-b0a4-5be8931018f3,,New Hampshire,2020
ocd-vote/6a758440-cbbc-4f0a-8296-0bdfa9618dee,,ITL,['passage'],2020-03-12T22:45:06-04:00,pass,ocd-organization/3b857974-4029-4508-94d4-ce3b86c64602,ocd-bill/a91b31c5-c298-419e-9bae-9b6f1592e820,,New Hampshire,2020
ocd-vote/86f6f5ea-8fd8-4507-a73d-e9caef94805a,,OTPA,['passage'],2020-03-12T23:18:47-04:00,pass,ocd-organization/3b857974-4029-4508-94d4-ce3b86c64602,ocd-bill/d0b96172-9645-43f1-bf26-edee6117db2a,,New Hampshire,2020
ocd-vote/bed7c26a-1b5f-4943-a192-54706b66038d,,ITL,['passage'],2020-03-12T23:26:25-04:00,pass,ocd-organization/3b857974-4029-4508-94d4-ce3b86c64602,ocd-bill/ad95ee6d-6a9c-4d91-920e-0a99cbf94299,,New Hampshire,2020
ocd-vote/5d93f0ae-fb4b-4bba-87e7-42c6c5d98ae0,,ITL,['passage'],2020-03-12T23:44:30-04:00,pass,ocd-organization/3b857974-4029-4508-94d4-ce3b86c64602,ocd-bill/9d26aa0e-5e5b-4ea8-97cb-9a7b3fb40a82,,New Hampshire,2020
ocd-vote/7f56783d-20f3-4d49-ac66-578f291ebde9,,ITL,['passage'],2020-03-12T23:58:02-04:00,pass,ocd-organization/3b857974-4029-4508-94d4-ce3b86c64602,ocd-bill/6982c0b9-744d-4ed6-b446-b036ed6fc7e2,,New Hampshire,2020
ocd-vote/3e77fceb-5005-43e0-a74a-9b7970e277f4,,OTP,['passage'],2020-03-13T00:10:18-04:00,pass,ocd-organization/3b857974-4029-4508-94d4-ce3b86c64602,ocd-bill/7efbb371-0428-4f2f-a12e-3128e42bb100,,New Hampshire,2020
ocd-vote/1c5027c4-9bbf-4cc1-aaf0-f1465d6a7d34,,Table,['passage'],2020-03-13T01:18:17-04:00,fail,ocd-organization/3b857974-4029-4508-94d4-ce3b86c64602,ocd-bill/a6501dae-b667-4441-b305-b2cef7917ee6,,New Hampshire,2020
ocd-vote/648ab8d3-aaa0-44c9-9178-3ba98d05b3f8,,OTPA,['passage'],2020-03-13T01:27:05-04:00,pass,ocd-organization/3b857974-4029-4508-94d4-ce3b86c64602,ocd-bill/a6501dae-b667-4441-b305-b2cef7917ee6,,New Hampshire,2020
ocd-vote/9ebf368a-2d45-4343-b439-e746297de295,,OTPA,['passage'],2020-03-13T01:38:29-04:00,pass,ocd-organization/3b857974-4029-4508-94d4-ce3b86c64602,ocd-bill/4a83224e-b02e-4c03-8267-02b13108b9da,,New Hampshire,2020
ocd-vote/f6936984-d726-479f-ad60-dd675f22eb31,,Table,['passage'],2020-03-13T01:45:29-04:00,fail,ocd-organization/3b857974-4029-4508-94d4-ce3b86c64602,ocd-bill/340fb82f-499b-4ff3-82a6-02655f9f98a1,,New Hampshire,2020
ocd-vote/d64b3fd5-9524-4139-9321-085e03ba455f,,OTP,['passage'],2020-03-13T01:59:41-04:00,pass,ocd-organization/3b857974-4029-4508-94d4-ce3b86c64602,ocd-bill/340fb82f-499b-4ff3-82a6-02655f9f98a1,,New Hampshire,2020
ocd-vote/345dae38-e8b6-493b-9a19-24ebd48f8f84,,OTP,['passage'],2020-03-13T02:09:50-04:00,pass,ocd-organization/3b857974-4029-4508-94d4-ce3b86c64602,ocd-bill/f3699fae-2e01-4456-aa02-9f9ec747a8df,,New Hampshire,2020
ocd-vote/e4f4e55b-b1f3-4006-a927-384a9e257e64,,OTPA,['passage'],2020-03-13T02:34:13-04:00,pass,ocd-organization/3b857974-4029-4508-94d4-ce3b86c64602,ocd-bill/6b4d6ca5-cde0-42ba-a884-c6de69997d3c,,New Hampshire,2020
ocd-vote/240da6a4-8558-4e1a-b2ed-45f2edde3d42,,OTPA,['passage'],2020-03-13T02:43:22-04:00,pass,ocd-organization/3b857974-4029-4508-94d4-ce3b86c64602,ocd-bill/a396cd77-dad9-4812-b556-92d83a991c87,,New Hampshire,2020
ocd-vote/f3ee398e-a54f-4c2d-8fb3-cec6fc08484d,,OTPA,['passage'],2020-03-13T02:55:09-04:00,pass,ocd-organization/3b857974-4029-4508-94d4-ce3b86c64602,ocd-bill/cdce4a7e-fcdd-45d2-ae12-adad53f3de7f,,New Hampshire,2020
ocd-vote/c21062a6-af45-436d-b3ef-1e1a20931e5b,,Table,['passage'],2020-03-13T03:06:32-04:00,pass,ocd-organization/3b857974-4029-4508-94d4-ce3b86c64602,ocd-bill/1a7779cb-9181-428e-b39e-c2edc93bd1d1,,New Hampshire,2020
ocd-vote/d5c4d2fc-641c-4b6d-80ca-5cfb824a3238,,Rules Suspension,['passage'],2020-06-12T09:01:40-04:00,pass,ocd-organization/3b857974-4029-4508-94d4-ce3b86c64602,ocd-bill/09cff5d5-0377-4f3e-82cc-f221325bedb4,,New Hampshire,2020
ocd-vote/a9b23fd4-df62-474a-95ce-2743ed6e27fe,,Rules Suspension,['passage'],2020-06-12T09:04:17-04:00,pass,ocd-organization/3b857974-4029-4508-94d4-ce3b86c64602,ocd-bill/42127cc4-f7c0-43b4-ba95-a3f5251c18e7,,New Hampshire,2020
ocd-vote/bb58bcca-f624-48a5-b90b-1548b6bd4139,,Rules Suspension,['passage'],2020-06-12T09:16:55-04:00,pass,ocd-organization/3b857974-4029-4508-94d4-ce3b86c64602,ocd-bill/3970c37e-370f-4065-8b3d-e292edc3b2e4,,New Hampshire,2020
ocd-vote/97a78bd7-2675-4f88-a082-b35aa0c1043e,,Rules Suspension,['passage'],2020-06-12T09:19:21-04:00,pass,ocd-organization/3b857974-4029-4508-94d4-ce3b86c64602,ocd-bill/7e8932d2-0b5a-4b5e-a9e7-5b67032ceba9,,New Hampshire,2020
ocd-vote/1d47dd9c-b8f3-447e-bf96-9996ab80a065,,Rules Suspension,['passage'],2020-06-12T09:20:52-04:00,pass,ocd-organization/3b857974-4029-4508-94d4-ce3b86c64602,ocd-bill/af904864-43d8-492e-82f0-0165bd190cd6,,New Hampshire,2020
ocd-vote/e68c792e-81ee-48cf-9cab-a7793730ea0d,,Committee Amendment Sections 105-118 and 155,['passage'],2020-06-16T00:00:00-04:00,pass,ocd-organization/c95932a0-2ac1-4f14-a0c4-ade8568daac6,ocd-bill/265732ab-e92a-4d68-a64e-44824711bb75,,New Hampshire,2020
ocd-vote/b7c0eda7-7f3f-4191-b6bf-ecbb15d5f459,,Ought to Pass w/Amendment,['passage'],2020-06-16T00:00:00-04:00,pass,ocd-organization/c95932a0-2ac1-4f14-a0c4-ade8568daac6,ocd-bill/3d4043da-b525-4d98-a8a4-1589aa92dd6b,,New Hampshire,2020
ocd-vote/b0fcf9a5-e907-4795-a176-ed898b64bf3f,,"Committee Amendment Sections 4-5, and 8",['passage'],2020-06-16T00:00:00-04:00,pass,ocd-organization/c95932a0-2ac1-4f14-a0c4-ade8568daac6,ocd-bill/0ce75d1a-dc64-4e4a-b30d-371b48fc80e8,,New Hampshire,2020
ocd-vote/8e5a6e45-4391-4140-8808-4690e0d38ea5,,"Ought to Pass w/Amendment Sections 1-3, and Sections 6-8",['passage'],2020-06-16T00:00:00-04:00,pass,ocd-organization/c95932a0-2ac1-4f14-a0c4-ade8568daac6,ocd-bill/0ce75d1a-dc64-4e4a-b30d-371b48fc80e8,,New Hampshire,2020
ocd-vote/3706606b-069c-4477-b7a7-be76a3c3f66e,,Committee Amendment Sections 1-6 and Sections 9-24,['passage'],2020-06-16T00:00:00-04:00,pass,ocd-organization/c95932a0-2ac1-4f14-a0c4-ade8568daac6,ocd-bill/7327379c-4363-4fc0-9b77-ced12741ac6f,,New Hampshire,2020
ocd-vote/a61a860a-3b9e-47b3-ad2f-06107f604ce3,,Ought to Pass w/Amendment,['passage'],2020-06-16T00:00:00-04:00,pass,ocd-organization/c95932a0-2ac1-4f14-a0c4-ade8568daac6,ocd-bill/baeebd2a-2483-4f1c-b9ef-bc0e3e132f4e,,New Hampshire,2020
ocd-vote/45628af0-e4be-46d4-945b-b088568cd3d2,,Ought to Pass w/Amendment,['passage'],2020-06-16T00:00:00-04:00,pass,ocd-organization/c95932a0-2ac1-4f14-a0c4-ade8568daac6,ocd-bill/2fa597bf-c520-43c8-835b-6f2511849b8f,,New Hampshire,2020
ocd-vote/451b9f39-2b37-492b-b695-0df56295a1ea,,Laid on Table,['passage'],2020-06-16T00:00:00-04:00,pass,ocd-organization/c95932a0-2ac1-4f14-a0c4-ade8568daac6,ocd-bill/07089f3e-6150-4285-8434-850f6173cc84,,New Hampshire,2020
ocd-vote/bff65c0b-c91b-48e9-9509-272c9c6f35d2,,"Ought to Pass w/Amendment Sections 4-5, and 8",['passage'],2020-06-16T00:00:00-04:00,pass,ocd-organization/c95932a0-2ac1-4f14-a0c4-ade8568daac6,ocd-bill/0ce75d1a-dc64-4e4a-b30d-371b48fc80e8,,New Hampshire,2020
ocd-vote/77c870db-7edb-4c83-a16a-2fbb9bd7eaed,,Committee Amendment Sections 7 and 24,['passage'],2020-06-16T00:00:00-04:00,fail,ocd-organization/c95932a0-2ac1-4f14-a0c4-ade8568daac6,ocd-bill/7327379c-4363-4fc0-9b77-ced12741ac6f,,New Hampshire,2020
ocd-vote/6398053a-0f0a-44df-9e03-b31650d1b13b,,Ought to Pass w/Amendment,['passage'],2020-06-16T00:00:00-04:00,pass,ocd-organization/c95932a0-2ac1-4f14-a0c4-ade8568daac6,ocd-bill/579b4583-a300-42e7-8b5e-a837a72c525a,,New Hampshire,2020
ocd-vote/32b25f48-c2f1-43c7-8676-2e7b1e95b503,,Ought to Pass w/Amendment,['passage'],2020-06-16T00:00:00-04:00,pass,ocd-organization/c95932a0-2ac1-4f14-a0c4-ade8568daac6,ocd-bill/3e3e971e-16ee-4aec-874f-16ac51562055,,New Hampshire,2020
ocd-vote/bd15f5ef-6d6f-47b8-a86d-6c43183355e7,,Ought to Pass w/Amendment,['passage'],2020-06-16T00:00:00-04:00,pass,ocd-organization/c95932a0-2ac1-4f14-a0c4-ade8568daac6,ocd-bill/0037817c-19ac-47ac-9153-20740df5a813,,New Hampshire,2020
ocd-vote/0d48ead7-6eed-4a4a-8a45-5b66740f1bc4,,Ought to Pass w/Amendment Sections 11-12 and 19,['passage'],2020-06-16T00:00:00-04:00,pass,ocd-organization/c95932a0-2ac1-4f14-a0c4-ade8568daac6,ocd-bill/5e3ff977-6999-48d1-91ca-7f963f965f75,,New Hampshire,2020
ocd-vote/239a60d7-1af7-48d3-82d7-0e3d727c5006,,Ought to Pass w/Amendment,['passage'],2020-06-16T00:00:00-04:00,pass,ocd-organization/c95932a0-2ac1-4f14-a0c4-ade8568daac6,ocd-bill/e5a4447e-d7cc-4390-99bd-88d3d38e3283,,New Hampshire,2020
ocd-vote/f7065533-a3c8-4764-b1a4-51d8da319b88,,Ought to Pass w/Amendment,['passage'],2020-06-16T00:00:00-04:00,pass,ocd-organization/c95932a0-2ac1-4f14-a0c4-ade8568daac6,ocd-bill/e13d75ef-098e-495a-a9e7-0b78b084e6db,,New Hampshire,2020
ocd-vote/4f181b27-53ce-41db-9367-ab960ff86b4d,,Ought to Pass w/Amendment,['passage'],2020-06-16T00:00:00-04:00,pass,ocd-organization/c95932a0-2ac1-4f14-a0c4-ade8568daac6,ocd-bill/5e65f48d-06ec-4cb2-b1f3-56c9185fa51e,,New Hampshire,2020
ocd-vote/cde93d5a-8663-4d4c-8e1b-13a01b8fbe18,,Ought to Pass w/Amendment,['passage'],2020-06-16T00:00:00-04:00,pass,ocd-organization/c95932a0-2ac1-4f14-a0c4-ade8568daac6,ocd-bill/d9ac3c06-0eae-4898-a0e6-e6e2099e8628,,New Hampshire,2020
ocd-vote/3f8fcc6b-cc7e-48d5-b87f-3d4388198f69,,Ought to Pass w/Amendment,['passage'],2020-06-16T00:00:00-04:00,pass,ocd-organization/c95932a0-2ac1-4f14-a0c4-ade8568daac6,ocd-bill/8b7c4f5c-90de-4b4c-961d-b39dbb2979c6,,New Hampshire,2020
ocd-vote/896baa25-b210-45fb-bcd2-54a0a2847972,,"Committee Amendment Sections 1-3, and Sections 6-8",['passage'],2020-06-16T00:00:00-04:00,pass,ocd-organization/c95932a0-2ac1-4f14-a0c4-ade8568daac6,ocd-bill/0ce75d1a-dc64-4e4a-b30d-371b48fc80e8,,New Hampshire,2020
ocd-vote/07fe4d5a-4a5c-4de3-9f72-054a53bd2c80,,Ought to Pass w/Amendment,['passage'],2020-06-16T00:00:00-04:00,pass,ocd-organization/c95932a0-2ac1-4f14-a0c4-ade8568daac6,ocd-bill/e1bf47df-f1f8-4a05-9273-cdb3d5e44345,,New Hampshire,2020
ocd-vote/49caa430-d412-4f02-8628-afcf0c5b4248,,Ought to Pass w/Amendment Sections 1-6 and Sections 9-24,['passage'],2020-06-16T00:00:00-04:00,pass,ocd-organization/c95932a0-2ac1-4f14-a0c4-ade8568daac6,ocd-bill/7327379c-4363-4fc0-9b77-ced12741ac6f,,New Hampshire,2020
ocd-vote/111bcfb4-c41a-4f42-9123-d57c88419f11,,Committee Amendment,['passage'],2020-06-16T00:00:00-04:00,pass,ocd-organization/c95932a0-2ac1-4f14-a0c4-ade8568daac6,ocd-bill/f51735dd-a67a-4373-822b-8aaa827ac628,,New Hampshire,2020
ocd-vote/114ac047-6f96-4182-86c0-5f06d0babdfb,,Committee Amendment,['passage'],2020-06-16T00:00:00-04:00,pass,ocd-organization/c95932a0-2ac1-4f14-a0c4-ade8568daac6,ocd-bill/97ba4c62-40f9-4f77-a218-341193ae2cd0,,New Hampshire,2020
ocd-vote/e9f04bd9-cba0-49b5-823e-6bcb34fb9720,,Ought to Pass w/Amendment,['passage'],2020-06-16T00:00:00-04:00,pass,ocd-organization/c95932a0-2ac1-4f14-a0c4-ade8568daac6,ocd-bill/97ba4c62-40f9-4f77-a218-341193ae2cd0,,New Hampshire,2020
ocd-vote/b4a63338-30c1-4cc7-99fa-e82e86c279fc,,Ought to Pass w/Amendment,['passage'],2020-06-29T00:00:00-04:00,pass,ocd-organization/c95932a0-2ac1-4f14-a0c4-ade8568daac6,ocd-bill/12d88926-aed0-4b1d-a9a5-aaf20c47e136,,New Hampshire,2020
ocd-vote/00c8bc0e-3f17-46b3-8ea2-e779555c6e10,,Ought to Pass,['passage'],2020-06-29T00:00:00-04:00,pass,ocd-organization/c95932a0-2ac1-4f14-a0c4-ade8568daac6,ocd-bill/22eb6e99-8fb0-40e9-8cb4-42b4fa371ff7,,New Hampshire,2020
ocd-vote/9a039ba5-efd6-425c-9cc7-f18ed5abb433,,Committee Amendment 2020-1568s,['passage'],2020-06-29T00:00:00-04:00,pass,ocd-organization/c95932a0-2ac1-4f14-a0c4-ade8568daac6,ocd-bill/78551f34-a333-4958-927c-63bf5a86afe6,,New Hampshire,2020
ocd-vote/8b6b557a-04a4-47ee-bcb9-fbfd6a2d0252,,Concur,['passage'],2020-06-29T00:00:00-04:00,pass,ocd-organization/c95932a0-2ac1-4f14-a0c4-ade8568daac6,ocd-bill/2047b424-ce8e-4e59-ab65-898fbdd4cf9a,,New Hampshire,2020
ocd-vote/1aa13d9d-e29a-406d-af7e-bb5193d3c3f7,,Concur,['passage'],2020-06-29T00:00:00-04:00,pass,ocd-organization/c95932a0-2ac1-4f14-a0c4-ade8568daac6,ocd-bill/afcea61e-364b-408b-a52e-27541e4622d9,,New Hampshire,2020
ocd-vote/51616065-01c9-42d8-808c-695d120cdaa7,,Ought to Pass w/Amendment,['passage'],2020-06-29T00:00:00-04:00,pass,ocd-organization/c95932a0-2ac1-4f14-a0c4-ade8568daac6,ocd-bill/3c0a1530-1e5b-4130-867c-3985a09f4852,,New Hampshire,2020
ocd-vote/0bf2b6a9-b3c0-432f-9a42-f373b7486af9,,Ought to Pass w/Amendment,['passage'],2020-06-29T00:00:00-04:00,pass,ocd-organization/c95932a0-2ac1-4f14-a0c4-ade8568daac6,ocd-bill/12d88926-aed0-4b1d-a9a5-aaf20c47e136,,New Hampshire,2020
ocd-vote/82a89684-dbd0-41e6-9062-15e43d2e3a02,,Ought to Pass,['passage'],2020-06-29T00:00:00-04:00,pass,ocd-organization/c95932a0-2ac1-4f14-a0c4-ade8568daac6,ocd-bill/a0a8f63b-95f8-4a65-a347-b1ca906fdf7e,,New Hampshire,2020
ocd-vote/17e0688a-3f54-431e-b583-44c00857bfeb,,Remove from Table,['passage'],2020-06-29T00:00:00-04:00,fail,ocd-organization/c95932a0-2ac1-4f14-a0c4-ade8568daac6,ocd-bill/75a7005c-16e8-4037-b42f-af4fd86e6cb2,,New Hampshire,2020
ocd-vote/91a3f605-4842-4088-827c-b8a253f1590f,,Concur,['passage'],2020-06-29T00:00:00-04:00,pass,ocd-organization/c95932a0-2ac1-4f14-a0c4-ade8568daac6,ocd-bill/2e8b1d8b-424b-46d9-bbd9-c9411b6fb492,,New Hampshire,2020
ocd-vote/b2685db3-cf70-4bea-9e71-b533797df4ef,,Remove from Table,['passage'],2020-06-29T00:00:00-04:00,fail,ocd-organization/c95932a0-2ac1-4f14-a0c4-ade8568daac6,ocd-bill/0b5a6e0d-aa4e-4332-8680-0e93c5faea5f,,New Hampshire,2020
ocd-vote/ce53addc-c9dc-454e-af9e-9b10785e7429,,Concur,['passage'],2020-06-29T00:00:00-04:00,pass,ocd-organization/c95932a0-2ac1-4f14-a0c4-ade8568daac6,ocd-bill/28249e89-fab6-4e77-b55a-27853b73b631,,New Hampshire,2020
ocd-vote/567fa981-5794-4243-8ca4-0f8e196d2099,,Remove from Table,['passage'],2020-06-29T00:00:00-04:00,fail,ocd-organization/c95932a0-2ac1-4f14-a0c4-ade8568daac6,ocd-bill/a1eda65e-6756-4925-ad74-26a7fbe79524,,New Hampshire,2020
ocd-vote/00682de1-4ddc-4ba8-a4ea-3ef1037c3e60,,Concur,['passage'],2020-06-29T00:00:00-04:00,pass,ocd-organization/c95932a0-2ac1-4f14-a0c4-ade8568daac6,ocd-bill/b32eca05-cef2-4c26-9e37-cf7143b2c894,,New Hampshire,2020
ocd-vote/e9dee42b-41b3-41e9-ac0d-1bc5a6c5f52d,,Concur,['passage'],2020-06-29T00:00:00-04:00,pass,ocd-organization/c95932a0-2ac1-4f14-a0c4-ade8568daac6,ocd-bill/953f6064-7173-4551-bb5b-a7a4269491de,,New Hampshire,2020
ocd-vote/7e8b2e36-0a9e-4742-93ce-49a2ccd4ec07,,Concur,['passage'],2020-07-01T08:52:33-04:00,pass,ocd-organization/3b857974-4029-4508-94d4-ce3b86c64602,ocd-bill/a6869e5b-4dc0-4752-b98b-2cf44558f6c4,,New Hampshire,2020
ocd-vote/d099366b-03d1-4417-944f-f224862bb870,,Concur,['passage'],2020-07-01T08:54:51-04:00,pass,ocd-organization/3b857974-4029-4508-94d4-ce3b86c64602,ocd-bill/a9774e70-1234-4212-85fc-b2f5c29b3e21,,New Hampshire,2020
ocd-vote/212ed5ce-1aaf-4cbb-af65-0e6ddaf63498,,Concur,['passage'],2020-07-01T08:57:31-04:00,pass,ocd-organization/3b857974-4029-4508-94d4-ce3b86c64602,ocd-bill/97ba4c62-40f9-4f77-a218-341193ae2cd0,,New Hampshire,2020
ocd-vote/027d9c28-8e03-49d5-84a6-fda82302122e,,Concur,['passage'],2020-07-01T08:58:47-04:00,pass,ocd-organization/3b857974-4029-4508-94d4-ce3b86c64602,ocd-bill/7327379c-4363-4fc0-9b77-ced12741ac6f,,New Hampshire,2020
ocd-vote/978d3d7f-e479-4105-8837-f8a2a0394b65,,Concur,['passage'],2020-07-01T09:00:12-04:00,pass,ocd-organization/3b857974-4029-4508-94d4-ce3b86c64602,ocd-bill/74c6baeb-578b-4db1-b77d-dca20797474f,,New Hampshire,2020
ocd-vote/1f87eddc-a1e4-4a1c-a652-f493ffd036ed,,Concur,['passage'],2020-07-01T09:01:09-04:00,pass,ocd-organization/3b857974-4029-4508-94d4-ce3b86c64602,ocd-bill/3e3e971e-16ee-4aec-874f-16ac51562055,,New Hampshire,2020
ocd-vote/43290701-30ca-4772-a10c-f8da9f2aa7e2,,Concur,['passage'],2020-07-01T09:02:32-04:00,pass,ocd-organization/3b857974-4029-4508-94d4-ce3b86c64602,ocd-bill/78551f34-a333-4958-927c-63bf5a86afe6,,New Hampshire,2020
ocd-vote/7d809a31-6ac3-4f0c-a2f1-e7a06b0a6ff4,,Concur,['passage'],2020-07-01T09:03:23-04:00,pass,ocd-organization/3b857974-4029-4508-94d4-ce3b86c64602,ocd-bill/5e3ff977-6999-48d1-91ca-7f963f965f75,,New Hampshire,2020
ocd-vote/8d9cd0e3-8b05-482f-b9dc-8f675d7b6d1b,,Concur,['passage'],2020-07-01T09:04:17-04:00,pass,ocd-organization/3b857974-4029-4508-94d4-ce3b86c64602,ocd-bill/12d88926-aed0-4b1d-a9a5-aaf20c47e136,,New Hampshire,2020
ocd-vote/8c546515-a3f8-45d5-8dd8-cb91912e15fe,,Concur,['passage'],2020-07-01T09:05:00-04:00,pass,ocd-organization/3b857974-4029-4508-94d4-ce3b86c64602,ocd-bill/baeebd2a-2483-4f1c-b9ef-bc0e3e132f4e,,New Hampshire,2020
ocd-vote/9eb339ed-22d2-43cf-94ac-0b73db658630,,Concur,['passage'],2020-07-01T09:05:44-04:00,pass,ocd-organization/3b857974-4029-4508-94d4-ce3b86c64602,ocd-bill/d9ac3c06-0eae-4898-a0e6-e6e2099e8628,,New Hampshire,2020
ocd-vote/f3a6e91a-1fe4-40df-9076-2a6caa2c6422,,Concur,['passage'],2020-07-01T09:06:25-04:00,pass,ocd-organization/3b857974-4029-4508-94d4-ce3b86c64602,ocd-bill/58bcec8d-7b08-44c8-bd14-030423bed3bd,,New Hampshire,2020
ocd-vote/f8ea52df-a252-4932-b3f3-cb42c42b6df9,,Concur,['passage'],2020-07-01T09:07:18-04:00,pass,ocd-organization/3b857974-4029-4508-94d4-ce3b86c64602,ocd-bill/3c0a1530-1e5b-4130-867c-3985a09f4852,,New Hampshire,2020
ocd-vote/9c6c45ec-4ff7-48fe-9f2b-0cf6ac575883,,Concur,['passage'],2020-07-01T09:08:07-04:00,pass,ocd-organization/3b857974-4029-4508-94d4-ce3b86c64602,ocd-bill/579b4583-a300-42e7-8b5e-a837a72c525a,,New Hampshire,2020
ocd-vote/937b4a12-8e2a-44a2-a893-3c38e7ba8680,,Concur,['passage'],2020-07-01T09:08:51-04:00,pass,ocd-organization/3b857974-4029-4508-94d4-ce3b86c64602,ocd-bill/0ce75d1a-dc64-4e4a-b30d-371b48fc80e8,,New Hampshire,2020
ocd-vote/bc967edc-6a02-42a3-bc9e-13db51aa3241,,Concur,['passage'],2020-07-01T09:10:08-04:00,pass,ocd-organization/3b857974-4029-4508-94d4-ce3b86c64602,ocd-bill/c4deee7b-63d1-4ad3-a720-947c9c2a37b5,,New Hampshire,2020
ocd-vote/07896d3b-2ae6-4ea9-a800-b22ea45760bd,,Concur,['passage'],2020-07-01T09:11:00-04:00,pass,ocd-organization/3b857974-4029-4508-94d4-ce3b86c64602,ocd-bill/e1bf47df-f1f8-4a05-9273-cdb3d5e44345,,New Hampshire,2020
ocd-vote/59571abd-6e5b-487a-99aa-185085fead17,,Concur,['passage'],2020-07-01T09:11:58-04:00,pass,ocd-organization/3b857974-4029-4508-94d4-ce3b86c64602,ocd-bill/3d4043da-b525-4d98-a8a4-1589aa92dd6b,,New Hampshire,2020
ocd-vote/268f1864-afe4-4834-8e54-79ea77d4dbc7,,Concur,['passage'],2020-07-01T09:12:44-04:00,pass,ocd-organization/3b857974-4029-4508-94d4-ce3b86c64602,ocd-bill/8b7c4f5c-90de-4b4c-961d-b39dbb2979c6,,New Hampshire,2020
ocd-vote/dbd20406-c1a4-434a-af6d-7086408db365,,Concur,['passage'],2020-07-01T09:13:33-04:00,pass,ocd-organization/3b857974-4029-4508-94d4-ce3b86c64602,ocd-bill/cd7b2a20-cdf2-40fa-a0d1-730c917bda30,,New Hampshire,2020
ocd-vote/85a1cb8e-e3a5-40e8-83bd-b98d83f6ce14,,Concur,['passage'],2020-07-01T09:14:23-04:00,pass,ocd-organization/3b857974-4029-4508-94d4-ce3b86c64602,ocd-bill/b4fa9c8f-343c-4fed-a834-7183f271ab9b,,New Hampshire,2020
ocd-vote/bdb314f7-9d6d-4222-bbf9-721b623b7950,,Concur,['passage'],2020-07-01T09:15:14-04:00,pass,ocd-organization/3b857974-4029-4508-94d4-ce3b86c64602,ocd-bill/2fa597bf-c520-43c8-835b-6f2511849b8f,,New Hampshire,2020
ocd-vote/8974f7fe-62b5-42b4-ae31-45aeb3dff0ea,,Concur,['passage'],2020-07-01T09:16:12-04:00,pass,ocd-organization/3b857974-4029-4508-94d4-ce3b86c64602,ocd-bill/5e65f48d-06ec-4cb2-b1f3-56c9185fa51e,,New Hampshire,2020
ocd-vote/df319887-dc7f-4588-905d-26b430cdeef4,,Concur,['passage'],2020-07-01T09:17:23-04:00,pass,ocd-organization/3b857974-4029-4508-94d4-ce3b86c64602,ocd-bill/265732ab-e92a-4d68-a64e-44824711bb75,,New Hampshire,2020
ocd-vote/88256af7-1184-40dd-917e-7923264509c5,,Concur,['passage'],2020-07-01T09:20:02-04:00,pass,ocd-organization/3b857974-4029-4508-94d4-ce3b86c64602,ocd-bill/e13d75ef-098e-495a-a9e7-0b78b084e6db,,New Hampshire,2020
ocd-vote/5078fb33-2ddd-4c29-a23f-e601ed6a5039,,Concur,['passage'],2020-07-01T09:20:49-04:00,pass,ocd-organization/3b857974-4029-4508-94d4-ce3b86c64602,ocd-bill/e3117acb-b5d0-4b74-a24f-a6b4e534356e,,New Hampshire,2020
ocd-vote/51792b35-a370-482f-8f88-03280992c3e5,,VETO MESSAGE - Roll Call Required,['passage'],2020-09-16T00:00:00-04:00,pass,ocd-organization/c95932a0-2ac1-4f14-a0c4-ade8568daac6,ocd-bill/2047b424-ce8e-4e59-ab65-898fbdd4cf9a,,New Hampshire,2020
ocd-vote/d2c93c2d-365d-471c-93db-1c368fcf77d8,,VETO MESSAGE - Roll Call Required,['passage'],2020-09-16T00:00:00-04:00,pass,ocd-organization/c95932a0-2ac1-4f14-a0c4-ade8568daac6,ocd-bill/953f6064-7173-4551-bb5b-a7a4269491de,,New Hampshire,2020
ocd-vote/398cd816-b571-4f9d-8c07-a02b1388d272,,VETO MESSAGE - Roll Call Required,['passage'],2020-09-16T00:00:00-04:00,pass,ocd-organization/c95932a0-2ac1-4f14-a0c4-ade8568daac6,ocd-bill/2e8b1d8b-424b-46d9-bbd9-c9411b6fb492,,New Hampshire,2020
ocd-vote/e05ce5e7-0386-4fcf-ad55-3af8e7314d1d,,VETO MESSAGE - Roll Call Required,['passage'],2020-09-16T00:00:00-04:00,pass,ocd-organization/c95932a0-2ac1-4f14-a0c4-ade8568daac6,ocd-bill/d3385e91-d2f1-423c-91f7-b6e9559f285b,,New Hampshire,2020
ocd-vote/8c01d1fb-2ed1-4420-bd33-55aec2bdb7da,,VETO MESSAGE - Roll Call Required,['passage'],2020-09-16T00:00:00-04:00,pass,ocd-organization/c95932a0-2ac1-4f14-a0c4-ade8568daac6,ocd-bill/afcea61e-364b-408b-a52e-27541e4622d9,,New Hampshire,2020
ocd-vote/aa5fca02-04f4-4b7f-b7d9-e62450c04596,,Veto Override,['passage'],2020-09-17T08:18:35-04:00,pass,ocd-organization/3b857974-4029-4508-94d4-ce3b86c64602,ocd-bill/9bfc71ef-c289-4b50-9734-f957520959ac,,New Hampshire,2020
ocd-vote/9e970694-26c5-4594-b986-fa139cc9ef37,,Veto Override,['passage'],2020-09-17T08:20:24-04:00,pass,ocd-organization/3b857974-4029-4508-94d4-ce3b86c64602,ocd-bill/e1bf47df-f1f8-4a05-9273-cdb3d5e44345,,New Hampshire,2020
ocd-vote/984cbacf-e1cd-47e9-802d-5622d1c3112c,,Veto Override,['passage'],2020-09-17T08:21:25-04:00,pass,ocd-organization/3b857974-4029-4508-94d4-ce3b86c64602,ocd-bill/e3117acb-b5d0-4b74-a24f-a6b4e534356e,,New Hampshire,2020
ocd-vote/757cd8f8-8828-461d-a6b6-6d85f7408ffb,,Veto Override,['passage'],2020-09-17T08:22:27-04:00,pass,ocd-organization/3b857974-4029-4508-94d4-ce3b86c64602,ocd-bill/97ba4c62-40f9-4f77-a218-341193ae2cd0,,New Hampshire,2020
ocd-vote/6ff6e781-8c88-474c-81eb-177139b1e99e,,Veto Override,['passage'],2020-09-17T08:23:47-04:00,pass,ocd-organization/3b857974-4029-4508-94d4-ce3b86c64602,ocd-bill/22eb6e99-8fb0-40e9-8cb4-42b4fa371ff7,,New Hampshire,2020
ocd-vote/dea39852-d4e2-4a66-aa9e-cd003dfad182,,Veto Override,['passage'],2020-09-17T08:24:47-04:00,pass,ocd-organization/3b857974-4029-4508-94d4-ce3b86c64602,ocd-bill/aa65e5cb-6ed9-4081-9743-82cba430c4e9,,New Hampshire,2020
ocd-vote/4266ebc7-a2e2-442b-b1f3-abb8ab9e04e5,,Veto Override,['passage'],2020-09-17T08:25:52-04:00,pass,ocd-organization/3b857974-4029-4508-94d4-ce3b86c64602,ocd-bill/5e65f48d-06ec-4cb2-b1f3-56c9185fa51e,,New Hampshire,2020
ocd-vote/d563ab3a-5920-4e09-9330-6293d3e750b2,,Veto Override,['passage'],2020-09-17T08:29:20-04:00,pass,ocd-organization/3b857974-4029-4508-94d4-ce3b86c64602,ocd-bill/7327379c-4363-4fc0-9b77-ced12741ac6f,,New Hampshire,2020
ocd-vote/cfdf770b-466e-438f-bc3d-e19ee1b09ba6,,Veto Override,['passage'],2020-09-17T08:30:22-04:00,pass,ocd-organization/3b857974-4029-4508-94d4-ce3b86c64602,ocd-bill/c4deee7b-63d1-4ad3-a720-947c9c2a37b5,,New Hampshire,2020
ocd-vote/15ee60dd-0e4d-4281-8aa3-1ceb3bd04e3e,,Veto Override,['passage'],2020-09-17T08:31:25-04:00,pass,ocd-organization/3b857974-4029-4508-94d4-ce3b86c64602,ocd-bill/3d4043da-b525-4d98-a8a4-1589aa92dd6b,,New Hampshire,2020
ocd-vote/7d6c77fd-f1e6-47ec-b299-933958933942,,Veto Override,['passage'],2020-09-17T08:32:46-04:00,pass,ocd-organization/3b857974-4029-4508-94d4-ce3b86c64602,ocd-bill/2fa597bf-c520-43c8-835b-6f2511849b8f,,New Hampshire,2020
ocd-vote/b81401f1-727c-44f0-80f0-1a4486349faa,,Veto Override,['passage'],2020-09-17T08:33:44-04:00,pass,ocd-organization/3b857974-4029-4508-94d4-ce3b86c64602,ocd-bill/78551f34-a333-4958-927c-63bf5a86afe6,,New Hampshire,2020
ocd-vote/d284ee83-d8df-43be-a7d4-cb7ae82d3350,,Veto Override,['passage'],2020-09-17T08:34:43-04:00,pass,ocd-organization/3b857974-4029-4508-94d4-ce3b86c64602,ocd-bill/d9ac3c06-0eae-4898-a0e6-e6e2099e8628,,New Hampshire,2020
ocd-vote/6ad76dd5-a48e-4766-98ff-27001bdf4781,,Veto Override,['passage'],2020-09-17T08:35:47-04:00,pass,ocd-organization/3b857974-4029-4508-94d4-ce3b86c64602,ocd-bill/0ce75d1a-dc64-4e4a-b30d-371b48fc80e8,,New Hampshire,2020
ocd-vote/3b18e62a-33d1-4720-b1d6-79ae2987ab9d,,Veto Override,['passage'],2020-09-17T08:36:48-04:00,pass,ocd-organization/3b857974-4029-4508-94d4-ce3b86c64602,ocd-bill/47d377ec-2924-42de-a890-2884a6c7b3c8,,New Hampshire,2020
ocd-vote/f850311a-0cd4-4f4e-8cc5-9c35f49cf172,,Veto Override,['passage'],2020-09-17T08:37:40-04:00,pass,ocd-organization/3b857974-4029-4508-94d4-ce3b86c64602,ocd-bill/a0a8f63b-95f8-4a65-a347-b1ca906fdf7e,,New Hampshire,2020
ocd-vote/808193f5-55d1-4eb7-b525-ff4695c2b849,,Veto Override,['passage'],2020-09-17T08:38:34-04:00,pass,ocd-organization/3b857974-4029-4508-94d4-ce3b86c64602,ocd-bill/579b4583-a300-42e7-8b5e-a837a72c525a,,New Hampshire,2020
